player_name,position,team,team_full,jersey,injury_status,injury_type,injury_details,is_active,last_updated
Isaiah Adams,G,ARI,Arizona Cardinals,74,Healthy,,,True,2025-11-04 11:39:36
Kelvin Beachum,OT,ARI,Arizona Cardinals,68,Healthy,,,True,2025-11-04 11:39:36
Jacoby Brissett,QB,ARI,Arizona Cardinals,7,Healthy,,,True,2025-11-04 11:39:36
Evan Brown,C,ARI,Arizona Cardinals,63,Healthy,,,True,2025-11-04 11:39:36
Michael Carter,RB,ARI,Arizona Cardinals,22,Healthy,,,True,2025-11-04 11:39:36
Josiah Deguara,TE,ARI,Arizona Cardinals,45,Healthy,,,True,2025-11-04 11:39:36
Emari Demercado,RB,ARI,Arizona Cardinals,31,Healthy,,,True,2025-11-04 11:39:36
Greg Dortch,WR,ARI,Arizona Cardinals,4,Healthy,,,True,2025-11-04 11:39:36
Simi Fehoko,WR,ARI,Arizona Cardinals,80,Healthy,,,True,2025-11-04 11:39:36
Hjalte Froholdt,G,ARI,Arizona Cardinals,72,Healthy,,,True,2025-11-04 11:39:36
Josh Fryar,OT,ARI,Arizona Cardinals,78,Healthy,,,True,2025-11-04 11:39:36
Jon Gaines II,G,ARI,Arizona Cardinals,71,Healthy,,,True,2025-11-04 11:39:36
Marvin Harrison Jr.,WR,ARI,Arizona Cardinals,18,Healthy,,,True,2025-11-04 11:39:36
Will Hernandez,G,ARI,Arizona Cardinals,76,Healthy,,,True,2025-11-04 11:39:36
Elijah Higgins,TE,ARI,Arizona Cardinals,84,Healthy,,,True,2025-11-04 11:39:36
Demontrey Jacobs,OT,ARI,Arizona Cardinals,66,Healthy,,,True,2025-11-04 11:39:36
Paris Johnson Jr.,OT,ARI,Arizona Cardinals,70,Healthy,,,True,2025-11-04 11:39:36
Zay Jones,WR,ARI,Arizona Cardinals,17,Healthy,,,True,2025-11-04 11:39:36
Bam Knight,RB,ARI,Arizona Cardinals,20,Healthy,,,True,2025-11-04 11:39:36
Trey McBride,TE,ARI,Arizona Cardinals,85,Healthy,,,True,2025-11-04 11:39:36
Kyler Murray,QB,ARI,Arizona Cardinals,1,Questionable,Unknown,,True,2025-11-04 11:39:36
Kedon Slovis,QB,ARI,Arizona Cardinals,19,Healthy,,,True,2025-11-04 11:39:36
Xavier Weaver,WR,ARI,Arizona Cardinals,89,Healthy,,,True,2025-11-04 11:39:36
Jonah Williams,OT,ARI,Arizona Cardinals,73,Healthy,,,True,2025-11-04 11:39:36
Michael Wilson,WR,ARI,Arizona Cardinals,14,Healthy,,,True,2025-11-04 11:39:36
Budda Baker,S,ARI,Arizona Cardinals,3,Healthy,,,True,2025-11-04 11:39:36
Baron Browning,LB,ARI,Arizona Cardinals,5,Healthy,,,True,2025-11-04 11:39:36
Jordan Burch,LB,ARI,Arizona Cardinals,52,Healthy,,,True,2025-11-04 11:39:36
Denzel Burke,CB,ARI,Arizona Cardinals,29,Healthy,,,True,2025-11-04 11:39:36
Calais Campbell,DT,ARI,Arizona Cardinals,93,Healthy,,,True,2025-11-04 11:39:36
Kei'Trel Clark,CB,ARI,Arizona Cardinals,13,Healthy,,,True,2025-11-04 11:39:36
Zaven Collins,LB,ARI,Arizona Cardinals,25,Healthy,,,True,2025-11-04 11:39:36
Kitan Crawford,S,ARI,Arizona Cardinals,36,Healthy,,,True,2025-11-04 11:39:36
Akeem Davis-Gaither,LB,ARI,Arizona Cardinals,27,Healthy,,,True,2025-11-04 11:39:36
Will Johnson,CB,ARI,Arizona Cardinals,0,Healthy,,,True,2025-11-04 11:39:36
Elijah Jones,CB,ARI,Arizona Cardinals,28,Healthy,,,True,2025-11-04 11:39:36
Max Melton,CB,ARI,Arizona Cardinals,16,Questionable,Unknown,,True,2025-11-04 11:39:36
PJ Mustipher,DT,ARI,Arizona Cardinals,79,Healthy,,,True,2025-11-04 11:39:36
Bilal Nichols,DT,ARI,Arizona Cardinals,92,Healthy,,,True,2025-11-04 11:39:36
Walter Nolen III,DT,ARI,Arizona Cardinals,97,Healthy,,,True,2025-11-04 11:39:36
Owen Pappoe,LB,ARI,Arizona Cardinals,44,Healthy,,,True,2025-11-04 11:39:36
Darius Robinson,DE,ARI,Arizona Cardinals,56,Healthy,,,True,2025-11-04 11:39:36
Cody Simon,LB,ARI,Arizona Cardinals,50,Healthy,,,True,2025-11-04 11:39:36
Dante Stills,DT,ARI,Arizona Cardinals,55,Healthy,,,True,2025-11-04 11:39:36
Josh Sweat,LB,ARI,Arizona Cardinals,10,Healthy,,,True,2025-11-04 11:39:36
Dadrion Taylor-Demerson,S,ARI,Arizona Cardinals,42,Healthy,,,True,2025-11-04 11:39:36
Xavier Thomas,LB,ARI,Arizona Cardinals,54,Healthy,,,True,2025-11-04 11:39:36
Jalen Thompson,S,ARI,Arizona Cardinals,34,Healthy,,,True,2025-11-04 11:39:36
Dalvin Tomlinson,DT,ARI,Arizona Cardinals,94,Healthy,,,True,2025-11-04 11:39:36
Garrett Williams,CB,ARI,Arizona Cardinals,21,Healthy,,,True,2025-11-04 11:39:36
Mack Wilson Sr.,LB,ARI,Arizona Cardinals,2,Questionable,Unknown,,True,2025-11-04 11:39:36
Aaron Brewer,LS,ARI,Arizona Cardinals,46,Healthy,,,True,2025-11-04 11:39:36
Pat O'Donnell,P,ARI,Arizona Cardinals,39,Healthy,,,True,2025-11-04 11:39:36
Chad Ryland,PK,ARI,Arizona Cardinals,38,Healthy,,,True,2025-11-04 11:39:36
Trey Benson,RB,ARI,Arizona Cardinals,33,Injured Reserve,Unknown,,False,2025-11-04 11:39:36
Joey Blount,S,ARI,Arizona Cardinals,32,Injured Reserve,Unknown,,False,2025-11-04 11:39:36
L.J. Collier,DE,ARI,Arizona Cardinals,91,Injured Reserve,Unknown,,False,2025-11-04 11:39:36
Hayden Conner,G,ARI,Arizona Cardinals,58,Injured Reserve,Unknown,,False,2025-11-04 11:39:36
James Conner,RB,ARI,Arizona Cardinals,6,Injured Reserve,Unknown,,False,2025-11-04 11:39:36
Blake Gillikin,P,ARI,Arizona Cardinals,12,Injured Reserve,Unknown,,False,2025-11-04 11:39:36
Christian Jones,OT,ARI,Arizona Cardinals,75,Injured Reserve,Unknown,,False,2025-11-04 11:39:36
Justin Jones,DT,ARI,Arizona Cardinals,98,Injured Reserve,Unknown,,False,2025-11-04 11:39:36
Sean Murphy-Bunting,CB,ARI,Arizona Cardinals,23,Out,Unknown,,False,2025-11-04 11:39:36
BJ Ojulari,LB,ARI,Arizona Cardinals,9,Out,Unknown,,False,2025-11-04 11:39:36
Tip Reiman,TE,ARI,Arizona Cardinals,87,Injured Reserve,Unknown,,False,2025-11-04 11:39:36
J.J. Russell,LB,ARI,Arizona Cardinals,51,Injured Reserve,Unknown,,False,2025-11-04 11:39:36
Valentin Senn,OT,ARI,Arizona Cardinals,69,Injured Reserve,Unknown,,False,2025-11-04 11:39:36
Starling Thomas V,CB,ARI,Arizona Cardinals,24,Injured Reserve,Unknown,,False,2025-11-04 11:39:36
Travis Vokolek,TE,ARI,Arizona Cardinals,81,Injured Reserve,Unknown,,False,2025-11-04 11:39:36
Chigozie Anusiem,CB,ARI,Arizona Cardinals,,Healthy,,,True,2025-11-04 11:39:36
Andre Baccellia,WR,ARI,Arizona Cardinals,82,Healthy,,,True,2025-11-04 11:39:36
Jared Bartlett,LB,ARI,Arizona Cardinals,,Healthy,,,True,2025-11-04 11:39:36
Jalen Brooks,WR,ARI,Arizona Cardinals,,Healthy,,,True,2025-11-04 11:39:36
Elliott Brown,LB,ARI,Arizona Cardinals,,Healthy,,,True,2025-11-04 11:39:36
Pharaoh Brown,TE,ARI,Arizona Cardinals,,Healthy,,,True,2025-11-04 11:39:36
Jeremiah Byers,OT,ARI,Arizona Cardinals,67,Healthy,,,True,2025-11-04 11:39:36
Zachary Carter,DT,ARI,Arizona Cardinals,90,Healthy,,,True,2025-11-04 11:39:36
Denzel Daxon,DT,ARI,Arizona Cardinals,,Healthy,,,True,2025-11-04 11:39:36
Anthony Goodlow,DE,ARI,Arizona Cardinals,95,Healthy,,,True,2025-11-04 11:39:36
Darren Hall,CB,ARI,Arizona Cardinals,30,Healthy,,,True,2025-11-04 11:39:36
Jermar Jefferson,RB,ARI,Arizona Cardinals,,Healthy,,,True,2025-11-04 11:39:36
Nick Leverett,G,ARI,Arizona Cardinals,60,Healthy,,,True,2025-11-04 11:39:36
Tejhaun Palmer,WR,ARI,Arizona Cardinals,83,Healthy,,,True,2025-11-04 11:39:36
Messiah Swinson,TE,ARI,Arizona Cardinals,,Healthy,,,True,2025-11-04 11:39:36
Channing Tindall,LB,ARI,Arizona Cardinals,,Healthy,,,True,2025-11-04 11:39:36
Jamal Agnew,WR,ATL,Atlanta Falcons,14,Healthy,,,True,2025-11-04 11:39:36
Tyler Allgeier,RB,ATL,Atlanta Falcons,25,Healthy,,,True,2025-11-04 11:39:36
Matthew Bergeron,G,ATL,Atlanta Falcons,65,Questionable,Unknown,,True,2025-11-04 11:39:36
Nathan Carter,RB,ATL,Atlanta Falcons,38,Healthy,,,True,2025-11-04 11:39:36
Kirk Cousins,QB,ATL,Atlanta Falcons,18,Healthy,,,True,2025-11-04 11:39:36
Feleipe Franks,TE,ATL,Atlanta Falcons,84,Healthy,,,True,2025-11-04 11:39:36
Jovaughn Gwyn,G,ATL,Atlanta Falcons,52,Healthy,,,True,2025-11-04 11:39:36
Kyle Hinton,G,ATL,Atlanta Falcons,68,Healthy,,,True,2025-11-04 11:39:36
KhaDarel Hodge,WR,ATL,Atlanta Falcons,4,Healthy,,,True,2025-11-04 11:39:36
Michael Jerrell,OT,ATL,Atlanta Falcons,72,Healthy,,,True,2025-11-04 11:39:36
Chris Lindstrom,G,ATL,Atlanta Falcons,63,Questionable,Unknown,,True,2025-11-04 11:39:36
Drake London,WR,ATL,Atlanta Falcons,5,Healthy,,,True,2025-11-04 11:39:36
Jake Matthews,OT,ATL,Atlanta Falcons,70,Healthy,,,True,2025-11-04 11:39:36
Darnell Mooney,WR,ATL,Atlanta Falcons,1,Healthy,,,True,2025-11-04 11:39:36
Jack Nelson,OT,ATL,Atlanta Falcons,69,Healthy,,,True,2025-11-04 11:39:36
Ryan Neuzil,G,ATL,Atlanta Falcons,64,Healthy,,,True,2025-11-04 11:39:36
Michael Penix Jr.,QB,ATL,Atlanta Falcons,9,Healthy,,,True,2025-11-04 11:39:36
Kyle Pitts Sr.,TE,ATL,Atlanta Falcons,8,Healthy,,,True,2025-11-04 11:39:36
Teagan Quitoriano,TE,ATL,Atlanta Falcons,85,Healthy,,,True,2025-11-04 11:39:36
Bijan Robinson,RB,ATL,Atlanta Falcons,7,Healthy,,,True,2025-11-04 11:39:36
David Sills V,WR,ATL,Atlanta Falcons,87,Healthy,,,True,2025-11-04 11:39:36
Casey Washington,WR,ATL,Atlanta Falcons,82,Questionable,Unknown,,True,2025-11-04 11:39:36
Elijah Wilkinson,OT,ATL,Atlanta Falcons,71,Healthy,,,True,2025-11-04 11:39:36
Charlie Woerner,TE,ATL,Atlanta Falcons,89,Healthy,,,True,2025-11-04 11:39:36
Dee Alford,CB,ATL,Atlanta Falcons,20,Healthy,,,True,2025-11-04 11:39:36
Jessie Bates III,S,ATL,Atlanta Falcons,3,Healthy,,,True,2025-11-04 11:39:36
JD Bertrand,LB,ATL,Atlanta Falcons,40,Healthy,,,True,2025-11-04 11:39:36
Billy Bowman Jr.,S,ATL,Atlanta Falcons,33,Questionable,Unknown,,True,2025-11-04 11:39:36
Natrone Brooks,CB,ATL,Atlanta Falcons,35,Healthy,,,True,2025-11-04 11:39:36
Brandon Dorlus,DT,ATL,Atlanta Falcons,54,Healthy,,,True,2025-11-04 11:39:36
Arnold Ebiketie,LB,ATL,Atlanta Falcons,17,Healthy,,,True,2025-11-04 11:39:36
Kaden Elliss,LB,ATL,Atlanta Falcons,55,Healthy,,,True,2025-11-04 11:39:36
Leonard Floyd,DE,ATL,Atlanta Falcons,56,Questionable,Unknown,,True,2025-11-04 11:39:36
Mike Ford Jr.,CB,ATL,Atlanta Falcons,28,Healthy,,,True,2025-11-04 11:39:36
Jordan Fuller,S,ATL,Atlanta Falcons,29,Healthy,,,True,2025-11-04 11:39:36
Ta'Quon Graham,DT,ATL,Atlanta Falcons,95,Healthy,,,True,2025-11-04 11:39:36
Zach Harrison,DE,ATL,Atlanta Falcons,96,Questionable,Unknown,,True,2025-11-04 11:39:36
Ronnie Harrison Jr.,LB,ATL,Atlanta Falcons,36,Healthy,,,True,2025-11-04 11:39:36
DeMarcco Hellams,S,ATL,Atlanta Falcons,23,Healthy,,,True,2025-11-04 11:39:36
Mike Hughes,CB,ATL,Atlanta Falcons,21,Healthy,,,True,2025-11-04 11:39:36
LaCale London,DE,ATL,Atlanta Falcons,94,Healthy,,,True,2025-11-04 11:39:36
DeAngelo Malone,LB,ATL,Atlanta Falcons,51,Healthy,,,True,2025-11-04 11:39:36
David Onyemata,DT,ATL,Atlanta Falcons,90,Healthy,,,True,2025-11-04 11:39:36
Ruke Orhorhoro,DT,ATL,Atlanta Falcons,98,Healthy,,,True,2025-11-04 11:39:36
James Pearce Jr.,LB,ATL,Atlanta Falcons,27,Healthy,,,True,2025-11-04 11:39:36
Sam Roberts,DT,ATL,Atlanta Falcons,99,Healthy,,,True,2025-11-04 11:39:36
A.J. Terrell Jr.,CB,ATL,Atlanta Falcons,24,Healthy,,,True,2025-11-04 11:39:36
Jalon Walker,LB,ATL,Atlanta Falcons,11,Healthy,,,True,2025-11-04 11:39:36
Xavier Watts,S,ATL,Atlanta Falcons,31,Healthy,,,True,2025-11-04 11:39:36
Josh Woods,LB,ATL,Atlanta Falcons,42,Healthy,,,True,2025-11-04 11:39:36
Liam McCullough,LS,ATL,Atlanta Falcons,49,Healthy,,,True,2025-11-04 11:39:36
Bradley Pinion,P,ATL,Atlanta Falcons,13,Healthy,,,True,2025-11-04 11:39:36
Parker Romo,PK,ATL,Atlanta Falcons,39,Healthy,,,True,2025-11-04 11:39:36
Troy Andersen,LB,ATL,Atlanta Falcons,44,Out,Unknown,,False,2025-11-04 11:39:36
Divine Deablo,LB,ATL,Atlanta Falcons,0,Injured Reserve,Unknown,,False,2025-11-04 11:39:36
Emory Jones,QB,ATL,Atlanta Falcons,15,Injured Reserve,Unknown,,False,2025-11-04 11:39:36
Kaleb McGary,OT,ATL,Atlanta Falcons,76,Injured Reserve,Unknown,,False,2025-11-04 11:39:36
Storm Norton,OT,ATL,Atlanta Falcons,77,Injured Reserve,Unknown,,False,2025-11-04 11:39:36
Clark Phillips III,CB,ATL,Atlanta Falcons,22,Injured Reserve,Unknown,,False,2025-11-04 11:39:36
Bralen Trice,LB,ATL,Atlanta Falcons,48,Injured Reserve,Unknown,,False,2025-11-04 11:39:36
Malik Verdon,S,ATL,Atlanta Falcons,43,Out,Unknown,,False,2025-11-04 11:39:36
Tyrone Wheatley Jr.,OT,ATL,Atlanta Falcons,74,Injured Reserve,Unknown,,False,2025-11-04 11:39:36
Chris Blair,WR,ATL,Atlanta Falcons,19,Healthy,,,True,2025-11-04 11:39:36
Cobee Bryant,CB,ATL,Atlanta Falcons,,Healthy,,,True,2025-11-04 11:39:36
Dylan Drummond,WR,ATL,Atlanta Falcons,81,Healthy,,,True,2025-11-04 11:39:36
Joshua Gray,G,ATL,Atlanta Falcons,,Healthy,,,True,2025-11-04 11:39:36
Ryan Hayes,OT,ATL,Atlanta Falcons,,Out,Unknown,,False,2025-11-04 11:39:36
Khalid Kareem,LB,ATL,Atlanta Falcons,,Healthy,,,True,2025-11-04 11:39:36
Lenny Krieg,PK,ATL,Atlanta Falcons,46,Healthy,,,True,2025-11-04 11:39:36
Nick Nash,WR,ATL,Atlanta Falcons,80,Healthy,,,True,2025-11-04 11:39:36
Raiqwon O'Neal,OT,ATL,Atlanta Falcons,,Healthy,,,True,2025-11-04 11:39:36
Ben Sauls,PK,ATL,Atlanta Falcons,,Healthy,,,True,2025-11-04 11:39:36
Joshua Simon,TE,ATL,Atlanta Falcons,47,Healthy,,,True,2025-11-04 11:39:36
Easton Stick,QB,ATL,Atlanta Falcons,12,Healthy,,,True,2025-11-04 11:39:36
Kentavius Street,DT,ATL,Atlanta Falcons,93,Healthy,,,True,2025-11-04 11:39:36
Keith Taylor,CB,ATL,Atlanta Falcons,32,Healthy,,,True,2025-11-04 11:39:36
Deven Thompkins,WR,ATL,Atlanta Falcons,83,Healthy,,,True,2025-11-04 11:39:36
Carter Warren,OT,ATL,Atlanta Falcons,,Healthy,,,True,2025-11-04 11:39:36
Carlos Washington Jr.,RB,ATL,Atlanta Falcons,26,Healthy,,,True,2025-11-04 11:39:36
A.J. Woods,CB,ATL,Atlanta Falcons,,Healthy,,,True,2025-11-04 11:39:36
Rasheen Ali,RB,BAL,Baltimore Ravens,26,Healthy,,,True,2025-11-04 11:39:36
Mark Andrews,TE,BAL,Baltimore Ravens,89,Healthy,,,True,2025-11-04 11:39:36
Rashod Bateman,WR,BAL,Baltimore Ravens,7,Healthy,,,True,2025-11-04 11:39:36
Corey Bullock,C,BAL,Baltimore Ravens,67,Healthy,,,True,2025-11-04 11:39:36
Ben Cleveland,G,BAL,Baltimore Ravens,66,Healthy,,,True,2025-11-04 11:39:36
Daniel Faalele,G,BAL,Baltimore Ravens,77,Healthy,,,True,2025-11-04 11:39:36
Zay Flowers,WR,BAL,Baltimore Ravens,4,Healthy,,,True,2025-11-04 11:39:36
Derrick Henry,RB,BAL,Baltimore Ravens,22,Healthy,,,True,2025-11-04 11:39:36
Justice Hill,RB,BAL,Baltimore Ravens,43,Healthy,,,True,2025-11-04 11:39:36
DeAndre Hopkins,WR,BAL,Baltimore Ravens,10,Healthy,,,True,2025-11-04 11:39:36
Tyler Huntley,QB,BAL,Baltimore Ravens,5,Healthy,,,True,2025-11-04 11:39:36
Lamar Jackson,QB,BAL,Baltimore Ravens,8,Healthy,,,True,2025-11-04 11:39:36
Emery Jones Jr.,OT,BAL,Baltimore Ravens,51,Healthy,,,True,2025-11-04 11:39:36
Charlie Kolar,TE,BAL,Baltimore Ravens,88,Healthy,,,True,2025-11-04 11:39:36
Isaiah Likely,TE,BAL,Baltimore Ravens,80,Healthy,,,True,2025-11-04 11:39:36
Tyler Linderbaum,C,BAL,Baltimore Ravens,64,Healthy,,,True,2025-11-04 11:39:36
Keaton Mitchell,RB,BAL,Baltimore Ravens,34,Healthy,,,True,2025-11-04 11:39:36
Joseph Noteboom,OT,BAL,Baltimore Ravens,68,Healthy,,,True,2025-11-04 11:39:36
Patrick Ricard,FB,BAL,Baltimore Ravens,42,Healthy,,,True,2025-11-04 11:39:36
Roger Rosengarten,OT,BAL,Baltimore Ravens,70,Healthy,,,True,2025-11-04 11:39:36
Cooper Rush,QB,BAL,Baltimore Ravens,15,Healthy,,,True,2025-11-04 11:39:36
Ronnie Stanley,OT,BAL,Baltimore Ravens,79,Healthy,,,True,2025-11-04 11:39:36
Carson Vinson,OT,BAL,Baltimore Ravens,71,Healthy,,,True,2025-11-04 11:39:36
Andrew Vorhees,G,BAL,Baltimore Ravens,72,Healthy,,,True,2025-11-04 11:39:36
Devontez Walker,WR,BAL,Baltimore Ravens,81,Healthy,,,True,2025-11-04 11:39:36
Tylan Wallace,WR,BAL,Baltimore Ravens,16,Healthy,,,True,2025-11-04 11:39:36
LaJohntay Wester,WR,BAL,Baltimore Ravens,83,Healthy,,,True,2025-11-04 11:39:36
Chidobe Awuzie,CB,BAL,Baltimore Ravens,3,Healthy,,,True,2025-11-04 11:39:36
Teddye Buchanan,LB,BAL,Baltimore Ravens,40,Healthy,,,True,2025-11-04 11:39:36
Alohi Gilman,S,BAL,Baltimore Ravens,12,Healthy,,,True,2025-11-04 11:39:36
Mike Green,LB,BAL,Baltimore Ravens,45,Healthy,,,True,2025-11-04 11:39:36
Kyle Hamilton,S,BAL,Baltimore Ravens,14,Healthy,,,True,2025-11-04 11:39:36
Jay Higgins IV,LB,BAL,Baltimore Ravens,49,Healthy,,,True,2025-11-04 11:39:36
Jake Hummel,LB,BAL,Baltimore Ravens,35,Healthy,,,True,2025-11-04 11:39:36
Marlon Humphrey,CB,BAL,Baltimore Ravens,44,Healthy,,,True,2025-11-04 11:39:36
John Jenkins,DT,BAL,Baltimore Ravens,94,Healthy,,,True,2025-11-04 11:39:36
Dre'Mont Jones,LB,BAL,Baltimore Ravens,,Healthy,,,True,2025-11-04 11:39:36
Travis Jones,DT,BAL,Baltimore Ravens,98,Healthy,,,True,2025-11-04 11:39:36
Sanoussi Kane,S,BAL,Baltimore Ravens,21,Healthy,,,True,2025-11-04 11:39:36
Keyon Martin,CB,BAL,Baltimore Ravens,38,Healthy,,,True,2025-11-04 11:39:36
David Ojabo,LB,BAL,Baltimore Ravens,90,Healthy,,,True,2025-11-04 11:39:36
CJ Okoye,DT,BAL,Baltimore Ravens,91,Healthy,,,True,2025-11-04 11:39:36
Aeneas Peebles,DT,BAL,Baltimore Ravens,93,Healthy,,,True,2025-11-04 11:39:36
Trenton Simpson,LB,BAL,Baltimore Ravens,32,Healthy,,,True,2025-11-04 11:39:36
Roquan Smith,LB,BAL,Baltimore Ravens,0,Healthy,,,True,2025-11-04 11:39:36
Malaki Starks,S,BAL,Baltimore Ravens,24,Healthy,,,True,2025-11-04 11:39:36
T.J. Tampa,CB,BAL,Baltimore Ravens,27,Healthy,,,True,2025-11-04 11:39:36
Brent Urban,DE,BAL,Baltimore Ravens,97,Healthy,,,True,2025-11-04 11:39:36
Kyle Van Noy,LB,BAL,Baltimore Ravens,53,Healthy,,,True,2025-11-04 11:39:36
Nate Wiggins,CB,BAL,Baltimore Ravens,2,Healthy,,,True,2025-11-04 11:39:36
Tyler Loop,PK,BAL,Baltimore Ravens,33,Healthy,,,True,2025-11-04 11:39:36
Nick Moore,LS,BAL,Baltimore Ravens,46,Healthy,,,True,2025-11-04 11:39:36
Jordan Stout,P,BAL,Baltimore Ravens,11,Healthy,,,True,2025-11-04 11:39:36
Adisa Isaac,LB,BAL,Baltimore Ravens,50,Injured Reserve,Unknown,,False,2025-11-04 11:39:36
Bilhal Kone,CB,BAL,Baltimore Ravens,31,Injured Reserve,Unknown,,False,2025-11-04 11:39:36
Robert Longerbeam,CB,BAL,Baltimore Ravens,37,Injured Reserve,Unknown,,False,2025-11-04 11:39:36
Nnamdi Madubuike,DT,BAL,Baltimore Ravens,92,Injured Reserve,Unknown,,False,2025-11-04 11:39:36
Tavius Robinson,LB,BAL,Baltimore Ravens,95,Injured Reserve,Unknown,,False,2025-11-04 11:39:36
Dayton Wade,WR,BAL,Baltimore Ravens,82,Injured Reserve,Unknown,,False,2025-11-04 11:39:36
Ar'Darius Washington,S,BAL,Baltimore Ravens,29,Out,Unknown,,False,2025-11-04 11:39:36
Broderick Washington Jr.,DT,BAL,Baltimore Ravens,96,Injured Reserve,Unknown,,False,2025-11-04 11:39:36
Taven Bryan,DT,BAL,Baltimore Ravens,58,Healthy,,,True,2025-11-04 11:39:36
Kenyon Green,G,BAL,Baltimore Ravens,,Healthy,,,True,2025-11-04 11:39:36
Malik Hamm,LB,BAL,Baltimore Ravens,,Healthy,,,True,2025-11-04 11:39:36
Keondre Jackson,S,BAL,Baltimore Ravens,39,Healthy,,,True,2025-11-04 11:39:36
Cornelius Johnson,WR,BAL,Baltimore Ravens,,Healthy,,,True,2025-11-04 11:39:36
Keith Kirkwood,WR,BAL,Baltimore Ravens,18,Healthy,,,True,2025-11-04 11:39:36
Carl Lawson,DE,BAL,Baltimore Ravens,,Healthy,,,True,2025-11-04 11:39:36
Gerad Lichtenhan,OT,BAL,Baltimore Ravens,78,Healthy,,,True,2025-11-04 11:39:36
Chandler Martin,LB,BAL,Baltimore Ravens,48,Healthy,,,True,2025-11-04 11:39:36
David Olajiga,DT,BAL,Baltimore Ravens,,Healthy,,,True,2025-11-04 11:39:36
Amani Oruwariye,CB,BAL,Baltimore Ravens,,Healthy,,,True,2025-11-04 11:39:36
Jared Penning,G,BAL,Baltimore Ravens,63,Healthy,,,True,2025-11-04 11:39:36
Marquise Robinson,CB,BAL,Baltimore Ravens,28,Healthy,,,True,2025-11-04 11:39:36
Kaimon Rucker,LB,BAL,Baltimore Ravens,56,Healthy,,,True,2025-11-04 11:39:36
Lucas Scott,FB,BAL,Baltimore Ravens,47,Healthy,,,True,2025-11-04 11:39:36
Josh Tupou,DT,BAL,Baltimore Ravens,69,Healthy,,,True,2025-11-04 11:39:36
Josh Allen,QB,BUF,Buffalo Bills,17,Healthy,,,True,2025-11-04 11:39:36
Alec Anderson,OT,BUF,Buffalo Bills,70,Healthy,,,True,2025-11-04 11:39:36
Spencer Brown,OT,BUF,Buffalo Bills,79,Healthy,,,True,2025-11-04 11:39:36
Keon Coleman,WR,BUF,Buffalo Bills,0,Healthy,,,True,2025-11-04 11:39:36
James Cook III,RB,BUF,Buffalo Bills,4,Healthy,,,True,2025-11-04 11:39:36
Ray Davis,RB,BUF,Buffalo Bills,22,Healthy,,,True,2025-11-04 11:39:36
Dion Dawkins,OT,BUF,Buffalo Bills,73,Healthy,,,True,2025-11-04 11:39:36
David Edwards,G,BUF,Buffalo Bills,76,Healthy,,,True,2025-11-04 11:39:36
Reggie Gilliam,FB,BUF,Buffalo Bills,41,Healthy,,,True,2025-11-04 11:39:36
Jackson Hawes,TE,BUF,Buffalo Bills,85,Healthy,,,True,2025-11-04 11:39:36
Ty Johnson,RB,BUF,Buffalo Bills,26,Healthy,,,True,2025-11-04 11:39:36
Dalton Kincaid,TE,BUF,Buffalo Bills,86,Healthy,,,True,2025-11-04 11:39:36
Dawson Knox,TE,BUF,Buffalo Bills,88,Healthy,,,True,2025-11-04 11:39:36
Chase Lundt,OT,BUF,Buffalo Bills,77,Healthy,,,True,2025-11-04 11:39:36
Connor McGovern,G,BUF,Buffalo Bills,66,Healthy,,,True,2025-11-04 11:39:36
Elijah Moore,WR,BUF,Buffalo Bills,18,Healthy,,,True,2025-11-04 11:39:36
Joshua Palmer,WR,BUF,Buffalo Bills,5,Questionable,Unknown,,True,2025-11-04 11:39:36
Curtis Samuel,WR,BUF,Buffalo Bills,1,Healthy,,,True,2025-11-04 11:39:36
Khalil Shakir,WR,BUF,Buffalo Bills,10,Healthy,,,True,2025-11-04 11:39:36
Tyrell Shavers,WR,BUF,Buffalo Bills,14,Healthy,,,True,2025-11-04 11:39:36
O'Cyrus Torrence,G,BUF,Buffalo Bills,64,Healthy,,,True,2025-11-04 11:39:36
Mitchell Trubisky,QB,BUF,Buffalo Bills,11,Healthy,,,True,2025-11-04 11:39:36
Ryan Van Demark,OT,BUF,Buffalo Bills,74,Healthy,,,True,2025-11-04 11:39:36
Sedrick Van Pran-Granger,C,BUF,Buffalo Bills,62,Healthy,,,True,2025-11-04 11:39:36
Joe Andreessen,LB,BUF,Buffalo Bills,44,Healthy,,,True,2025-11-04 11:39:36
Christian Benford,CB,BUF,Buffalo Bills,47,Healthy,,,True,2025-11-04 11:39:36
Terrel Bernard,LB,BUF,Buffalo Bills,8,Healthy,,,True,2025-11-04 11:39:36
Cole Bishop,S,BUF,Buffalo Bills,24,Healthy,,,True,2025-11-04 11:39:36
Joey Bosa,DE,BUF,Buffalo Bills,97,Healthy,,,True,2025-11-04 11:39:36
Brandon Codrington,CB,BUF,Buffalo Bills,29,Healthy,,,True,2025-11-04 11:39:36
AJ Epenesa,DE,BUF,Buffalo Bills,57,Healthy,,,True,2025-11-04 11:39:36
Sam Franklin Jr.,S,BUF,Buffalo Bills,28,Healthy,,,True,2025-11-04 11:39:36
Maxwell Hairston,CB,BUF,Buffalo Bills,31,Healthy,,,True,2025-11-04 11:39:36
Jordan Hancock,CB,BUF,Buffalo Bills,37,Healthy,,,True,2025-11-04 11:39:36
Ja'Marcus Ingram,CB,BUF,Buffalo Bills,46,Healthy,,,True,2025-11-04 11:39:36
Landon Jackson,DE,BUF,Buffalo Bills,94,Healthy,,,True,2025-11-04 11:39:36
Taron Johnson,CB,BUF,Buffalo Bills,7,Questionable,Unknown,,True,2025-11-04 11:39:36
DaQuan Jones,DT,BUF,Buffalo Bills,92,Questionable,Unknown,,True,2025-11-04 11:39:36
Cam Lewis,CB,BUF,Buffalo Bills,39,Healthy,,,True,2025-11-04 11:39:36
Matt Milano,LB,BUF,Buffalo Bills,58,Healthy,,,True,2025-11-04 11:39:36
Larry Ogunjobi,DT,BUF,Buffalo Bills,99,Healthy,,,True,2025-11-04 11:39:36
Jordan Phillips,DT,BUF,Buffalo Bills,52,Healthy,,,True,2025-11-04 11:39:36
Jordan Poyer,S,BUF,Buffalo Bills,21,Healthy,,,True,2025-11-04 11:39:36
Greg Rousseau,DE,BUF,Buffalo Bills,50,Healthy,,,True,2025-11-04 11:39:36
Javon Solomon,DE,BUF,Buffalo Bills,56,Healthy,,,True,2025-11-04 11:39:36
Shaq Thompson,LB,BUF,Buffalo Bills,45,Questionable,Unknown,,True,2025-11-04 11:39:36
Deone Walker,DT,BUF,Buffalo Bills,96,Healthy,,,True,2025-11-04 11:39:36
Tre'Davious White,CB,BUF,Buffalo Bills,27,Healthy,,,True,2025-11-04 11:39:36
Dorian Williams,LB,BUF,Buffalo Bills,42,Healthy,,,True,2025-11-04 11:39:36
Reid Ferguson,LS,BUF,Buffalo Bills,69,Healthy,,,True,2025-11-04 11:39:36
Matt Prater,PK,BUF,Buffalo Bills,15,Healthy,,,True,2025-11-04 11:39:36
Mitch Wishnowsky,P,BUF,Buffalo Bills,19,Healthy,,,True,2025-11-04 11:39:36
Tyler Bass,PK,BUF,Buffalo Bills,2,Injured Reserve,Unknown,,False,2025-11-04 11:39:36
DeWayne Carter,DT,BUF,Buffalo Bills,90,Injured Reserve,Unknown,,False,2025-11-04 11:39:36
Tylan Grable,OT,BUF,Buffalo Bills,68,Injured Reserve,Unknown,,False,2025-11-04 11:39:36
Damar Hamlin,S,BUF,Buffalo Bills,3,Injured Reserve,Unknown,,False,2025-11-04 11:39:36
Michael Hoecht,DE,BUF,Buffalo Bills,55,Injured Reserve,Unknown,,False,2025-11-04 11:39:36
Cameron Johnston,P,BUF,Buffalo Bills,16,Injured Reserve,Unknown,,False,2025-11-04 11:39:36
Ed Oliver,DT,BUF,Buffalo Bills,91,Injured Reserve,Unknown,,False,2025-11-04 11:39:36
Wande Owens,S,BUF,Buffalo Bills,30,Injured Reserve,Unknown,,False,2025-11-04 11:39:36
Taylor Rapp,S,BUF,Buffalo Bills,9,Injured Reserve,Unknown,,False,2025-11-04 11:39:36
T.J. Sanders,DT,BUF,Buffalo Bills,98,Injured Reserve,Unknown,,False,2025-11-04 11:39:36
Dorian Strong,CB,BUF,Buffalo Bills,43,Injured Reserve,Unknown,,False,2025-11-04 11:39:36
Tommy Akingbesote,DB,BUF,Buffalo Bills,,Healthy,,,True,2025-11-04 11:39:36
Nick Broeker,G,BUF,Buffalo Bills,67,Healthy,,,True,2025-11-04 11:39:36
Shane Buechele,QB,BUF,Buffalo Bills,6,Healthy,,,True,2025-11-04 11:39:36
Jimmy Ciarlo,LB,BUF,Buffalo Bills,35,Healthy,,,True,2025-11-04 11:39:36
Travis Clayton,OT,BUF,Buffalo Bills,67,Healthy,,,True,2025-11-04 11:39:36
Gabe Davis,WR,BUF,Buffalo Bills,,Healthy,,,True,2025-11-04 11:39:36
Frank Gore Jr.,RB,BUF,Buffalo Bills,20,Healthy,,,True,2025-11-04 11:39:36
Stephen Gosnell,WR,BUF,Buffalo Bills,89,Healthy,,,True,2025-11-04 11:39:36
Kendrick Green,C,BUF,Buffalo Bills,53,Healthy,,,True,2025-11-04 11:39:36
Dane Jackson,CB,BUF,Buffalo Bills,23,Healthy,,,True,2025-11-04 11:39:36
Keonta Jenkins,LB,BUF,Buffalo Bills,49,Healthy,,,True,2025-11-04 11:39:36
Andre Jones Jr.,DE,BUF,Buffalo Bills,,Healthy,,,True,2025-11-04 11:39:36
Keleki Latu,TE,BUF,Buffalo Bills,83,Healthy,,,True,2025-11-04 11:39:36
Zion Logue,DT,BUF,Buffalo Bills,93,Healthy,,,True,2025-11-04 11:39:36
Phidarian Mathis,DT,BUF,Buffalo Bills,72,Healthy,,,True,2025-11-04 11:39:36
Baylon Spector,LB,BUF,Buffalo Bills,54,Healthy,,,True,2025-11-04 11:39:36
Kristian Wilkerson,WR,BUF,Buffalo Bills,82,Healthy,,,True,2025-11-04 11:39:36
Jalen Coker,WR,CAR,Carolina Panthers,18,Healthy,,,True,2025-11-04 11:39:36
Austin Corbett,C,CAR,Carolina Panthers,63,Healthy,,,True,2025-11-04 11:39:36
Jake Curhan,OT,CAR,Carolina Panthers,74,Healthy,,,True,2025-11-04 11:39:36
Andy Dalton,QB,CAR,Carolina Panthers,14,Healthy,,,True,2025-11-04 11:39:36
Rico Dowdle,RB,CAR,Carolina Panthers,5,Healthy,,,True,2025-11-04 11:39:36
Ikem Ekwonu,OT,CAR,Carolina Panthers,79,Healthy,,,True,2025-11-04 11:39:36
Trevor Etienne,RB,CAR,Carolina Panthers,23,Healthy,,,True,2025-11-04 11:39:36
Mitchell Evans,TE,CAR,Carolina Panthers,84,Healthy,,,True,2025-11-04 11:39:36
Jimmy Horn Jr.,WR,CAR,Carolina Panthers,15,Healthy,,,True,2025-11-04 11:39:36
Chuba Hubbard,RB,CAR,Carolina Panthers,30,Healthy,,,True,2025-11-04 11:39:36
Xavier Legette,WR,CAR,Carolina Panthers,17,Healthy,,,True,2025-11-04 11:39:36
Damien Lewis,G,CAR,Carolina Panthers,68,Healthy,,,True,2025-11-04 11:39:36
Cade Mays,C,CAR,Carolina Panthers,64,Questionable,Unknown,,True,2025-11-04 11:39:36
Tetairoa McMillan,WR,CAR,Carolina Panthers,4,Healthy,,,True,2025-11-04 11:39:36
James Mitchell,TE,CAR,Carolina Panthers,85,Healthy,,,True,2025-11-04 11:39:36
Taylor Moton,OT,CAR,Carolina Panthers,72,Healthy,,,True,2025-11-04 11:39:36
Yosh Nijman,OT,CAR,Carolina Panthers,77,Healthy,,,True,2025-11-04 11:39:36
Hunter Renfrow,WR,CAR,Carolina Panthers,13,Healthy,,,True,2025-11-04 11:39:36
Nick Samac,C,CAR,Carolina Panthers,60,Healthy,,,True,2025-11-04 11:39:36
Ja'Tavion Sanders,TE,CAR,Carolina Panthers,0,Healthy,,,True,2025-11-04 11:39:36
Brycen Tremayne,WR,CAR,Carolina Panthers,87,Healthy,,,True,2025-11-04 11:39:36
Tommy Tremble,TE,CAR,Carolina Panthers,82,Healthy,,,True,2025-11-04 11:39:36
Mike White,QB,CAR,Carolina Panthers,16,Healthy,,,True,2025-11-04 11:39:36
Bryce Young,QB,CAR,Carolina Panthers,9,Healthy,,,True,2025-11-04 11:39:36
Chandler Zavala,G,CAR,Carolina Panthers,62,Questionable,Unknown,,True,2025-11-04 11:39:36
Derrick Brown,DE,CAR,Carolina Panthers,95,Healthy,,,True,2025-11-04 11:39:36
Bobby Brown III,DT,CAR,Carolina Panthers,97,Healthy,,,True,2025-11-04 11:39:36
Claudin Cherelus,LB,CAR,Carolina Panthers,53,Healthy,,,True,2025-11-04 11:39:36
Akayleb Evans,CB,CAR,Carolina Panthers,29,Healthy,,,True,2025-11-04 11:39:36
Trevis Gipson,LB,CAR,Carolina Panthers,52,Healthy,,,True,2025-11-04 11:39:36
Jaycee Horn,CB,CAR,Carolina Panthers,8,Healthy,,,True,2025-11-04 11:39:36
Thomas Incoom,LB,CAR,Carolina Panthers,48,Healthy,,,True,2025-11-04 11:39:36
Cam Jackson,DT,CAR,Carolina Panthers,92,Healthy,,,True,2025-11-04 11:39:36
Mike Jackson,CB,CAR,Carolina Panthers,2,Healthy,,,True,2025-11-04 11:39:36
Bam Martin-Scott,LB,CAR,Carolina Panthers,57,Healthy,,,True,2025-11-04 11:39:36
Tre'von Moehrig,S,CAR,Carolina Panthers,7,Healthy,,,True,2025-11-04 11:39:36
Maema Njongmeta,LB,CAR,Carolina Panthers,55,Healthy,,,True,2025-11-04 11:39:36
Lathan Ransom,S,CAR,Carolina Panthers,22,Healthy,,,True,2025-11-04 11:39:36
LaBryan Ray,DE,CAR,Carolina Panthers,93,Healthy,,,True,2025-11-04 11:39:36
Demani Richardson,S,CAR,Carolina Panthers,36,Healthy,,,True,2025-11-04 11:39:36
A'Shawn Robinson,DE,CAR,Carolina Panthers,94,Healthy,,,True,2025-11-04 11:39:36
Christian Rozeboom,LB,CAR,Carolina Panthers,56,Healthy,,,True,2025-11-04 11:39:36
Nick Scott,S,CAR,Carolina Panthers,21,Healthy,,,True,2025-11-04 11:39:36
Nic Scourton,LB,CAR,Carolina Panthers,11,Healthy,,,True,2025-11-04 11:39:36
Chau Smith-Wade,CB,CAR,Carolina Panthers,26,Healthy,,,True,2025-11-04 11:39:36
Corey Thornton,CB,CAR,Carolina Panthers,31,Healthy,,,True,2025-11-04 11:39:36
Princely Umanmielen,LB,CAR,Carolina Panthers,3,Questionable,Unknown,,True,2025-11-04 11:39:36
Trevin Wallace,LB,CAR,Carolina Panthers,32,Healthy,,,True,2025-11-04 11:39:36
Tershawn Wharton,DT,CAR,Carolina Panthers,99,Healthy,,,True,2025-11-04 11:39:36
D.J. Wonnum,LB,CAR,Carolina Panthers,98,Healthy,,,True,2025-11-04 11:39:36
Ryan Fitzgerald,PK,CAR,Carolina Panthers,10,Healthy,,,True,2025-11-04 11:39:36
JJ Jansen,LS,CAR,Carolina Panthers,44,Healthy,,,True,2025-11-04 11:39:36
Sam Martin,P,CAR,Carolina Panthers,6,Healthy,,,True,2025-11-04 11:39:36
Popo Aumavae,DT,CAR,Carolina Panthers,78,Injured Reserve,Unknown,,False,2025-11-04 11:39:36
Jonathon Brooks,RB,CAR,Carolina Panthers,24,Out,Unknown,,False,2025-11-04 11:39:36
Brady Christensen,G,CAR,Carolina Panthers,70,Injured Reserve,Unknown,,False,2025-11-04 11:39:36
Robert Hunt,G,CAR,Carolina Panthers,50,Injured Reserve,Unknown,,False,2025-11-04 11:39:36
Patrick Jones II,LB,CAR,Carolina Panthers,91,Injured Reserve,Unknown,,False,2025-11-04 11:39:36
Damarri Mathis,CB,CAR,Carolina Panthers,28,Injured Reserve,Unknown,,False,2025-11-04 11:39:36
David Moore,WR,CAR,Carolina Panthers,83,Injured Reserve,Unknown,,False,2025-11-04 11:39:36
Krys Barnes,LB,CAR,Carolina Panthers,40,Healthy,,,True,2025-11-04 11:39:36
Boogie Basham,LB,CAR,Carolina Panthers,54,Healthy,,,True,2025-11-04 11:39:36
Saahdiq Charles,G,CAR,Carolina Panthers,78,Healthy,,,True,2025-11-04 11:39:36
Dan Chisena,WR,CAR,Carolina Panthers,88,Healthy,,,True,2025-11-04 11:39:36
Jaden Crumedy,DT,CAR,Carolina Panthers,96,Healthy,,,True,2025-11-04 11:39:36
Jared Harrison-Hunte,DE,CAR,Carolina Panthers,,Healthy,,,True,2025-11-04 11:39:36
Hendon Hooker,QB,CAR,Carolina Panthers,12,Healthy,,,True,2025-11-04 11:39:36
Kalen King,CB,CAR,Carolina Panthers,,Healthy,,,True,2025-11-04 11:39:36
Jeremiah Moon,LB,CAR,Carolina Panthers,49,Healthy,,,True,2025-11-04 11:39:36
Mapalo Mwansa,LB,CAR,Carolina Panthers,58,Healthy,,,True,2025-11-04 11:39:36
Bryce Pierre,TE,CAR,Carolina Panthers,45,Healthy,,,True,2025-11-04 11:39:36
Ja'seem Reed,WR,CAR,Carolina Panthers,88,Healthy,,,True,2025-11-04 11:39:36
Ainias Smith,WR,CAR,Carolina Panthers,,Healthy,,,True,2025-11-04 11:39:36
Michael Tarquin,OT,CAR,Carolina Panthers,,Healthy,,,True,2025-11-04 11:39:36
Trevian Thomas,S,CAR,Carolina Panthers,42,Healthy,,,True,2025-11-04 11:39:36
Anthony Tyus III,RB,CAR,Carolina Panthers,,Healthy,,,True,2025-11-04 11:39:36
Brandon Walton,OT,CAR,Carolina Panthers,73,Healthy,,,True,2025-11-04 11:39:36
Tyson Bagent,QB,CHI,Chicago Bears,17,Healthy,,,True,2025-11-04 11:39:36
Ryan Bates,C,CHI,Chicago Bears,71,Healthy,,,True,2025-11-04 11:39:36
Theo Benedet,G,CHI,Chicago Bears,79,Healthy,,,True,2025-11-04 11:39:36
Luther Burden III,WR,CHI,Chicago Bears,10,Questionable,Unknown,,True,2025-11-04 11:39:36
Drew Dalman,C,CHI,Chicago Bears,52,Healthy,,,True,2025-11-04 11:39:36
Devin Duvernay,WR,CHI,Chicago Bears,12,Healthy,,,True,2025-11-04 11:39:36
Travis Homer,RB,CHI,Chicago Bears,21,Healthy,,,True,2025-11-04 11:39:36
Jonah Jackson,G,CHI,Chicago Bears,73,Healthy,,,True,2025-11-04 11:39:36
Roschon Johnson,RB,CHI,Chicago Bears,23,Questionable,Unknown,,True,2025-11-04 11:39:36
Case Keenum,QB,CHI,Chicago Bears,11,Healthy,,,True,2025-11-04 11:39:36
Cole Kmet,TE,CHI,Chicago Bears,85,Questionable,Unknown,,True,2025-11-04 11:39:36
Colston Loveland,TE,CHI,Chicago Bears,84,Healthy,,,True,2025-11-04 11:39:36
Kyle Monangai,RB,CHI,Chicago Bears,25,Healthy,,,True,2025-11-04 11:39:36
DJ Moore,WR,CHI,Chicago Bears,2,Healthy,,,True,2025-11-04 11:39:36
Luke Newman,OT,CHI,Chicago Bears,65,Healthy,,,True,2025-11-04 11:39:36
Rome Odunze,WR,CHI,Chicago Bears,15,Healthy,,,True,2025-11-04 11:39:36
Durham Smythe,TE,CHI,Chicago Bears,81,Healthy,,,True,2025-11-04 11:39:36
D'Andre Swift,RB,CHI,Chicago Bears,4,Questionable,Unknown,,True,2025-11-04 11:39:36
Joe Thuney,G,CHI,Chicago Bears,62,Healthy,,,True,2025-11-04 11:39:36
Ozzy Trapilo,OT,CHI,Chicago Bears,75,Healthy,,,True,2025-11-04 11:39:36
Jahdae Walker,WR,CHI,Chicago Bears,20,Healthy,,,True,2025-11-04 11:39:36
Caleb Williams,QB,CHI,Chicago Bears,18,Healthy,,,True,2025-11-04 11:39:36
Darnell Wright,OT,CHI,Chicago Bears,58,Healthy,,,True,2025-11-04 11:39:36
Olamide Zaccheaus,WR,CHI,Chicago Bears,14,Healthy,,,True,2025-11-04 11:39:36
Andrew Billings,DT,CHI,Chicago Bears,97,Healthy,,,True,2025-11-04 11:39:36
Josh Blackwell,CB,CHI,Chicago Bears,39,Questionable,Unknown,,True,2025-11-04 11:39:36
Austin Booker,DE,CHI,Chicago Bears,94,Healthy,,,True,2025-11-04 11:39:36
Jaquan Brisker,S,CHI,Chicago Bears,9,Healthy,,,True,2025-11-04 11:39:36
Kevin Byard III,S,CHI,Chicago Bears,31,Healthy,,,True,2025-11-04 11:39:36
Gervon Dexter Sr.,DT,CHI,Chicago Bears,99,Healthy,,,True,2025-11-04 11:39:36
Tremaine Edmunds,LB,CHI,Chicago Bears,49,Healthy,,,True,2025-11-04 11:39:36
T.J. Edwards,LB,CHI,Chicago Bears,53,Healthy,,,True,2025-11-04 11:39:36
Jonathan Ford,DT,CHI,Chicago Bears,96,Healthy,,,True,2025-11-04 11:39:36
C.J. Gardner-Johnson,S,CHI,Chicago Bears,35,Healthy,,,True,2025-11-04 11:39:36
Daniel Hardy,DE,CHI,Chicago Bears,92,Healthy,,,True,2025-11-04 11:39:36
Elijah Hicks,S,CHI,Chicago Bears,22,Healthy,,,True,2025-11-04 11:39:36
Ruben Hyppolite II,LB,CHI,Chicago Bears,47,Healthy,,,True,2025-11-04 11:39:36
D'Marco Jackson,LB,CHI,Chicago Bears,48,Healthy,,,True,2025-11-04 11:39:36
Grady Jarrett,DE,CHI,Chicago Bears,50,Healthy,,,True,2025-11-04 11:39:36
Jaylon Jones,CB,CHI,Chicago Bears,33,Healthy,,,True,2025-11-04 11:39:36
Carl Jones Jr.,LB,CHI,Chicago Bears,43,Healthy,,,True,2025-11-04 11:39:36
Nick McCloud,CB,CHI,Chicago Bears,24,Healthy,,,True,2025-11-04 11:39:36
Dayo Odeyingbo,DE,CHI,Chicago Bears,55,Out,Unknown,,False,2025-11-04 11:39:36
Jonathan Owens,S,CHI,Chicago Bears,36,Healthy,,,True,2025-11-04 11:39:36
Dominique Robinson,DE,CHI,Chicago Bears,90,Questionable,Unknown,,True,2025-11-04 11:39:36
Noah Sewell,LB,CHI,Chicago Bears,44,Healthy,,,True,2025-11-04 11:39:36
Tyrique Stevenson,CB,CHI,Chicago Bears,29,Healthy,,,True,2025-11-04 11:39:36
Montez Sweat,DE,CHI,Chicago Bears,98,Healthy,,,True,2025-11-04 11:39:36
Chris Williams,DT,CHI,Chicago Bears,91,Healthy,,,True,2025-11-04 11:39:36
Nahshon Wright,CB,CHI,Chicago Bears,26,Healthy,,,True,2025-11-04 11:39:36
Scott Daly,LS,CHI,Chicago Bears,46,Healthy,,,True,2025-11-04 11:39:36
Cairo Santos,PK,CHI,Chicago Bears,8,Healthy,,,True,2025-11-04 11:39:36
Tory Taylor,P,CHI,Chicago Bears,19,Healthy,,,True,2025-11-04 11:39:36
Kiran Amegadjie,OT,CHI,Chicago Bears,72,Injured Reserve,Unknown,,False,2025-11-04 11:39:36
Zah Frazier,CB,CHI,Chicago Bears,20,Out,Unknown,,False,2025-11-04 11:39:36
Kyler Gordon,CB,CHI,Chicago Bears,6,Injured Reserve,Unknown,,False,2025-11-04 11:39:36
Deion Hankins,RB,CHI,Chicago Bears,35,Injured Reserve,Unknown,,False,2025-11-04 11:39:36
Jaylon Johnson,CB,CHI,Chicago Bears,1,Injured Reserve,Unknown,,False,2025-11-04 11:39:36
Braxton Jones,OT,CHI,Chicago Bears,70,Injured Reserve,Unknown,,False,2025-11-04 11:39:36
Amen Ogbongbemiga,LB,CHI,Chicago Bears,45,Injured Reserve,Unknown,,False,2025-11-04 11:39:36
Terell Smith,CB,CHI,Chicago Bears,32,Injured Reserve,Unknown,,False,2025-11-04 11:39:36
Shemar Turner,DT,CHI,Chicago Bears,95,Injured Reserve,Unknown,,False,2025-11-04 11:39:36
Maurice Alexander,WR,CHI,Chicago Bears,13,Healthy,,,True,2025-11-04 11:39:36
Miles Boykin,WR,CHI,Chicago Bears,80,Healthy,,,True,2025-11-04 11:39:36
Brittain Brown,RB,CHI,Chicago Bears,38,Healthy,,,True,2025-11-04 11:39:36
Stephen Carlson,TE,CHI,Chicago Bears,88,Healthy,,,True,2025-11-04 11:39:36
Dallis Flowers,CB,CHI,Chicago Bears,37,Healthy,,,True,2025-11-04 11:39:36
Jonathan Garvin,DE,CHI,Chicago Bears,96,Healthy,,,True,2025-11-04 11:39:36
Trey Hill,C,CHI,Chicago Bears,,Healthy,,,True,2025-11-04 11:39:36
Nikola Kalinic,TE,CHI,Chicago Bears,,Healthy,,,True,2025-11-04 11:39:36
Jamree Kromah,DE,CHI,Chicago Bears,,Healthy,,,True,2025-11-04 11:39:36
Dontae Manning,CB,CHI,Chicago Bears,,Healthy,,,True,2025-11-04 11:39:36
Jordan McFadden,G,CHI,Chicago Bears,,Healthy,,,True,2025-11-04 11:39:36
Jake Moody,PK,CHI,Chicago Bears,16,Healthy,,,True,2025-11-04 11:39:36
Royce Newman,G,CHI,Chicago Bears,71,Healthy,,,True,2025-11-04 11:39:36
Gervarrius Owens,S,CHI,Chicago Bears,,Healthy,,,True,2025-11-04 11:39:36
JP Richardson,WR,CHI,Chicago Bears,,Healthy,,,True,2025-11-04 11:39:36
Ricky Stromberg,C,CHI,Chicago Bears,,Healthy,,,True,2025-11-04 11:39:36
Tahj Brooks,RB,CIN,Cincinnati Bengals,25,Healthy,,,True,2025-11-04 11:39:36
Chase Brown,RB,CIN,Cincinnati Bengals,30,Healthy,,,True,2025-11-04 11:39:36
Orlando Brown Jr.,OT,CIN,Cincinnati Bengals,75,Healthy,,,True,2025-11-04 11:39:36
Jake Browning,QB,CIN,Cincinnati Bengals,6,Healthy,,,True,2025-11-04 11:39:36
Jermaine Burton,WR,CIN,Cincinnati Bengals,81,Healthy,,,True,2025-11-04 11:39:36
Ja'Marr Chase,WR,CIN,Cincinnati Bengals,1,Healthy,,,True,2025-11-04 11:39:36
Sean Clifford,QB,CIN,Cincinnati Bengals,4,Healthy,,,True,2025-11-04 11:39:36
Dylan Fairchild,G,CIN,Cincinnati Bengals,63,Healthy,,,True,2025-11-04 11:39:36
Noah Fant,TE,CIN,Cincinnati Bengals,86,Healthy,,,True,2025-11-04 11:39:36
Joe Flacco,QB,CIN,Cincinnati Bengals,16,Healthy,,,True,2025-11-04 11:39:36
Cody Ford,G,CIN,Cincinnati Bengals,61,Healthy,,,True,2025-11-04 11:39:36
Cam Grandy,TE,CIN,Cincinnati Bengals,85,Healthy,,,True,2025-11-04 11:39:36
Tee Higgins,WR,CIN,Cincinnati Bengals,5,Healthy,,,True,2025-11-04 11:39:36
Tanner Hudson,TE,CIN,Cincinnati Bengals,87,Healthy,,,True,2025-11-04 11:39:36
Andrei Iosivas,WR,CIN,Cincinnati Bengals,80,Healthy,,,True,2025-11-04 11:39:36
Charlie Jones,WR,CIN,Cincinnati Bengals,15,Healthy,,,True,2025-11-04 11:39:36
Ted Karras,C,CIN,Cincinnati Bengals,64,Healthy,,,True,2025-11-04 11:39:36
Amarius Mims,OT,CIN,Cincinnati Bengals,71,Healthy,,,True,2025-11-04 11:39:36
Lucas Patrick,G,CIN,Cincinnati Bengals,62,Healthy,,,True,2025-11-04 11:39:36
Samaje Perine,RB,CIN,Cincinnati Bengals,34,Questionable,Unknown,,True,2025-11-04 11:39:36
Dalton Risner,G,CIN,Cincinnati Bengals,66,Out,Unknown,,False,2025-11-04 11:39:36
Jalen Rivers,OT,CIN,Cincinnati Bengals,74,Healthy,,,True,2025-11-04 11:39:36
Drew Sample,TE,CIN,Cincinnati Bengals,89,Healthy,,,True,2025-11-04 11:39:36
Mitchell Tinsley,WR,CIN,Cincinnati Bengals,82,Healthy,,,True,2025-11-04 11:39:36
Tycen Anderson,S,CIN,Cincinnati Bengals,26,Healthy,,,True,2025-11-04 11:39:36
Jordan Battle,S,CIN,Cincinnati Bengals,27,Healthy,,,True,2025-11-04 11:39:36
Oren Burks,LB,CIN,Cincinnati Bengals,42,Healthy,,,True,2025-11-04 11:39:36
Barrett Carter,LB,CIN,Cincinnati Bengals,49,Healthy,,,True,2025-11-04 11:39:36
Joe Giles-Harris,LB,CIN,Cincinnati Bengals,43,Healthy,,,True,2025-11-04 11:39:36
Trey Hendrickson,DE,CIN,Cincinnati Bengals,91,Out,Unknown,,False,2025-11-04 11:39:36
B.J. Hill,DT,CIN,Cincinnati Bengals,92,Healthy,,,True,2025-11-04 11:39:36
Dax Hill,CB,CIN,Cincinnati Bengals,23,Healthy,,,True,2025-11-04 11:39:36
DJ Ivey,CB,CIN,Cincinnati Bengals,38,Healthy,,,True,2025-11-04 11:39:36
McKinnley Jackson,DT,CIN,Cincinnati Bengals,93,Healthy,,,True,2025-11-04 11:39:36
Jordan Jefferson,DT,CIN,Cincinnati Bengals,94,Healthy,,,True,2025-11-04 11:39:36
Kris Jenkins Jr.,DT,CIN,Cincinnati Bengals,90,Healthy,,,True,2025-11-04 11:39:36
Cedric Johnson,DE,CIN,Cincinnati Bengals,52,Healthy,,,True,2025-11-04 11:39:36
PJ Jules,S,CIN,Cincinnati Bengals,37,Healthy,,,True,2025-11-04 11:39:36
Demetrius Knight Jr.,LB,CIN,Cincinnati Bengals,44,Healthy,,,True,2025-11-04 11:39:36
Myles Murphy,DE,CIN,Cincinnati Bengals,99,Healthy,,,True,2025-11-04 11:39:36
Josh Newton,CB,CIN,Cincinnati Bengals,28,Healthy,,,True,2025-11-04 11:39:36
Joseph Ossai,DE,CIN,Cincinnati Bengals,58,Healthy,,,True,2025-11-04 11:39:36
Cam Sample,DE,CIN,Cincinnati Bengals,96,Healthy,,,True,2025-11-04 11:39:36
T.J. Slaton Jr.,DT,CIN,Cincinnati Bengals,98,Healthy,,,True,2025-11-04 11:39:36
Shemar Stewart,DE,CIN,Cincinnati Bengals,97,Questionable,Unknown,,True,2025-11-04 11:39:36
Geno Stone,S,CIN,Cincinnati Bengals,22,Healthy,,,True,2025-11-04 11:39:36
Cam Taylor-Britt,CB,CIN,Cincinnati Bengals,29,Healthy,,,True,2025-11-04 11:39:36
DJ Turner II,CB,CIN,Cincinnati Bengals,20,Healthy,,,True,2025-11-04 11:39:36
Logan Wilson,LB,CIN,Cincinnati Bengals,55,Out,Unknown,,False,2025-11-04 11:39:36
Marco Wilson,CB,CIN,Cincinnati Bengals,24,Out,Unknown,,False,2025-11-04 11:39:36
Evan McPherson,PK,CIN,Cincinnati Bengals,2,Healthy,,,True,2025-11-04 11:39:36
Ryan Rehkow,P,CIN,Cincinnati Bengals,8,Healthy,,,True,2025-11-04 11:39:36
William Wagner,LS,CIN,Cincinnati Bengals,46,Healthy,,,True,2025-11-04 11:39:36
Erick All Jr.,TE,CIN,Cincinnati Bengals,83,Out,Unknown,,False,2025-11-04 11:39:36
Daijahn Anthony,S,CIN,Cincinnati Bengals,33,Injured Reserve,Unknown,,False,2025-11-04 11:39:36
Joe Burrow,QB,CIN,Cincinnati Bengals,9,Injured Reserve,Unknown,,False,2025-11-04 11:39:36
Mike Gesicki,TE,CIN,Cincinnati Bengals,88,Injured Reserve,Unknown,,False,2025-11-04 11:39:36
Shaka Heyward,LB,CIN,Cincinnati Bengals,50,Injured Reserve,Unknown,,False,2025-11-04 11:39:36
Matt Lee,C,CIN,Cincinnati Bengals,65,Injured Reserve,Unknown,,False,2025-11-04 11:39:36
Cordell Volson,G,CIN,Cincinnati Bengals,67,Injured Reserve,Unknown,,False,2025-11-04 11:39:36
Liam Anderson,LB,CIN,Cincinnati Bengals,,Healthy,,,True,2025-11-04 11:39:36
Brian Asamoah II,LB,CIN,Cincinnati Bengals,53,Healthy,,,True,2025-11-04 11:39:36
Jacob Bayer,C,CIN,Cincinnati Bengals,,Healthy,,,True,2025-11-04 11:39:36
Gary Brightwell,RB,CIN,Cincinnati Bengals,32,Healthy,,,True,2025-11-04 11:39:36
Andrew Coker,OT,CIN,Cincinnati Bengals,79,Healthy,,,True,2025-11-04 11:39:36
Howard Cross III,DT,CIN,Cincinnati Bengals,95,Healthy,,,True,2025-11-04 11:39:36
Jalen Davis,CB,CIN,Cincinnati Bengals,35,Healthy,,,True,2025-11-04 11:39:36
Isaiah Foskey,DE,CIN,Cincinnati Bengals,51,Healthy,,,True,2025-11-04 11:39:36
Javon Foster,OT,CIN,Cincinnati Bengals,,Healthy,,,True,2025-11-04 11:39:36
Jaxson Kirkland,G,CIN,Cincinnati Bengals,60,Healthy,,,True,2025-11-04 11:39:36
Bralyn Lux,CB,CIN,Cincinnati Bengals,21,Healthy,,,True,2025-11-04 11:39:36
Seth McLaughlin,C,CIN,Cincinnati Bengals,68,Healthy,,,True,2025-11-04 11:39:36
Kendall Milton,RB,CIN,Cincinnati Bengals,36,Healthy,,,True,2025-11-04 11:39:36
Jordan Moore,WR,CIN,Cincinnati Bengals,14,Healthy,,,True,2025-11-04 11:39:36
Kendric Pryor,WR,CIN,Cincinnati Bengals,19,Healthy,,,True,2025-11-04 11:39:36
Russ Yeast,S,CIN,Cincinnati Bengals,,Healthy,,,True,2025-11-04 11:39:36
Brenden Bates,TE,CLE,Cleveland Browns,82,Healthy,,,True,2025-11-04 11:39:36
Joel Bitonio,G,CLE,Cleveland Browns,75,Healthy,,,True,2025-11-04 11:39:36
Isaiah Bond,WR,CLE,Cleveland Browns,16,Questionable,Unknown,,True,2025-11-04 11:39:36
Jack Conklin,OT,CLE,Cleveland Browns,78,Healthy,,,True,2025-11-04 11:39:36
Malachi Corley,WR,CLE,Cleveland Browns,83,Healthy,,,True,2025-11-04 11:39:36
Harold Fannin Jr.,TE,CLE,Cleveland Browns,44,Healthy,,,True,2025-11-04 11:39:36
Jerome Ford,RB,CLE,Cleveland Browns,34,Healthy,,,True,2025-11-04 11:39:36
Dillon Gabriel,QB,CLE,Cleveland Browns,8,Healthy,,,True,2025-11-04 11:39:36
Teven Jenkins,G,CLE,Cleveland Browns,74,Healthy,,,True,2025-11-04 11:39:36
Jerry Jeudy,WR,CLE,Cleveland Browns,3,Healthy,,,True,2025-11-04 11:39:36
Quinshon Judkins,RB,CLE,Cleveland Browns,10,Questionable,Unknown,,True,2025-11-04 11:39:36
Gage Larvadain,WR,CLE,Cleveland Browns,84,Healthy,,,True,2025-11-04 11:39:36
KT Leveston,OT,CLE,Cleveland Browns,72,Healthy,,,True,2025-11-04 11:39:36
Cornelius Lucas,OT,CLE,Cleveland Browns,71,Healthy,,,True,2025-11-04 11:39:36
David Njoku,TE,CLE,Cleveland Browns,85,Healthy,,,True,2025-11-04 11:39:36
Ethan Pocic,C,CLE,Cleveland Browns,55,Healthy,,,True,2025-11-04 11:39:36
Cam Robinson,OT,CLE,Cleveland Browns,68,Healthy,,,True,2025-11-04 11:39:36
Dylan Sampson,RB,CLE,Cleveland Browns,22,Healthy,,,True,2025-11-04 11:39:36
Raheim Sanders,RB,CLE,Cleveland Browns,35,Healthy,,,True,2025-11-04 11:39:36
Shedeur Sanders,QB,CLE,Cleveland Browns,12,Questionable,Unknown,,True,2025-11-04 11:39:36
Wyatt Teller,G,CLE,Cleveland Browns,77,Healthy,,,True,2025-11-04 11:39:36
Jamari Thrash,WR,CLE,Cleveland Browns,80,Healthy,,,True,2025-11-04 11:39:36
Blake Whiteheart,TE,CLE,Cleveland Browns,86,Healthy,,,True,2025-11-04 11:39:36
Luke Wypler,C,CLE,Cleveland Browns,56,Healthy,,,True,2025-11-04 11:39:36
Zak Zinter,G,CLE,Cleveland Browns,70,Healthy,,,True,2025-11-04 11:39:36
Tre Avery,CB,CLE,Cleveland Browns,28,Healthy,,,True,2025-11-04 11:39:36
Jerome Baker,LB,CLE,Cleveland Browns,17,Healthy,,,True,2025-11-04 11:39:36
Devin Bush,LB,CLE,Cleveland Browns,30,Healthy,,,True,2025-11-04 11:39:36
Tyson Campbell,CB,CLE,Cleveland Browns,7,Questionable,Unknown,,True,2025-11-04 11:39:36
Maliek Collins,DT,CLE,Cleveland Browns,96,Healthy,,,True,2025-11-04 11:39:36
Grant Delpit,S,CLE,Cleveland Browns,9,Healthy,,,True,2025-11-04 11:39:36
Mohamoud Diabate,LB,CLE,Cleveland Browns,43,Healthy,,,True,2025-11-04 11:39:36
Myles Garrett,DE,CLE,Cleveland Browns,95,Healthy,,,True,2025-11-04 11:39:36
Mason Graham,DT,CLE,Cleveland Browns,94,Healthy,,,True,2025-11-04 11:39:36
Mike Hall Jr.,DT,CLE,Cleveland Browns,51,Healthy,,,True,2025-11-04 11:39:36
Myles Harden,CB,CLE,Cleveland Browns,26,Healthy,,,True,2025-11-04 11:39:36
Shelby Harris,DT,CLE,Cleveland Browns,93,Healthy,,,True,2025-11-04 11:39:36
Ronnie Hickman,S,CLE,Cleveland Browns,33,Healthy,,,True,2025-11-04 11:39:36
Adin Huntington,DE,CLE,Cleveland Browns,98,Questionable,Unknown,,True,2025-11-04 11:39:36
Rayshawn Jenkins,S,CLE,Cleveland Browns,5,Questionable,Unknown,,True,2025-11-04 11:39:36
Dom Jones,CB,CLE,Cleveland Browns,37,Healthy,,,True,2025-11-04 11:39:36
Easton Mascarenas-Arnold,LB,CLE,Cleveland Browns,42,Healthy,,,True,2025-11-04 11:39:36
Isaiah McGuire,DE,CLE,Cleveland Browns,57,Healthy,,,True,2025-11-04 11:39:36
Donovan McMillon,S,CLE,Cleveland Browns,31,Healthy,,,True,2025-11-04 11:39:36
Carson Schwesinger,LB,CLE,Cleveland Browns,49,Questionable,Unknown,,True,2025-11-04 11:39:36
Cameron Thomas,DE,CLE,Cleveland Browns,99,Healthy,,,True,2025-11-04 11:39:36
Joe Tryon-Shoyinka,DE,CLE,Cleveland Browns,90,Healthy,,,True,2025-11-04 11:39:36
Denzel Ward,CB,CLE,Cleveland Browns,21,Healthy,,,True,2025-11-04 11:39:36
Alex Wright,DE,CLE,Cleveland Browns,91,Healthy,,,True,2025-11-04 11:39:36
Corey Bojorquez,P,CLE,Cleveland Browns,13,Healthy,,,True,2025-11-04 11:39:36
Rex Sunahara,LS,CLE,Cleveland Browns,50,Healthy,,,True,2025-11-04 11:39:36
Andre Szmyt,PK,CLE,Cleveland Browns,25,Healthy,,,True,2025-11-04 11:39:36
DeAndre Carter,WR,CLE,Cleveland Browns,2,Injured Reserve,Unknown,,False,2025-11-04 11:39:36
Martin Emerson Jr.,CB,CLE,Cleveland Browns,1,Injured Reserve,Unknown,,False,2025-11-04 11:39:36
Dawand Jones,OT,CLE,Cleveland Browns,79,Injured Reserve,Unknown,,False,2025-11-04 11:39:36
Anthony Kendall,CB,CLE,Cleveland Browns,44,Injured Reserve,Unknown,,False,2025-11-04 11:39:36
Justin Osborne,C,CLE,Cleveland Browns,62,Injured Reserve,Unknown,,False,2025-11-04 11:39:36
Jeremiah Owusu-Koramoah,LB,CLE,Cleveland Browns,6,Out,Unknown,,False,2025-11-04 11:39:36
Winston Reid,LB,CLE,Cleveland Browns,59,Injured Reserve,Unknown,,False,2025-11-04 11:39:36
Cedric Tillman,WR,CLE,Cleveland Browns,19,Injured Reserve,Unknown,,False,2025-11-04 11:39:36
Deshaun Watson,QB,CLE,Cleveland Browns,4,Out,Unknown,,False,2025-11-04 11:39:36
Nathaniel Watson,LB,CLE,Cleveland Browns,40,Injured Reserve,Unknown,,False,2025-11-04 11:39:36
Eugene Asante,LB,CLE,Cleveland Browns,36,Healthy,,,True,2025-11-04 11:39:36
Simeon Barrow Jr.,DT,CLE,Cleveland Browns,58,Healthy,,,True,2025-11-04 11:39:36
Sal Cannella,TE,CLE,Cleveland Browns,,Healthy,,,True,2025-11-04 11:39:36
Kaden Davis,WR,CLE,Cleveland Browns,89,Healthy,,,True,2025-11-04 11:39:36
Garrett Dellinger,G,CLE,Cleveland Browns,,Healthy,,,True,2025-11-04 11:39:36
Christopher Edmonds,S,CLE,Cleveland Browns,41,Healthy,,,True,2025-11-04 11:39:36
Luke Floriea,WR,CLE,Cleveland Browns,37,Healthy,,,True,2025-11-04 11:39:36
Sam Kamara,DE,CLE,Cleveland Browns,92,Healthy,,,True,2025-11-04 11:39:36
Thayer Munford Jr.,OT,CLE,Cleveland Browns,64,Healthy,,,True,2025-11-04 11:39:36
Julian Okwara,LB,CLE,Cleveland Browns,53,Healthy,,,True,2025-11-04 11:39:36
Tyre Phillips,OT,CLE,Cleveland Browns,,Healthy,,,True,2025-11-04 11:39:36
Caden Prieskorn,TE,CLE,Cleveland Browns,,Healthy,,,True,2025-11-04 11:39:36
Edefuan Ulofoshio,LB,CLE,Cleveland Browns,44,Healthy,,,True,2025-11-04 11:39:36
Dee Williams,CB,CLE,Cleveland Browns,,Healthy,,,True,2025-11-04 11:39:36
Bailey Zappe,QB,CLE,Cleveland Browns,11,Healthy,,,True,2025-11-04 11:39:36
Hakeem Adeniji,OT,DAL,Dallas Cowboys,75,Healthy,,,True,2025-11-04 11:39:36
T.J. Bass,G,DAL,Dallas Cowboys,66,Healthy,,,True,2025-11-04 11:39:36
Cooper Beebe,C,DAL,Dallas Cowboys,56,Healthy,,,True,2025-11-04 11:39:36
Jaydon Blue,RB,DAL,Dallas Cowboys,23,Healthy,,,True,2025-11-04 11:39:36
Tyler Booker,G,DAL,Dallas Cowboys,52,Healthy,,,True,2025-11-04 11:39:36
Ajani Cornelius,OT,DAL,Dallas Cowboys,69,Out,Unknown,,False,2025-11-04 11:39:36
Malik Davis,RB,DAL,Dallas Cowboys,21,Healthy,,,True,2025-11-04 11:39:36
Princeton Fant,TE,DAL,Dallas Cowboys,85,Healthy,,,True,2025-11-04 11:39:36
Jake Ferguson,TE,DAL,Dallas Cowboys,87,Healthy,,,True,2025-11-04 11:39:36
Ryan Flournoy,WR,DAL,Dallas Cowboys,19,Healthy,,,True,2025-11-04 11:39:36
Tyler Guyton,OT,DAL,Dallas Cowboys,60,Healthy,,,True,2025-11-04 11:39:36
Brock Hoffman,C,DAL,Dallas Cowboys,67,Healthy,,,True,2025-11-04 11:39:36
CeeDee Lamb,WR,DAL,Dallas Cowboys,88,Healthy,,,True,2025-11-04 11:39:36
Hunter Luepke,RB,DAL,Dallas Cowboys,40,Healthy,,,True,2025-11-04 11:39:36
Joe Milton III,QB,DAL,Dallas Cowboys,10,Healthy,,,True,2025-11-04 11:39:36
Jonathan Mingo,WR,DAL,Dallas Cowboys,81,Healthy,,,True,2025-11-04 11:39:36
George Pickens,WR,DAL,Dallas Cowboys,3,Healthy,,,True,2025-11-04 11:39:36
Dak Prescott,QB,DAL,Dallas Cowboys,4,Healthy,,,True,2025-11-04 11:39:36
Luke Schoonmaker,TE,DAL,Dallas Cowboys,86,Healthy,,,True,2025-11-04 11:39:36
Tyler Smith,G,DAL,Dallas Cowboys,73,Healthy,,,True,2025-11-04 11:39:36
Brevyn Spann-Ford,TE,DAL,Dallas Cowboys,89,Healthy,,,True,2025-11-04 11:39:36
Terence Steele,OT,DAL,Dallas Cowboys,78,Questionable,Unknown,,True,2025-11-04 11:39:36
Nate Thomas,OT,DAL,Dallas Cowboys,71,Healthy,,,True,2025-11-04 11:39:36
Jalen Tolbert,WR,DAL,Dallas Cowboys,1,Healthy,,,True,2025-11-04 11:39:36
KaVontae Turpin,WR,DAL,Dallas Cowboys,9,Healthy,,,True,2025-11-04 11:39:36
Javonte Williams,RB,DAL,Dallas Cowboys,33,Healthy,,,True,2025-11-04 11:39:36
Markquese Bell,S,DAL,Dallas Cowboys,14,Questionable,Unknown,,True,2025-11-04 11:39:36
DaRon Bland,CB,DAL,Dallas Cowboys,26,Healthy,,,True,2025-11-04 11:39:36
Trikweze Bridges,CB,DAL,Dallas Cowboys,25,Healthy,,,True,2025-11-04 11:39:36
Caelen Carson,CB,DAL,Dallas Cowboys,21,Healthy,,,True,2025-11-04 11:39:36
Zion Childress,CB,DAL,Dallas Cowboys,48,Healthy,,,True,2025-11-04 11:39:36
Alijah Clark,S,DAL,Dallas Cowboys,38,Out,Unknown,,False,2025-11-04 11:39:36
Damone Clark,LB,DAL,Dallas Cowboys,18,Healthy,,,True,2025-11-04 11:39:36
Kenny Clark,DT,DAL,Dallas Cowboys,95,Healthy,,,True,2025-11-04 11:39:36
Jadeveon Clowney,DE,DAL,Dallas Cowboys,42,Healthy,,,True,2025-11-04 11:39:36
Kaiir Elam,CB,DAL,Dallas Cowboys,20,Healthy,,,True,2025-11-04 11:39:36
Donovan Ezeiruaku,DE,DAL,Dallas Cowboys,41,Healthy,,,True,2025-11-04 11:39:36
Dante Fowler Jr.,DE,DAL,Dallas Cowboys,13,Healthy,,,True,2025-11-04 11:39:36
C.J. Goodwin,CB,DAL,Dallas Cowboys,29,Healthy,,,True,2025-11-04 11:39:36
James Houston,DE,DAL,Dallas Cowboys,53,Healthy,,,True,2025-11-04 11:39:36
Shemar James,LB,DAL,Dallas Cowboys,50,Healthy,,,True,2025-11-04 11:39:36
Marshawn Kneeland,DE,DAL,Dallas Cowboys,94,Healthy,,,True,2025-11-04 11:39:36
Marist Liufau,LB,DAL,Dallas Cowboys,35,Healthy,,,True,2025-11-04 11:39:36
Kenneth Murray Jr.,LB,DAL,Dallas Cowboys,59,Healthy,,,True,2025-11-04 11:39:36
Osa Odighizuwa,DT,DAL,Dallas Cowboys,97,Healthy,,,True,2025-11-04 11:39:36
Mazi Smith,DT,DAL,Dallas Cowboys,58,Healthy,,,True,2025-11-04 11:39:36
Reddy Steward,CB,DAL,Dallas Cowboys,27,Healthy,,,True,2025-11-04 11:39:36
Juanyeh Thomas,S,DAL,Dallas Cowboys,2,Healthy,,,True,2025-11-04 11:39:36
Solomon Thomas,DT,DAL,Dallas Cowboys,90,Questionable,Unknown,,True,2025-11-04 11:39:36
Jay Toia,DT,DAL,Dallas Cowboys,93,Healthy,,,True,2025-11-04 11:39:36
Sam Williams,DE,DAL,Dallas Cowboys,54,Healthy,,,True,2025-11-04 11:39:36
Donovan Wilson,S,DAL,Dallas Cowboys,6,Out,Unknown,,False,2025-11-04 11:39:36
Bryan Anger,P,DAL,Dallas Cowboys,5,Healthy,,,True,2025-11-04 11:39:36
Brandon Aubrey,PK,DAL,Dallas Cowboys,17,Healthy,,,True,2025-11-04 11:39:36
Trent Sieg,LS,DAL,Dallas Cowboys,44,Healthy,,,True,2025-11-04 11:39:36
Josh Butler,CB,DAL,Dallas Cowboys,31,Out,Unknown,,False,2025-11-04 11:39:36
Trevon Diggs,CB,DAL,Dallas Cowboys,7,Injured Reserve,Unknown,,False,2025-11-04 11:39:36
Malik Hooker,S,DAL,Dallas Cowboys,28,Injured Reserve,Unknown,,False,2025-11-04 11:39:36
Rob Jones,G,DAL,Dallas Cowboys,65,Injured Reserve,Unknown,,False,2025-11-04 11:39:36
Trevor Keegan,G,DAL,Dallas Cowboys,76,Injured Reserve,Unknown,,False,2025-11-04 11:39:36
Phil Mafah,RB,DAL,Dallas Cowboys,37,Injured Reserve,Unknown,,False,2025-11-04 11:39:36
DeMarvion Overshown,LB,DAL,Dallas Cowboys,0,Out,Unknown,,False,2025-11-04 11:39:36
Shavon Revel Jr.,CB,DAL,Dallas Cowboys,27,Out,Unknown,,False,2025-11-04 11:39:36
Jack Sanborn,LB,DAL,Dallas Cowboys,57,Injured Reserve,Unknown,,False,2025-11-04 11:39:36
Miles Sanders,RB,DAL,Dallas Cowboys,24,Injured Reserve,Unknown,,False,2025-11-04 11:39:36
John Stephens Jr.,TE,DAL,Dallas Cowboys,49,Injured Reserve,Unknown,,False,2025-11-04 11:39:36
Payton Turner,DE,DAL,Dallas Cowboys,98,Injured Reserve,Unknown,,False,2025-11-04 11:39:36
Perrion Winfrey,DT,DAL,Dallas Cowboys,99,Injured Reserve,Unknown,,False,2025-11-04 11:39:36
Corey Ballentine,CB,DAL,Dallas Cowboys,36,Healthy,,,True,2025-11-04 11:39:36
Justin Barron,LB,DAL,Dallas Cowboys,,Healthy,,,True,2025-11-04 11:39:36
Earnest Brown IV,DE,DAL,Dallas Cowboys,51,Healthy,,,True,2025-11-04 11:39:36
Parris Campbell,WR,DAL,Dallas Cowboys,11,Healthy,,,True,2025-11-04 11:39:36
Geron Christian,OT,DAL,Dallas Cowboys,,Healthy,,,True,2025-11-04 11:39:36
Jalen Cropper,WR,DAL,Dallas Cowboys,16,Healthy,,,True,2025-11-04 11:39:36
Rivaldo Fairweather,TE,DAL,Dallas Cowboys,45,Healthy,,,True,2025-11-04 11:39:36
Wesley French,C,DAL,Dallas Cowboys,,Healthy,,,True,2025-11-04 11:39:36
Will Grier,QB,DAL,Dallas Cowboys,,Healthy,,,True,2025-11-04 11:39:36
Traeshon Holden,WR,DAL,Dallas Cowboys,7,Healthy,,,True,2025-11-04 11:39:36
Isaiah Land,LB,DAL,Dallas Cowboys,,Healthy,,,True,2025-11-04 11:39:36
Adedayo Odeleye,DB,DAL,Dallas Cowboys,,Healthy,,,True,2025-11-04 11:39:36
Robert Rochell,CB,DAL,Dallas Cowboys,30,Healthy,,,True,2025-11-04 11:39:36
Julius Wood,S,DAL,Dallas Cowboys,,Healthy,,,True,2025-11-04 11:39:36
Nate Adkins,TE,DEN,Denver Broncos,45,Questionable,Unknown,,True,2025-11-04 11:39:36
Tyler Badie,RB,DEN,Denver Broncos,28,Healthy,,,True,2025-11-04 11:39:36
Garett Bolles,OT,DEN,Denver Broncos,72,Healthy,,,True,2025-11-04 11:39:36
Pat Bryant,WR,DEN,Denver Broncos,13,Healthy,,,True,2025-11-04 11:39:36
Frank Crum,OT,DEN,Denver Broncos,73,Healthy,,,True,2025-11-04 11:39:36
J.K. Dobbins,RB,DEN,Denver Broncos,27,Healthy,,,True,2025-11-04 11:39:36
Evan Engram,TE,DEN,Denver Broncos,1,Healthy,,,True,2025-11-04 11:39:36
Alex Forsyth,C,DEN,Denver Broncos,54,Healthy,,,True,2025-11-04 11:39:36
Troy Franklin,WR,DEN,Denver Broncos,11,Healthy,,,True,2025-11-04 11:39:36
RJ Harvey,RB,DEN,Denver Broncos,12,Healthy,,,True,2025-11-04 11:39:36
Mike McGlinchey,OT,DEN,Denver Broncos,69,Healthy,,,True,2025-11-04 11:39:36
Jaleel McLaughlin,RB,DEN,Denver Broncos,38,Healthy,,,True,2025-11-04 11:39:36
Quinn Meinerz,G,DEN,Denver Broncos,77,Healthy,,,True,2025-11-04 11:39:36
Marvin Mims Jr.,WR,DEN,Denver Broncos,19,Questionable,Unknown,,True,2025-11-04 11:39:36
Bo Nix,QB,DEN,Denver Broncos,10,Healthy,,,True,2025-11-04 11:39:36
Alex Palczewski,OT,DEN,Denver Broncos,63,Healthy,,,True,2025-11-04 11:39:36
Adam Prentice,FB,DEN,Denver Broncos,46,Healthy,,,True,2025-11-04 11:39:36
Trent Sherfield Sr.,WR,DEN,Denver Broncos,5,Healthy,,,True,2025-11-04 11:39:36
Jarrett Stidham,QB,DEN,Denver Broncos,8,Healthy,,,True,2025-11-04 11:39:36
Courtland Sutton,WR,DEN,Denver Broncos,14,Healthy,,,True,2025-11-04 11:39:36
Calvin Throckmorton,G,DEN,Denver Broncos,76,Healthy,,,True,2025-11-04 11:39:36
Adam Trautman,TE,DEN,Denver Broncos,82,Healthy,,,True,2025-11-04 11:39:36
Luke Wattenberg,C,DEN,Denver Broncos,60,Healthy,,,True,2025-11-04 11:39:36
Kris Abrams-Draine,CB,DEN,Denver Broncos,31,Healthy,,,True,2025-11-04 11:39:36
Zach Allen,DE,DEN,Denver Broncos,99,Healthy,,,True,2025-11-04 11:39:36
Jahdae Barron,CB,DEN,Denver Broncos,23,Healthy,,,True,2025-11-04 11:39:36
Nik Bonitto,LB,DEN,Denver Broncos,15,Healthy,,,True,2025-11-04 11:39:36
Jonathon Cooper,LB,DEN,Denver Broncos,0,Questionable,Unknown,,True,2025-11-04 11:39:36
Jonah Elliss,LB,DEN,Denver Broncos,52,Healthy,,,True,2025-11-04 11:39:36
John Franklin-Myers,DE,DEN,Denver Broncos,98,Questionable,Unknown,,True,2025-11-04 11:39:36
J.T. Gray,S,DEN,Denver Broncos,25,Questionable,Unknown,,True,2025-11-04 11:39:36
Dre Greenlaw,LB,DEN,Denver Broncos,57,Healthy,,,True,2025-11-04 11:39:36
Talanoa Hufanga,S,DEN,Denver Broncos,9,Healthy,,,True,2025-11-04 11:39:36
Jordan Jackson,DT,DEN,Denver Broncos,94,Healthy,,,True,2025-11-04 11:39:36
Brandon Jones,S,DEN,Denver Broncos,22,Questionable,Unknown,,True,2025-11-04 11:39:36
D.J. Jones,DT,DEN,Denver Broncos,93,Questionable,Unknown,,True,2025-11-04 11:39:36
Sai'vion Jones,DE,DEN,Denver Broncos,95,Healthy,,,True,2025-11-04 11:39:36
Devon Key,S,DEN,Denver Broncos,26,Healthy,,,True,2025-11-04 11:39:36
P.J. Locke,S,DEN,Denver Broncos,6,Questionable,Unknown,,True,2025-11-04 11:39:36
Ja'Quan McMillian,CB,DEN,Denver Broncos,29,Healthy,,,True,2025-11-04 11:39:36
Riley Moss,CB,DEN,Denver Broncos,21,Questionable,Unknown,,True,2025-11-04 11:39:36
Karene Reid,LB,DEN,Denver Broncos,47,Healthy,,,True,2025-11-04 11:39:36
Malcolm Roach,DT,DEN,Denver Broncos,97,Healthy,,,True,2025-11-04 11:39:36
Que Robinson,LB,DEN,Denver Broncos,51,Healthy,,,True,2025-11-04 11:39:36
Alex Singleton,LB,DEN,Denver Broncos,49,Healthy,,,True,2025-11-04 11:39:36
JL Skinner,S,DEN,Denver Broncos,34,Healthy,,,True,2025-11-04 11:39:36
Justin Strnad,LB,DEN,Denver Broncos,40,Healthy,,,True,2025-11-04 11:39:36
Pat Surtain II,CB,DEN,Denver Broncos,2,Questionable,Unknown,,True,2025-11-04 11:39:36
Dondrea Tillman,LB,DEN,Denver Broncos,92,Healthy,,,True,2025-11-04 11:39:36
Eyioma Uwazurike,DE,DEN,Denver Broncos,96,Healthy,,,True,2025-11-04 11:39:36
Jeremy Crawshaw,P,DEN,Denver Broncos,16,Healthy,,,True,2025-11-04 11:39:36
Mitchell Fraboni,LS,DEN,Denver Broncos,48,Healthy,,,True,2025-11-04 11:39:36
Wil Lutz,PK,DEN,Denver Broncos,3,Healthy,,,True,2025-11-04 11:39:36
Michael Burton,FB,DEN,Denver Broncos,20,Injured Reserve,Unknown,,False,2025-11-04 11:39:36
Nick Gargiulo,G,DEN,Denver Broncos,66,Injured Reserve,Unknown,,False,2025-11-04 11:39:36
Matt Henningsen,DE,DEN,Denver Broncos,91,Injured Reserve,Unknown,,False,2025-11-04 11:39:36
Lucas Krull,TE,DEN,Denver Broncos,85,Injured Reserve,Unknown,,False,2025-11-04 11:39:36
Matt Peart,OT,DEN,Denver Broncos,79,Injured Reserve,Unknown,,False,2025-11-04 11:39:36
Ben Powers,G,DEN,Denver Broncos,74,Injured Reserve,Unknown,,False,2025-11-04 11:39:36
Drew Sanders,LB,DEN,Denver Broncos,41,Injured Reserve,Unknown,,False,2025-11-04 11:39:36
Johnny Walker Jr.,LB,DEN,Denver Broncos,59,Injured Reserve,Unknown,,False,2025-11-04 11:39:36
Garret Wallow,LB,DEN,Denver Broncos,50,Injured Reserve,Unknown,,False,2025-11-04 11:39:36
Levelle Bailey,LB,DEN,Denver Broncos,56,Healthy,,,True,2025-11-04 11:39:36
Michael Bandy,WR,DEN,Denver Broncos,83,Healthy,,,True,2025-11-04 11:39:36
Marques Cox,OT,DEN,Denver Broncos,70,Healthy,,,True,2025-11-04 11:39:36
Sam Ehlinger,QB,DEN,Denver Broncos,4,Healthy,,,True,2025-11-04 11:39:36
Marcedes Lewis,TE,DEN,Denver Broncos,89,Healthy,,,True,2025-11-04 11:39:36
Caleb Lohner,TE,DEN,Denver Broncos,84,Healthy,,,True,2025-11-04 11:39:36
Joe Michalski,C,DEN,Denver Broncos,,Healthy,,,True,2025-11-04 11:39:36
Jordan Miller,DT,DEN,Denver Broncos,90,Healthy,,,True,2025-11-04 11:39:36
Patrick Murtagh,TE,DEN,Denver Broncos,,Healthy,,,True,2025-11-04 11:39:36
A.T. Perry,WR,DEN,Denver Broncos,87,Healthy,,,True,2025-11-04 11:39:36
Jaden Robinson,CB,DEN,Denver Broncos,33,Healthy,,,True,2025-11-04 11:39:36
Kyrese Rowan,WR,DEN,Denver Broncos,39,Healthy,,,True,2025-11-04 11:39:36
Keidron Smith,S,DEN,Denver Broncos,,Healthy,,,True,2025-11-04 11:39:36
Reese Taylor,CB,DEN,Denver Broncos,,Healthy,,,True,2025-11-04 11:39:36
Jordan Turner,LB,DEN,Denver Broncos,55,Healthy,,,True,2025-11-04 11:39:36
Delarrin Turner-Yell,S,DEN,Denver Broncos,,Healthy,,,True,2025-11-04 11:39:36
Deuce Vaughn,RB,DEN,Denver Broncos,,Healthy,,,True,2025-11-04 11:39:36
Kyle Allen,QB,DET,Detroit Lions,8,Healthy,,,True,2025-11-04 11:39:36
Kayode Awosika,G,DET,Detroit Lions,74,Healthy,,,True,2025-11-04 11:39:36
Trystan Colon,C,DET,Detroit Lions,57,Healthy,,,True,2025-11-04 11:39:36
Taylor Decker,OT,DET,Detroit Lions,68,Questionable,Unknown,,True,2025-11-04 11:39:36
Ross Dwelley,TE,DET,Detroit Lions,82,Healthy,,,True,2025-11-04 11:39:36
Jahmyr Gibbs,RB,DET,Detroit Lions,0,Healthy,,,True,2025-11-04 11:39:36
Graham Glasgow,G,DET,Detroit Lions,60,Healthy,,,True,2025-11-04 11:39:36
Jared Goff,QB,DET,Detroit Lions,16,Healthy,,,True,2025-11-04 11:39:36
Justin Jackson,RB,DET,Detroit Lions,38,Healthy,,,True,2025-11-04 11:39:36
Sam LaPorta,TE,DET,Detroit Lions,87,Healthy,,,True,2025-11-04 11:39:36
Dominic Lovett,WR,DET,Detroit Lions,19,Healthy,,,True,2025-11-04 11:39:36
Christian Mahogany,G,DET,Detroit Lions,73,Out,Unknown,,False,2025-11-04 11:39:36
David Montgomery,RB,DET,Detroit Lions,5,Healthy,,,True,2025-11-04 11:39:36
Tate Ratledge,G,DET,Detroit Lions,69,Healthy,,,True,2025-11-04 11:39:36
Kalif Raymond,WR,DET,Detroit Lions,11,Healthy,,,True,2025-11-04 11:39:36
Craig Reynolds,RB,DET,Detroit Lions,13,Questionable,Unknown,,True,2025-11-04 11:39:36
Jacob Saylors,RB,DET,Detroit Lions,25,Healthy,,,True,2025-11-04 11:39:36
Penei Sewell,OT,DET,Detroit Lions,58,Questionable,Unknown,,True,2025-11-04 11:39:36
Dan Skipper,OT,DET,Detroit Lions,70,Healthy,,,True,2025-11-04 11:39:36
Amon-Ra St. Brown,WR,DET,Detroit Lions,14,Healthy,,,True,2025-11-04 11:39:36
Isaac TeSlaa,WR,DET,Detroit Lions,18,Healthy,,,True,2025-11-04 11:39:36
Sione Vaki,RB,DET,Detroit Lions,33,Healthy,,,True,2025-11-04 11:39:36
Jameson Williams,WR,DET,Detroit Lions,1,Healthy,,,True,2025-11-04 11:39:36
Brock Wright,TE,DET,Detroit Lions,89,Healthy,,,True,2025-11-04 11:39:36
Alex Anzalone,LB,DET,Detroit Lions,34,Healthy,,,True,2025-11-04 11:39:36
Terrion Arnold,CB,DET,Detroit Lions,6,Questionable,Unknown,,True,2025-11-04 11:39:36
Derrick Barnes,LB,DET,Detroit Lions,55,Healthy,,,True,2025-11-04 11:39:36
Brian Branch,S,DET,Detroit Lions,32,Healthy,,,True,2025-11-04 11:39:36
Jack Campbell,LB,DET,Detroit Lions,46,Healthy,,,True,2025-11-04 11:39:36
Erick Hallett,S,DET,Detroit Lions,36,Healthy,,,True,2025-11-04 11:39:36
Thomas Harper,S,DET,Detroit Lions,12,Healthy,,,True,2025-11-04 11:39:36
Aidan Hutchinson,DE,DET,Detroit Lions,97,Healthy,,,True,2025-11-04 11:39:36
Quinton Jefferson,DT,DET,Detroit Lions,79,Healthy,,,True,2025-11-04 11:39:36
Kerby Joseph,S,DET,Detroit Lions,31,Questionable,Unknown,,True,2025-11-04 11:39:36
Tyler Lacy,DT,DET,Detroit Lions,78,Healthy,,,True,2025-11-04 11:39:36
Roy Lopez,DT,DET,Detroit Lions,51,Healthy,,,True,2025-11-04 11:39:36
Avonte Maddox,CB,DET,Detroit Lions,29,Healthy,,,True,2025-11-04 11:39:36
Arthur Maulet,CB,DET,Detroit Lions,27,Healthy,,,True,2025-11-04 11:39:36
Alim McNeill,DT,DET,Detroit Lions,54,Healthy,,,True,2025-11-04 11:39:36
Al-Quadin Muhammad,LB,DET,Detroit Lions,96,Healthy,,,True,2025-11-04 11:39:36
Trevor Nowaske,LB,DET,Detroit Lions,53,Healthy,,,True,2025-11-04 11:39:36
Pat O'Connor,DE,DET,Detroit Lions,95,Healthy,,,True,2025-11-04 11:39:36
DJ Reader,DT,DET,Detroit Lions,98,Healthy,,,True,2025-11-04 11:39:36
Amik Robertson,CB,DET,Detroit Lions,21,Healthy,,,True,2025-11-04 11:39:36
Jammie Robinson,S,DET,Detroit Lions,35,Healthy,,,True,2025-11-04 11:39:36
Grant Stuard,LB,DET,Detroit Lions,15,Healthy,,,True,2025-11-04 11:39:36
Tyrus Wheat,DE,DET,Detroit Lions,99,Healthy,,,True,2025-11-04 11:39:36
Nick Whiteside,CB,DET,Detroit Lions,38,Healthy,,,True,2025-11-04 11:39:36
Tyleik Williams,DT,DET,Detroit Lions,91,Healthy,,,True,2025-11-04 11:39:36
Mekhi Wingo,DT,DET,Detroit Lions,94,Healthy,,,True,2025-11-04 11:39:36
Rock Ya-Sin,CB,DET,Detroit Lions,23,Healthy,,,True,2025-11-04 11:39:36
Jake Bates,PK,DET,Detroit Lions,39,Healthy,,,True,2025-11-04 11:39:36
Jack Fox,P,DET,Detroit Lions,3,Healthy,,,True,2025-11-04 11:39:36
Hogan Hatten,LS,DET,Detroit Lions,49,Healthy,,,True,2025-11-04 11:39:36
Zach Cunningham,LB,DET,Detroit Lions,52,Injured Reserve,Unknown,,False,2025-11-04 11:39:36
Marcus Davenport,DE,DET,Detroit Lions,92,Injured Reserve,Unknown,,False,2025-11-04 11:39:36
Khalil Dorsey,CB,DET,Detroit Lions,30,Injured Reserve,Unknown,,False,2025-11-04 11:39:36
Miles Frazier,G,DET,Detroit Lions,71,Out,Unknown,,False,2025-11-04 11:39:36
Justin Herron,OT,DET,Detroit Lions,76,Injured Reserve,Unknown,,False,2025-11-04 11:39:36
Dan Jackson,S,DET,Detroit Lions,28,Injured Reserve,Unknown,,False,2025-11-04 11:39:36
Jamarco Jones,OT,DET,Detroit Lions,72,Injured Reserve,Unknown,,False,2025-11-04 11:39:36
Giovanni Manu,OT,DET,Detroit Lions,59,Injured Reserve,Unknown,,False,2025-11-04 11:39:36
Levi Onwuzurike,DE,DET,Detroit Lions,78,Out,Unknown,,False,2025-11-04 11:39:36
Josh Paschal,DE,DET,Detroit Lions,93,Out,Unknown,,False,2025-11-04 11:39:36
Ennis Rakestraw Jr.,CB,DET,Detroit Lions,9,Injured Reserve,Unknown,,False,2025-11-04 11:39:36
D.J. Reed,CB,DET,Detroit Lions,4,Injured Reserve,Unknown,,False,2025-11-04 11:39:36
Kye Robichaux,RB,DET,Detroit Lions,25,Injured Reserve,Unknown,,False,2025-11-04 11:39:36
Malcolm Rodriguez,LB,DET,Detroit Lions,44,Out,Unknown,,False,2025-11-04 11:39:36
Colby Sorsdal,OT,DET,Detroit Lions,75,Injured Reserve,Unknown,,False,2025-11-04 11:39:36
Daniel Thomas,S,DET,Detroit Lions,2,Injured Reserve,Unknown,,False,2025-11-04 11:39:36
Ezekiel Turner,LB,DET,Detroit Lions,47,Injured Reserve,Unknown,,False,2025-11-04 11:39:36
Kenny Yeboah,TE,DET,Detroit Lions,88,Injured Reserve,Unknown,,False,2025-11-04 11:39:36
Shane Zylstra,TE,DET,Detroit Lions,84,Injured Reserve,Unknown,,False,2025-11-04 11:39:36
Myles Adams,DE,DET,Detroit Lions,,Healthy,,,True,2025-11-04 11:39:36
C.J. Beathard,QB,DET,Detroit Lions,17,Healthy,,,True,2025-11-04 11:39:36
Andre Carter II,LB,DET,Detroit Lions,,Healthy,,,True,2025-11-04 11:39:36
Devin Cochran,OT,DET,Detroit Lions,77,Healthy,,,True,2025-11-04 11:39:36
Malik Cunningham,WR,DET,Detroit Lions,,Healthy,,,True,2025-11-04 11:39:36
Kingsley Eguakun,C,DET,Detroit Lions,65,Healthy,,,True,2025-11-04 11:39:36
Tre Flowers,CB,DET,Detroit Lions,26,Healthy,,,True,2025-11-04 11:39:36
Zach Horton,TE,DET,Detroit Lions,40,Healthy,,,True,2025-11-04 11:39:36
Tom Kennedy,WR,DET,Detroit Lions,85,Healthy,,,True,2025-11-04 11:39:36
Jackson Meeks,WR,DET,Detroit Lions,83,Healthy,,,True,2025-11-04 11:39:36
Mason Miller,OT,DET,Detroit Lions,63,Healthy,,,True,2025-11-04 11:39:36
Michael Niese,G,DET,Detroit Lions,,Healthy,,,True,2025-11-04 11:39:36
Chris Smith,DT,DET,Detroit Lions,90,Healthy,,,True,2025-11-04 11:39:36
Loren Strickland,S,DET,Detroit Lions,24,Healthy,,,True,2025-11-04 11:39:36
Ty Summers,LB,DET,Detroit Lions,42,Questionable,Unknown,,True,2025-11-04 11:39:36
Aaron Banks,G,GB,Green Bay Packers,65,Questionable,Unknown,,True,2025-11-04 11:39:36
Anthony Belton,OT,GB,Green Bay Packers,71,Healthy,,,True,2025-11-04 11:39:36
Chris Brooks,RB,GB,Green Bay Packers,30,Healthy,,,True,2025-11-04 11:39:36
Romeo Doubs,WR,GB,Green Bay Packers,87,Healthy,,,True,2025-11-04 11:39:36
John FitzPatrick,TE,GB,Green Bay Packers,86,Healthy,,,True,2025-11-04 11:39:36
Matthew Golden,WR,GB,Green Bay Packers,0,Questionable,Unknown,,True,2025-11-04 11:39:36
Malik Heath,WR,GB,Green Bay Packers,18,Healthy,,,True,2025-11-04 11:39:36
Josh Jacobs,RB,GB,Green Bay Packers,8,Healthy,,,True,2025-11-04 11:39:36
Elgton Jenkins,G,GB,Green Bay Packers,74,Healthy,,,True,2025-11-04 11:39:36
Donovan Jennings,G,GB,Green Bay Packers,67,Healthy,,,True,2025-11-04 11:39:36
Darian Kinnard,OT,GB,Green Bay Packers,70,Healthy,,,True,2025-11-04 11:39:36
Tucker Kraft,TE,GB,Green Bay Packers,85,Out,Unknown,,False,2025-11-04 11:39:36
Jordan Love,QB,GB,Green Bay Packers,10,Healthy,,,True,2025-11-04 11:39:36
Jacob Monk,C,GB,Green Bay Packers,62,Healthy,,,True,2025-11-04 11:39:36
Jordan Morgan,OT,GB,Green Bay Packers,77,Healthy,,,True,2025-11-04 11:39:36
Luke Musgrave,TE,GB,Green Bay Packers,88,Healthy,,,True,2025-11-04 11:39:36
Sean Rhyan,G,GB,Green Bay Packers,75,Healthy,,,True,2025-11-04 11:39:36
Zach Tom,OT,GB,Green Bay Packers,50,Healthy,,,True,2025-11-04 11:39:36
Rasheed Walker,OT,GB,Green Bay Packers,63,Healthy,,,True,2025-11-04 11:39:36
Christian Watson,WR,GB,Green Bay Packers,9,Healthy,,,True,2025-11-04 11:39:36
Dontayvion Wicks,WR,GB,Green Bay Packers,13,Questionable,Unknown,,True,2025-11-04 11:39:36
Savion Williams,WR,GB,Green Bay Packers,83,Healthy,,,True,2025-11-04 11:39:36
Malik Willis,QB,GB,Green Bay Packers,2,Healthy,,,True,2025-11-04 11:39:36
Emanuel Wilson,RB,GB,Green Bay Packers,23,Healthy,,,True,2025-11-04 11:39:36
Zayne Anderson,S,GB,Green Bay Packers,39,Healthy,,,True,2025-11-04 11:39:36
Warren Brinson,DT,GB,Green Bay Packers,91,Healthy,,,True,2025-11-04 11:39:36
Karl Brooks,DE,GB,Green Bay Packers,94,Healthy,,,True,2025-11-04 11:39:36
Javon Bullard,S,GB,Green Bay Packers,20,Healthy,,,True,2025-11-04 11:39:36
Edgerrin Cooper,LB,GB,Green Bay Packers,56,Healthy,,,True,2025-11-04 11:39:36
Kingsley Enagbare,DE,GB,Green Bay Packers,55,Healthy,,,True,2025-11-04 11:39:36
Rashan Gary,DE,GB,Green Bay Packers,52,Healthy,,,True,2025-11-04 11:39:36
Kamal Hadden,CB,GB,Green Bay Packers,36,Healthy,,,True,2025-11-04 11:39:36
Nate Hobbs,CB,GB,Green Bay Packers,21,Doubtful,Unknown,,False,2025-11-04 11:39:36
Ty'Ron Hopper,LB,GB,Green Bay Packers,59,Healthy,,,True,2025-11-04 11:39:36
Isaiah McDuffie,LB,GB,Green Bay Packers,58,Healthy,,,True,2025-11-04 11:39:36
Xavier McKinney,S,GB,Green Bay Packers,29,Healthy,,,True,2025-11-04 11:39:36
Bo Melton,CB,GB,Green Bay Packers,16,Healthy,,,True,2025-11-04 11:39:36
Keisean Nixon,CB,GB,Green Bay Packers,25,Healthy,,,True,2025-11-04 11:39:36
Kitan Oladapo,S,GB,Green Bay Packers,27,Healthy,,,True,2025-11-04 11:39:36
Micah Parsons,DE,GB,Green Bay Packers,1,Healthy,,,True,2025-11-04 11:39:36
Barryn Sorrell,DE,GB,Green Bay Packers,99,Healthy,,,True,2025-11-04 11:39:36
Nazir Stackhouse,DT,GB,Green Bay Packers,93,Healthy,,,True,2025-11-04 11:39:36
Carrington Valentine,CB,GB,Green Bay Packers,24,Healthy,,,True,2025-11-04 11:39:36
Lukas Van Ness,DE,GB,Green Bay Packers,90,Questionable,Unknown,,True,2025-11-04 11:39:36
Quay Walker,LB,GB,Green Bay Packers,7,Healthy,,,True,2025-11-04 11:39:36
Evan Williams,S,GB,Green Bay Packers,33,Healthy,,,True,2025-11-04 11:39:36
Colby Wooden,DT,GB,Green Bay Packers,96,Questionable,Unknown,,True,2025-11-04 11:39:36
Devonte Wyatt,DT,GB,Green Bay Packers,95,Healthy,,,True,2025-11-04 11:39:36
Lucas Havrisik,PK,GB,Green Bay Packers,35,Healthy,,,True,2025-11-04 11:39:36
Brandon McManus,PK,GB,Green Bay Packers,17,Healthy,,,True,2025-11-04 11:39:36
Matt Orzech,LS,GB,Green Bay Packers,42,Healthy,,,True,2025-11-04 11:39:36
Daniel Whelan,P,GB,Green Bay Packers,19,Healthy,,,True,2025-11-04 11:39:36
Brenton Cox Jr.,DE,GB,Green Bay Packers,57,Injured Reserve,Unknown,,False,2025-11-04 11:39:36
Travis Glover,OT,GB,Green Bay Packers,79,Injured Reserve,Unknown,,False,2025-11-04 11:39:36
MarShawn Lloyd,RB,GB,Green Bay Packers,32,Injured Reserve,Unknown,,False,2025-11-04 11:39:36
Nick Niemann,LB,GB,Green Bay Packers,31,Injured Reserve,Unknown,,False,2025-11-04 11:39:36
Collin Oliver,DE,GB,Green Bay Packers,45,Out,Unknown,,False,2025-11-04 11:39:36
Jayden Reed,WR,GB,Green Bay Packers,11,Injured Reserve,Unknown,,False,2025-11-04 11:39:36
John Williams,G,GB,Green Bay Packers,73,Out,Unknown,,False,2025-11-04 11:39:36
Johnathan Baldwin,CB,GB,Green Bay Packers,37,Healthy,,,True,2025-11-04 11:39:36
Brant Banks,OT,GB,Green Bay Packers,76,Healthy,,,True,2025-11-04 11:39:36
Dante Barnett,DT,GB,Green Bay Packers,69,Healthy,,,True,2025-11-04 11:39:36
Dalton Cooper,OT,GB,Green Bay Packers,,Healthy,,,True,2025-11-04 11:39:36
James Ester,DT,GB,Green Bay Packers,98,Healthy,,,True,2025-11-04 11:39:36
Tyron Herring,CB,GB,Green Bay Packers,46,Healthy,,,True,2025-11-04 11:39:36
Jamon Johnson,LB,GB,Green Bay Packers,48,Healthy,,,True,2025-11-04 11:39:36
Jakobie Keeney-James,WR,GB,Green Bay Packers,,Healthy,,,True,2025-11-04 11:39:36
Arron Mosby,DE,GB,Green Bay Packers,53,Healthy,,,True,2025-11-04 11:39:36
Isaiah Neyor,WR,GB,Green Bay Packers,80,Healthy,,,True,2025-11-04 11:39:36
Will Sheppard,WR,GB,Green Bay Packers,82,Healthy,,,True,2025-11-04 11:39:36
Jaylin Simpson,S,GB,Green Bay Packers,38,Healthy,,,True,2025-11-04 11:39:36
Lecitus Smith,G,GB,Green Bay Packers,68,Healthy,,,True,2025-11-04 11:39:36
Pierre Strong Jr.,RB,GB,Green Bay Packers,22,Healthy,,,True,2025-11-04 11:39:36
Clayton Tune,QB,GB,Green Bay Packers,,Healthy,,,True,2025-11-04 11:39:36
Josh Whyle,TE,GB,Green Bay Packers,,Healthy,,,True,2025-11-04 11:39:36
Jake Andrews,C,HOU,Houston Texans,60,Healthy,,,True,2025-11-04 11:39:36
Braxton Berrios,WR,HOU,Houston Texans,17,Healthy,,,True,2025-11-04 11:39:36
British Brooks,RB,HOU,Houston Texans,44,Healthy,,,True,2025-11-04 11:39:36
Trent Brown,OT,HOU,Houston Texans,77,Healthy,,,True,2025-11-04 11:39:36
Harrison Bryant,TE,HOU,Houston Texans,88,Healthy,,,True,2025-11-04 11:39:36
Nick Chubb,RB,HOU,Houston Texans,21,Healthy,,,True,2025-11-04 11:39:36
Nico Collins,WR,HOU,Houston Texans,12,Healthy,,,True,2025-11-04 11:39:36
Aireontae Ersery,OT,HOU,Houston Texans,79,Healthy,,,True,2025-11-04 11:39:36
Blake Fisher,OT,HOU,Houston Texans,57,Healthy,,,True,2025-11-04 11:39:36
Jayden Higgins,WR,HOU,Houston Texans,81,Healthy,,,True,2025-11-04 11:39:36
Tytus Howard,OT,HOU,Houston Texans,71,Questionable,Unknown,,True,2025-11-04 11:39:36
Xavier Hutchinson,WR,HOU,Houston Texans,19,Healthy,,,True,2025-11-04 11:39:36
Ed Ingram,G,HOU,Houston Texans,69,Questionable,Unknown,,True,2025-11-04 11:39:36
Jarrett Kingston,G,HOU,Houston Texans,63,Healthy,,,True,2025-11-04 11:39:36
Christian Kirk,WR,HOU,Houston Texans,13,Healthy,,,True,2025-11-04 11:39:36
Woody Marks,RB,HOU,Houston Texans,27,Healthy,,,True,2025-11-04 11:39:36
Graham Mertz,QB,HOU,Houston Texans,18,Healthy,,,True,2025-11-04 11:39:36
Davis Mills,QB,HOU,Houston Texans,10,Healthy,,,True,2025-11-04 11:39:36
Jaylin Noel,WR,HOU,Houston Texans,14,Healthy,,,True,2025-11-04 11:39:36
Dare Ogunbowale,RB,HOU,Houston Texans,33,Healthy,,,True,2025-11-04 11:39:36
Jarrett Patterson,C,HOU,Houston Texans,54,Healthy,,,True,2025-11-04 11:39:36
Dameon Pierce,RB,HOU,Houston Texans,31,Healthy,,,True,2025-11-04 11:39:36
Dalton Schultz,TE,HOU,Houston Texans,86,Healthy,,,True,2025-11-04 11:39:36
Juice Scruggs,C,HOU,Houston Texans,70,Healthy,,,True,2025-11-04 11:39:36
C.J. Stroud,QB,HOU,Houston Texans,7,Questionable,Unknown,,True,2025-11-04 11:39:36
Laken Tomlinson,G,HOU,Houston Texans,75,Healthy,,,True,2025-11-04 11:39:36
Azeez Al-Shaair,LB,HOU,Houston Texans,0,Healthy,,,True,2025-11-04 11:39:36
Will Anderson Jr.,DE,HOU,Houston Texans,51,Healthy,,,True,2025-11-04 11:39:36
Denico Autry,DE,HOU,Houston Texans,96,Healthy,,,True,2025-11-04 11:39:36
Derek Barnett,DE,HOU,Houston Texans,95,Healthy,,,True,2025-11-04 11:39:36
Calen Bullock,S,HOU,Houston Texans,2,Healthy,,,True,2025-11-04 11:39:36
Mario Edwards Jr.,DT,HOU,Houston Texans,97,Healthy,,,True,2025-11-04 11:39:36
Jake Hansen,LB,HOU,Houston Texans,35,Healthy,,,True,2025-11-04 11:39:36
Christian Harris,LB,HOU,Houston Texans,48,Questionable,Unknown,,True,2025-11-04 11:39:36
Jamal Hill,LB,HOU,Houston Texans,56,Healthy,,,True,2025-11-04 11:39:36
Dylan Horton,DE,HOU,Houston Texans,92,Questionable,Unknown,,True,2025-11-04 11:39:36
Danielle Hunter,DE,HOU,Houston Texans,55,Healthy,,,True,2025-11-04 11:39:36
Kamari Lassiter,CB,HOU,Houston Texans,4,Healthy,,,True,2025-11-04 11:39:36
Jalen Pitre,S,HOU,Houston Texans,5,Healthy,,,True,2025-11-04 11:39:36
Sheldon Rankins,DT,HOU,Houston Texans,90,Healthy,,,True,2025-11-04 11:39:36
Jaylen Reed,S,HOU,Houston Texans,23,Healthy,,,True,2025-11-04 11:39:36
Tim Settle Jr.,DT,HOU,Houston Texans,98,Healthy,,,True,2025-11-04 11:39:36
Jaylin Smith,CB,HOU,Houston Texans,22,Healthy,,,True,2025-11-04 11:39:36
Tremon Smith,CB,HOU,Houston Texans,11,Healthy,,,True,2025-11-04 11:39:36
E.J. Speed,LB,HOU,Houston Texans,45,Healthy,,,True,2025-11-04 11:39:36
M.J. Stewart,S,HOU,Houston Texans,29,Healthy,,,True,2025-11-04 11:39:36
Derek Stingley Jr.,CB,HOU,Houston Texans,24,Healthy,,,True,2025-11-04 11:39:36
Darrell Taylor,DE,HOU,Houston Texans,52,Questionable,Unknown,,True,2025-11-04 11:39:36
Henry To'oTo'o,LB,HOU,Houston Texans,39,Healthy,,,True,2025-11-04 11:39:36
Tommy Togiai,DT,HOU,Houston Texans,72,Healthy,,,True,2025-11-04 11:39:36
Austin Brinkman,LS,HOU,Houston Texans,40,Healthy,,,True,2025-11-04 11:39:36
Ka'imi Fairbairn,PK,HOU,Houston Texans,15,Healthy,,,True,2025-11-04 11:39:36
Tommy Townsend,P,HOU,Houston Texans,6,Healthy,,,True,2025-11-04 11:39:36
Tank Dell,WR,HOU,Houston Texans,3,Out,Unknown,,False,2025-11-04 11:39:36
Folorunso Fatukasi,DT,HOU,Houston Texans,91,Injured Reserve,Unknown,,False,2025-11-04 11:39:36
Kyonte Hamilton,DT,HOU,Houston Texans,58,Injured Reserve,Unknown,,False,2025-11-04 11:39:36
Kurt Hinish,DT,HOU,Houston Texans,93,Out,Unknown,,False,2025-11-04 11:39:36
Alijah Huzzie,CB,HOU,Houston Texans,36,Out,Unknown,,False,2025-11-04 11:39:36
Jakob Johnson,FB,HOU,Houston Texans,43,Injured Reserve,Unknown,,False,2025-11-04 11:39:36
Brevin Jordan,TE,HOU,Houston Texans,9,Injured Reserve,Unknown,,False,2025-11-04 11:39:36
Joe Mixon,RB,HOU,Houston Texans,28,Out,Unknown,,False,2025-11-04 11:39:36
Cade Stover,TE,HOU,Houston Texans,87,Injured Reserve,Unknown,,False,2025-11-04 11:39:36
Jimmie Ward,S,HOU,Houston Texans,20,Out,Unknown,,False,2025-11-04 11:39:36
Justin Watson,WR,HOU,Houston Texans,84,Injured Reserve,Unknown,,False,2025-11-04 11:39:36
Damon Arnette,CB,HOU,Houston Texans,41,Healthy,,,True,2025-11-04 11:39:36
Myles Bryant,CB,HOU,Houston Texans,25,Healthy,,,True,2025-11-04 11:39:36
Solomon Byrd,DE,HOU,Houston Texans,,Healthy,,,True,2025-11-04 11:39:36
Ajani Carter,CB,HOU,Houston Texans,,Healthy,,,True,2025-11-04 11:39:36
Quintez Cephus,WR,HOU,Houston Texans,14,Healthy,,,True,2025-11-04 11:39:36
Eli Cox,C,HOU,Houston Texans,,Healthy,,,True,2025-11-04 11:39:36
Marlon Davidson,DT,HOU,Houston Texans,90,Healthy,,,True,2025-11-04 11:39:36
Dalton Keene,TE,HOU,Houston Texans,40,Healthy,,,True,2025-11-04 11:39:36
Josh Kelly,WR,HOU,Houston Texans,,Healthy,,,True,2025-11-04 11:39:36
Luke Lachey,TE,HOU,Houston Texans,42,Healthy,,,True,2025-11-04 11:39:36
Jalen Mills,S,HOU,Houston Texans,30,Healthy,,,True,2025-11-04 11:39:36
Haggai Ndubuisi,DT,HOU,Houston Texans,,Healthy,,,True,2025-11-04 11:39:36
D'Angelo Ross,CB,HOU,Houston Texans,37,Healthy,,,True,2025-11-04 11:39:36
Sidy Sow,G,HOU,Houston Texans,,Healthy,,,True,2025-11-04 11:39:36
Junior Tafuna,DT,HOU,Houston Texans,,Healthy,,,True,2025-11-04 11:39:36
Jared Wayne,WR,HOU,Houston Texans,89,Healthy,,,True,2025-11-04 11:39:36
Jackson Woodard,LB,HOU,Houston Texans,46,Healthy,,,True,2025-11-04 11:39:36
Ameer Abdullah,RB,IND,Indianapolis Colts,26,Healthy,,,True,2025-11-04 11:39:36
Mo Alie-Cox,TE,IND,Indianapolis Colts,81,Healthy,,,True,2025-11-04 11:39:36
Tanor Bortolini,C,IND,Indianapolis Colts,60,Healthy,,,True,2025-11-04 11:39:36
Josh Downs,WR,IND,Indianapolis Colts,1,Healthy,,,True,2025-11-04 11:39:36
Ashton Dulin,WR,IND,Indianapolis Colts,16,Healthy,,,True,2025-11-04 11:39:36
DJ Giddens,RB,IND,Indianapolis Colts,21,Healthy,,,True,2025-11-04 11:39:36
Matt Goncalves,G,IND,Indianapolis Colts,71,Healthy,,,True,2025-11-04 11:39:36
Tyler Goodson,RB,IND,Indianapolis Colts,31,Healthy,,,True,2025-11-04 11:39:36
Anthony Gould,WR,IND,Indianapolis Colts,6,Questionable,Unknown,,True,2025-11-04 11:39:36
Daniel Jones,QB,IND,Indianapolis Colts,17,Healthy,,,True,2025-11-04 11:39:36
Riley Leonard,QB,IND,Indianapolis Colts,15,Healthy,,,True,2025-11-04 11:39:36
Will Mallory,TE,IND,Indianapolis Colts,86,Healthy,,,True,2025-11-04 11:39:36
Adonai Mitchell,WR,IND,Indianapolis Colts,10,Healthy,,,True,2025-11-04 11:39:36
Quenton Nelson,G,IND,Indianapolis Colts,56,Healthy,,,True,2025-11-04 11:39:36
Drew Ogletree,TE,IND,Indianapolis Colts,85,Healthy,,,True,2025-11-04 11:39:36
Alec Pierce,WR,IND,Indianapolis Colts,14,Healthy,,,True,2025-11-04 11:39:36
Danny Pinter,C,IND,Indianapolis Colts,63,Healthy,,,True,2025-11-04 11:39:36
Michael Pittman Jr.,WR,IND,Indianapolis Colts,11,Healthy,,,True,2025-11-04 11:39:36
Bernhard Raimann,OT,IND,Indianapolis Colts,79,Healthy,,,True,2025-11-04 11:39:36
Braden Smith,OT,IND,Indianapolis Colts,72,Healthy,,,True,2025-11-04 11:39:36
Jonathan Taylor,RB,IND,Indianapolis Colts,28,Healthy,,,True,2025-11-04 11:39:36
Luke Tenuta,OT,IND,Indianapolis Colts,67,Healthy,,,True,2025-11-04 11:39:36
Jalen Travis,OT,IND,Indianapolis Colts,75,Healthy,,,True,2025-11-04 11:39:36
Dalton Tucker,G,IND,Indianapolis Colts,68,Healthy,,,True,2025-11-04 11:39:36
Tyler Warren,TE,IND,Indianapolis Colts,84,Healthy,,,True,2025-11-04 11:39:36
Adetomiwa Adebawore,DT,IND,Indianapolis Colts,95,Healthy,,,True,2025-11-04 11:39:36
Austin Ajiake,LB,IND,Indianapolis Colts,58,Healthy,,,True,2025-11-04 11:39:36
Mekhi Blackmon,CB,IND,Indianapolis Colts,29,Healthy,,,True,2025-11-04 11:39:36
DeForest Buckner,DT,IND,Indianapolis Colts,99,Healthy,,,True,2025-11-04 11:39:36
Cam Bynum,S,IND,Indianapolis Colts,0,Healthy,,,True,2025-11-04 11:39:36
Nick Cross,S,IND,Indianapolis Colts,20,Healthy,,,True,2025-11-04 11:39:36
Samson Ebukam,DE,IND,Indianapolis Colts,52,Questionable,Unknown,,True,2025-11-04 11:39:36
Johnathan Edwards,CB,IND,Indianapolis Colts,35,Healthy,,,True,2025-11-04 11:39:36
Zaire Franklin,LB,IND,Indianapolis Colts,44,Healthy,,,True,2025-11-04 11:39:36
Neville Gallimore,DT,IND,Indianapolis Colts,92,Healthy,,,True,2025-11-04 11:39:36
Buddy Johnson,LB,IND,Indianapolis Colts,59,Healthy,,,True,2025-11-04 11:39:36
Eric Johnson II,DT,IND,Indianapolis Colts,98,Healthy,,,True,2025-11-04 11:39:36
Jaylon Jones,CB,IND,Indianapolis Colts,40,Healthy,,,True,2025-11-04 11:39:36
Chris Lammons,CB,IND,Indianapolis Colts,38,Healthy,,,True,2025-11-04 11:39:36
Laiatu Latu,DE,IND,Indianapolis Colts,97,Healthy,,,True,2025-11-04 11:39:36
Tyquan Lewis,DE,IND,Indianapolis Colts,94,Questionable,Unknown,,True,2025-11-04 11:39:36
Reuben Lowery III,S,IND,Indianapolis Colts,36,Healthy,,,True,2025-11-04 11:39:36
Cameron Mitchell,CB,IND,Indianapolis Colts,43,Healthy,,,True,2025-11-04 11:39:36
Kenny Moore II,CB,IND,Indianapolis Colts,23,Healthy,,,True,2025-11-04 11:39:36
Segun Olubi,LB,IND,Indianapolis Colts,50,Healthy,,,True,2025-11-04 11:39:36
Kwity Paye,DE,IND,Indianapolis Colts,51,Healthy,,,True,2025-11-04 11:39:36
Germaine Pratt,LB,IND,Indianapolis Colts,53,Healthy,,,True,2025-11-04 11:39:36
Grover Stewart,DT,IND,Indianapolis Colts,90,Healthy,,,True,2025-11-04 11:39:36
Rodney Thomas II,S,IND,Indianapolis Colts,25,Healthy,,,True,2025-11-04 11:39:36
JT Tuimoloau,DE,IND,Indianapolis Colts,91,Healthy,,,True,2025-11-04 11:39:36
Michael Badgley,PK,IND,Indianapolis Colts,12,Healthy,,,True,2025-11-04 11:39:36
Luke Rhodes,LS,IND,Indianapolis Colts,46,Healthy,,,True,2025-11-04 11:39:36
Rigoberto Sanchez,P,IND,Indianapolis Colts,8,Healthy,,,True,2025-11-04 11:39:36
Salvon Ahmed,RB,IND,Indianapolis Colts,36,Injured Reserve,Unknown,,False,2025-11-04 11:39:36
Jaylon Carlies,LB,IND,Indianapolis Colts,57,Injured Reserve,Unknown,,False,2025-11-04 11:39:36
Blake Freeland,OT,IND,Indianapolis Colts,73,Injured Reserve,Unknown,,False,2025-11-04 11:39:36
D.J. Montgomery,WR,IND,Indianapolis Colts,2,Injured Reserve,Unknown,,False,2025-11-04 11:39:36
Jacob Phillips,LB,IND,Indianapolis Colts,54,Injured Reserve,Unknown,,False,2025-11-04 11:39:36
Anthony Richardson Sr.,QB,IND,Indianapolis Colts,5,Injured Reserve,Unknown,,False,2025-11-04 11:39:36
Daniel Scott,S,IND,Indianapolis Colts,32,Injured Reserve,Unknown,,False,2025-11-04 11:39:36
Spencer Shrader,PK,IND,Indianapolis Colts,3,Injured Reserve,Unknown,,False,2025-11-04 11:39:36
Justin Walley,CB,IND,Indianapolis Colts,27,Injured Reserve,Unknown,,False,2025-11-04 11:39:36
Charvarius Ward,CB,IND,Indianapolis Colts,7,Injured Reserve,Unknown,,False,2025-11-04 11:39:36
Jack Wilson,OT,IND,Indianapolis Colts,76,Injured Reserve,Unknown,,False,2025-11-04 11:39:36
Hunter Wohler,S,IND,Indianapolis Colts,30,Injured Reserve,Unknown,,False,2025-11-04 11:39:36
Ulysses Bentley IV,RB,IND,Indianapolis Colts,37,Healthy,,,True,2025-11-04 11:39:36
Mike Hilton,CB,IND,Indianapolis Colts,33,Out,Unknown,,False,2025-11-04 11:39:36
Tanoh Kpassagnon,DE,IND,Indianapolis Colts,,Healthy,,,True,2025-11-04 11:39:36
David Long Jr.,CB,IND,Indianapolis Colts,34,Healthy,,,True,2025-11-04 11:39:36
Maximilian Mang,TE,IND,Indianapolis Colts,45,Healthy,,,True,2025-11-04 11:39:36
Bayron Matos,OT,IND,Indianapolis Colts,,Healthy,,,True,2025-11-04 11:39:36
Sean McKeon,TE,IND,Indianapolis Colts,49,Healthy,,,True,2025-11-04 11:39:36
Jimmy Morrissey,C,IND,Indianapolis Colts,,Healthy,,,True,2025-11-04 11:39:36
Durell Nchami,DE,IND,Indianapolis Colts,74,Healthy,,,True,2025-11-04 11:39:36
Ben Nikkel,S,IND,Indianapolis Colts,,Healthy,,,True,2025-11-04 11:39:36
Coleman Owen,WR,IND,Indianapolis Colts,3,Healthy,,,True,2025-11-04 11:39:36
Troy Pride Jr.,CB,IND,Indianapolis Colts,,Healthy,,,True,2025-11-04 11:39:36
Brett Rypien,QB,IND,Indianapolis Colts,4,Healthy,,,True,2025-11-04 11:39:36
Josh Sills,G,IND,Indianapolis Colts,66,Healthy,,,True,2025-11-04 11:39:36
Tim Smith,DT,IND,Indianapolis Colts,93,Healthy,,,True,2025-11-04 11:39:36
Laquon Treadwell,WR,IND,Indianapolis Colts,13,Healthy,,,True,2025-11-04 11:39:36
Anthony Walker Jr.,LB,IND,Indianapolis Colts,,Healthy,,,True,2025-11-04 11:39:36
LeQuint Allen Jr.,RB,JAX,Jacksonville Jaguars,36,Healthy,,,True,2025-11-04 11:39:36
Dyami Brown,WR,JAX,Jacksonville Jaguars,5,Questionable,Unknown,,True,2025-11-04 11:39:36
Ezra Cleveland,G,JAX,Jacksonville Jaguars,76,Questionable,Unknown,,True,2025-11-04 11:39:36
Chuma Edoga,G,JAX,Jacksonville Jaguars,55,Healthy,,,True,2025-11-04 11:39:36
Travis Etienne Jr.,RB,JAX,Jacksonville Jaguars,1,Healthy,,,True,2025-11-04 11:39:36
Robert Hainsey,C,JAX,Jacksonville Jaguars,73,Healthy,,,True,2025-11-04 11:39:36
Anton Harrison,OT,JAX,Jacksonville Jaguars,77,Healthy,,,True,2025-11-04 11:39:36
Trevor Lawrence,QB,JAX,Jacksonville Jaguars,16,Healthy,,,True,2025-11-04 11:39:36
Walker Little,OT,JAX,Jacksonville Jaguars,72,Healthy,,,True,2025-11-04 11:39:36
Hunter Long,TE,JAX,Jacksonville Jaguars,84,Healthy,,,True,2025-11-04 11:39:36
Patrick Mekari,G,JAX,Jacksonville Jaguars,65,Healthy,,,True,2025-11-04 11:39:36
Wyatt Milum,G,JAX,Jacksonville Jaguars,64,Healthy,,,True,2025-11-04 11:39:36
Jonah Monheim,C,JAX,Jacksonville Jaguars,60,Healthy,,,True,2025-11-04 11:39:36
Quintin Morris,TE,JAX,Jacksonville Jaguars,80,Questionable,Unknown,,True,2025-11-04 11:39:36
Nick Mullens,QB,JAX,Jacksonville Jaguars,14,Healthy,,,True,2025-11-04 11:39:36
Johnny Mundt,TE,JAX,Jacksonville Jaguars,86,Healthy,,,True,2025-11-04 11:39:36
Tim Patrick,WR,JAX,Jacksonville Jaguars,17,Questionable,Unknown,,True,2025-11-04 11:39:36
Cody Schrader,RB,JAX,Jacksonville Jaguars,32,Healthy,,,True,2025-11-04 11:39:36
Brian Thomas Jr.,WR,JAX,Jacksonville Jaguars,7,Questionable,Unknown,,True,2025-11-04 11:39:36
Austin Trammell,WR,JAX,Jacksonville Jaguars,81,Healthy,,,True,2025-11-04 11:39:36
Bhayshul Tuten,RB,JAX,Jacksonville Jaguars,33,Healthy,,,True,2025-11-04 11:39:36
Cole Van Lanen,OT,JAX,Jacksonville Jaguars,70,Healthy,,,True,2025-11-04 11:39:36
Parker Washington,WR,JAX,Jacksonville Jaguars,11,Healthy,,,True,2025-11-04 11:39:36
Yasir Abdullah,LB,JAX,Jacksonville Jaguars,56,Healthy,,,True,2025-11-04 11:39:36
Arik Armstead,DT,JAX,Jacksonville Jaguars,91,Healthy,,,True,2025-11-04 11:39:36
Christian Braswell,CB,JAX,Jacksonville Jaguars,21,Healthy,,,True,2025-11-04 11:39:36
Montaric Brown,CB,JAX,Jacksonville Jaguars,30,Healthy,,,True,2025-11-04 11:39:36
Dennis Gardeck,LB,JAX,Jacksonville Jaguars,47,Healthy,,,True,2025-11-04 11:39:36
BJ Green II,DE,JAX,Jacksonville Jaguars,95,Healthy,,,True,2025-11-04 11:39:36
Kahlef Hailassie,S,JAX,Jacksonville Jaguars,20,Healthy,,,True,2025-11-04 11:39:36
DaVon Hamilton,DT,JAX,Jacksonville Jaguars,52,Healthy,,,True,2025-11-04 11:39:36
Josh Hines-Allen,DE,JAX,Jacksonville Jaguars,41,Healthy,,,True,2025-11-04 11:39:36
Antonio Johnson,S,JAX,Jacksonville Jaguars,26,Healthy,,,True,2025-11-04 11:39:36
Austin Johnson,DT,JAX,Jacksonville Jaguars,99,Healthy,,,True,2025-11-04 11:39:36
Jarrian Jones,CB,JAX,Jacksonville Jaguars,22,Healthy,,,True,2025-11-04 11:39:36
Jack Kiser,LB,JAX,Jacksonville Jaguars,54,Healthy,,,True,2025-11-04 11:39:36
Rayuan Lane III,S,JAX,Jacksonville Jaguars,25,Healthy,,,True,2025-11-04 11:39:36
Jourdan Lewis,CB,JAX,Jacksonville Jaguars,2,Questionable,Unknown,,True,2025-11-04 11:39:36
Devin Lloyd,LB,JAX,Jacksonville Jaguars,0,Questionable,Unknown,,True,2025-11-04 11:39:36
Ventrell Miller,LB,JAX,Jacksonville Jaguars,51,Healthy,,,True,2025-11-04 11:39:36
Greg Newsome II,CB,JAX,Jacksonville Jaguars,6,Healthy,,,True,2025-11-04 11:39:36
Emmanuel Ogbah,DE,JAX,Jacksonville Jaguars,90,Healthy,,,True,2025-11-04 11:39:36
Foyesade Oluokun,LB,JAX,Jacksonville Jaguars,23,Healthy,,,True,2025-11-04 11:39:36
Khalen Saunders,DT,JAX,Jacksonville Jaguars,96,Healthy,,,True,2025-11-04 11:39:36
Maason Smith,DT,JAX,Jacksonville Jaguars,94,Healthy,,,True,2025-11-04 11:39:36
Dawuane Smoot,DE,JAX,Jacksonville Jaguars,98,Healthy,,,True,2025-11-04 11:39:36
Danny Striggow,DE,JAX,Jacksonville Jaguars,92,Healthy,,,True,2025-11-04 11:39:36
Travon Walker,DE,JAX,Jacksonville Jaguars,44,Healthy,,,True,2025-11-04 11:39:36
Andrew Wingard,S,JAX,Jacksonville Jaguars,42,Healthy,,,True,2025-11-04 11:39:36
Logan Cooke,P,JAX,Jacksonville Jaguars,9,Healthy,,,True,2025-11-04 11:39:36
Cam Little,PK,JAX,Jacksonville Jaguars,39,Healthy,,,True,2025-11-04 11:39:36
Ross Matiscik,LS,JAX,Jacksonville Jaguars,46,Healthy,,,True,2025-11-04 11:39:36
Joshua Cephus,WR,JAX,Jacksonville Jaguars,18,Injured Reserve,Unknown,,False,2025-11-04 11:39:36
Cooper Hodges,OT,JAX,Jacksonville Jaguars,75,Out,Unknown,,False,2025-11-04 11:39:36
Travis Hunter,WR,JAX,Jacksonville Jaguars,12,Injured Reserve,Unknown,,False,2025-11-04 11:39:36
Jalen McLeod,LB,JAX,Jacksonville Jaguars,35,Injured Reserve,Unknown,,False,2025-11-04 11:39:36
Eric Murray,S,JAX,Jacksonville Jaguars,29,Injured Reserve,Unknown,,False,2025-11-04 11:39:36
Caleb Ransaw,CB,JAX,Jacksonville Jaguars,27,Injured Reserve,Unknown,,False,2025-11-04 11:39:36
Brenton Strange,TE,JAX,Jacksonville Jaguars,85,Injured Reserve,Unknown,,False,2025-11-04 11:39:36
Jordan Akins,TE,JAX,Jacksonville Jaguars,,Healthy,,,True,2025-11-04 11:39:36
Carter Bradley,QB,JAX,Jacksonville Jaguars,,Healthy,,,True,2025-11-04 11:39:36
Chandler Brayboy,WR,JAX,Jacksonville Jaguars,15,Healthy,,,True,2025-11-04 11:39:36
Jerome Carvin,C,JAX,Jacksonville Jaguars,79,Healthy,,,True,2025-11-04 11:39:36
Branson Combs,LB,JAX,Jacksonville Jaguars,50,Healthy,,,True,2025-11-04 11:39:36
Matt Dickerson,DE,JAX,Jacksonville Jaguars,,Healthy,,,True,2025-11-04 11:39:36
Patrick Herbert,TE,JAX,Jacksonville Jaguars,47,Healthy,,,True,2025-11-04 11:39:36
Qadir Ismail,TE,JAX,Jacksonville Jaguars,,Healthy,,,True,2025-11-04 11:39:36
Ja'Quinden Jackson,RB,JAX,Jacksonville Jaguars,38,Healthy,,,True,2025-11-04 11:39:36
Tim Jones,WR,JAX,Jacksonville Jaguars,13,Healthy,,,True,2025-11-04 11:39:36
Ricky Lee,OT,JAX,Jacksonville Jaguars,66,Healthy,,,True,2025-11-04 11:39:36
Keni-H Lovely,CB,JAX,Jacksonville Jaguars,31,Healthy,,,True,2025-11-04 11:39:36
Jabbar Muhammad,CB,JAX,Jacksonville Jaguars,37,Healthy,,,True,2025-11-04 11:39:36
Keivie Rose,DT,JAX,Jacksonville Jaguars,97,Healthy,,,True,2025-11-04 11:39:36
Cam'Ron Silmon-Craig,S,JAX,Jacksonville Jaguars,32,Healthy,,,True,2025-11-04 11:39:36
Sal Wormley,G,JAX,Jacksonville Jaguars,61,Healthy,,,True,2025-11-04 11:39:36
Kilian Zierer,OT,JAX,Jacksonville Jaguars,,Healthy,,,True,2025-11-04 11:39:36
Hollywood Brown,WR,KC,Kansas City Chiefs,5,Healthy,,,True,2025-11-04 11:39:36
Mike Caliendo,G,KC,Kansas City Chiefs,66,Healthy,,,True,2025-11-04 11:39:36
Noah Gray,TE,KC,Kansas City Chiefs,83,Healthy,,,True,2025-11-04 11:39:36
Creed Humphrey,C,KC,Kansas City Chiefs,52,Healthy,,,True,2025-11-04 11:39:36
Kareem Hunt,RB,KC,Kansas City Chiefs,29,Healthy,,,True,2025-11-04 11:39:36
Travis Kelce,TE,KC,Kansas City Chiefs,87,Healthy,,,True,2025-11-04 11:39:36
Patrick Mahomes,QB,KC,Kansas City Chiefs,15,Healthy,,,True,2025-11-04 11:39:36
Gardner Minshew,QB,KC,Kansas City Chiefs,17,Healthy,,,True,2025-11-04 11:39:36
Elijah Mitchell,RB,KC,Kansas City Chiefs,25,Healthy,,,True,2025-11-04 11:39:36
Jaylon Moore,G,KC,Kansas City Chiefs,77,Healthy,,,True,2025-11-04 11:39:36
Wanya Morris,OT,KC,Kansas City Chiefs,64,Healthy,,,True,2025-11-04 11:39:36
Hunter Nourzad,C,KC,Kansas City Chiefs,60,Healthy,,,True,2025-11-04 11:39:36
Isiah Pacheco,RB,KC,Kansas City Chiefs,10,Out,Unknown,,False,2025-11-04 11:39:36
Nikko Remigio,WR,KC,Kansas City Chiefs,81,Healthy,,,True,2025-11-04 11:39:36
Rashee Rice,WR,KC,Kansas City Chiefs,4,Healthy,,,True,2025-11-04 11:39:36
Jalen Royals,WR,KC,Kansas City Chiefs,11,Healthy,,,True,2025-11-04 11:39:36
Josh Simmons,OT,KC,Kansas City Chiefs,71,Healthy,,,True,2025-11-04 11:39:36
Brashard Smith,RB,KC,Kansas City Chiefs,24,Healthy,,,True,2025-11-04 11:39:36
Trey Smith,G,KC,Kansas City Chiefs,65,Healthy,,,True,2025-11-04 11:39:36
JuJu Smith-Schuster,WR,KC,Kansas City Chiefs,9,Healthy,,,True,2025-11-04 11:39:36
Kingsley Suamataia,OT,KC,Kansas City Chiefs,76,Healthy,,,True,2025-11-04 11:39:36
Jawaan Taylor,OT,KC,Kansas City Chiefs,74,Questionable,Unknown,,True,2025-11-04 11:39:36
Tyquan Thornton,WR,KC,Kansas City Chiefs,80,Healthy,,,True,2025-11-04 11:39:36
Robert Tonyan,TE,KC,Kansas City Chiefs,85,Healthy,,,True,2025-11-04 11:39:36
Jared Wiley,TE,KC,Kansas City Chiefs,12,Healthy,,,True,2025-11-04 11:39:36
Xavier Worthy,WR,KC,Kansas City Chiefs,1,Healthy,,,True,2025-11-04 11:39:36
Jeffrey Bassa,LB,KC,Kansas City Chiefs,31,Healthy,,,True,2025-11-04 11:39:36
Nick Bolton,LB,KC,Kansas City Chiefs,32,Healthy,,,True,2025-11-04 11:39:36
Leo Chenal,LB,KC,Kansas City Chiefs,54,Healthy,,,True,2025-11-04 11:39:36
Jack Cochrane,LB,KC,Kansas City Chiefs,43,Healthy,,,True,2025-11-04 11:39:36
Chamarri Conner,S,KC,Kansas City Chiefs,27,Healthy,,,True,2025-11-04 11:39:36
Bryan Cook,S,KC,Kansas City Chiefs,6,Healthy,,,True,2025-11-04 11:39:36
Mike Danna,DE,KC,Kansas City Chiefs,51,Healthy,,,True,2025-11-04 11:39:36
Kristian Fulton,CB,KC,Kansas City Chiefs,8,Healthy,,,True,2025-11-04 11:39:36
Ashton Gillotte,DE,KC,Kansas City Chiefs,97,Healthy,,,True,2025-11-04 11:39:36
Jaden Hicks,S,KC,Kansas City Chiefs,21,Healthy,,,True,2025-11-04 11:39:36
Chris Jones,DT,KC,Kansas City Chiefs,95,Healthy,,,True,2025-11-04 11:39:36
George Karlaftis,DE,KC,Kansas City Chiefs,56,Healthy,,,True,2025-11-04 11:39:36
Kevin Knowles,CB,KC,Kansas City Chiefs,38,Healthy,,,True,2025-11-04 11:39:36
Cooper McDonald,LB,KC,Kansas City Chiefs,59,Healthy,,,True,2025-11-04 11:39:36
Trent McDuffie,CB,KC,Kansas City Chiefs,22,Healthy,,,True,2025-11-04 11:39:36
Derrick Nnadi,DT,KC,Kansas City Chiefs,92,Healthy,,,True,2025-11-04 11:39:36
Charles Omenihu,DE,KC,Kansas City Chiefs,90,Healthy,,,True,2025-11-04 11:39:36
Mike Pennel,DT,KC,Kansas City Chiefs,69,Healthy,,,True,2025-11-04 11:39:36
Chris Roland-Wallace,CB,KC,Kansas City Chiefs,30,Healthy,,,True,2025-11-04 11:39:36
Jerry Tillery,DT,KC,Kansas City Chiefs,99,Healthy,,,True,2025-11-04 11:39:36
Drue Tranquill,LB,KC,Kansas City Chiefs,23,Healthy,,,True,2025-11-04 11:39:36
Jaylen Watson,CB,KC,Kansas City Chiefs,35,Healthy,,,True,2025-11-04 11:39:36
Joshua Williams,CB,KC,Kansas City Chiefs,2,Healthy,,,True,2025-11-04 11:39:36
Nohl Williams,CB,KC,Kansas City Chiefs,20,Healthy,,,True,2025-11-04 11:39:36
Matt Araiza,P,KC,Kansas City Chiefs,14,Healthy,,,True,2025-11-04 11:39:36
Harrison Butker,PK,KC,Kansas City Chiefs,7,Healthy,,,True,2025-11-04 11:39:36
James Winchester,LS,KC,Kansas City Chiefs,41,Healthy,,,True,2025-11-04 11:39:36
Felix Anudike-Uzomah,DE,KC,Kansas City Chiefs,91,Injured Reserve,Unknown,,False,2025-11-04 11:39:36
Jake Briningstool,TE,KC,Kansas City Chiefs,88,Injured Reserve,Unknown,,False,2025-11-04 11:39:36
Deon Bush,S,KC,Kansas City Chiefs,26,Injured Reserve,Unknown,,False,2025-11-04 11:39:36
Ethan Driskell,OT,KC,Kansas City Chiefs,75,Out,Unknown,,False,2025-11-04 11:39:36
Brandon George,LB,KC,Kansas City Chiefs,50,Injured Reserve,Unknown,,False,2025-11-04 11:39:36
Keaontay Ingram,RB,KC,Kansas City Chiefs,30,Injured Reserve,Unknown,,False,2025-11-04 11:39:36
Nazeeh Johnson,S,KC,Kansas City Chiefs,13,Injured Reserve,Unknown,,False,2025-11-04 11:39:36
Omarr Norman-Lott,DT,KC,Kansas City Chiefs,55,Injured Reserve,Unknown,,False,2025-11-04 11:39:36
Janarius Robinson,DE,KC,Kansas City Chiefs,98,Injured Reserve,Unknown,,False,2025-11-04 11:39:36
Eric Scott Jr.,CB,KC,Kansas City Chiefs,45,Injured Reserve,Unknown,,False,2025-11-04 11:39:36
Jason Brownlee,WR,KC,Kansas City Chiefs,89,Healthy,,,True,2025-11-04 11:39:36
Cole Christiansen,LB,KC,Kansas City Chiefs,,Healthy,,,True,2025-11-04 11:39:36
Ethan Downs,DE,KC,Kansas City Chiefs,,Healthy,,,True,2025-11-04 11:39:36
Mike Edwards,S,KC,Kansas City Chiefs,34,Healthy,,,True,2025-11-04 11:39:36
Clyde Edwards-Helaire,RB,KC,Kansas City Chiefs,44,Healthy,,,True,2025-11-04 11:39:36
Chukwuebuka Godrick,OT,KC,Kansas City Chiefs,72,Healthy,,,True,2025-11-04 11:39:36
C.J. Hanson,G,KC,Kansas City Chiefs,61,Healthy,,,True,2025-11-04 11:39:36
Jimmy Holiday,WR,KC,Kansas City Chiefs,82,Healthy,,,True,2025-11-04 11:39:36
Brodric Martin,DT,KC,Kansas City Chiefs,93,Healthy,,,True,2025-11-04 11:39:36
Chris Oladokun,QB,KC,Kansas City Chiefs,19,Healthy,,,True,2025-11-04 11:39:36
Zacch Pickens,DT,KC,Kansas City Chiefs,,Healthy,,,True,2025-11-04 11:39:36
Esa Pole,OT,KC,Kansas City Chiefs,,Healthy,,,True,2025-11-04 11:39:36
Tyreke Smith,LB,KC,Kansas City Chiefs,,Healthy,,,True,2025-11-04 11:39:36
Melvin Smith Jr.,CB,KC,Kansas City Chiefs,39,Healthy,,,True,2025-11-04 11:39:36
Carson Steele,FB,KC,Kansas City Chiefs,42,Healthy,,,True,2025-11-04 11:39:36
Marlon Tuipulotu,DT,KC,Kansas City Chiefs,96,Healthy,,,True,2025-11-04 11:39:36
Tre Watson,TE,KC,Kansas City Chiefs,49,Healthy,,,True,2025-11-04 11:39:36
Alex Bachman,WR,LV,Las Vegas Raiders,81,Healthy,,,True,2025-11-04 11:39:36
Jack Bech,WR,LV,Las Vegas Raiders,18,Healthy,,,True,2025-11-04 11:39:36
Brock Bowers,TE,LV,Las Vegas Raiders,89,Healthy,,,True,2025-11-04 11:39:36
Alex Cappa,G,LV,Las Vegas Raiders,65,Healthy,,,True,2025-11-04 11:39:36
Stone Forsythe,OT,LV,Las Vegas Raiders,70,Healthy,,,True,2025-11-04 11:39:36
DJ Glaze,OT,LV,Las Vegas Raiders,71,Healthy,,,True,2025-11-04 11:39:36
Charles Grant,OT,LV,Las Vegas Raiders,60,Healthy,,,True,2025-11-04 11:39:36
Ashton Jeanty,RB,LV,Las Vegas Raiders,2,Healthy,,,True,2025-11-04 11:39:36
Dylan Laube,RB,LV,Las Vegas Raiders,23,Healthy,,,True,2025-11-04 11:39:36
Tyler Lockett,WR,LV,Las Vegas Raiders,17,Healthy,,,True,2025-11-04 11:39:36
Michael Mayer,TE,LV,Las Vegas Raiders,87,Healthy,,,True,2025-11-04 11:39:36
Jordan Meredith,G,LV,Las Vegas Raiders,61,Healthy,,,True,2025-11-04 11:39:36
Jakobi Meyers,WR,LV,Las Vegas Raiders,16,Healthy,,,True,2025-11-04 11:39:36
Raheem Mostert,RB,LV,Las Vegas Raiders,31,Healthy,,,True,2025-11-04 11:39:36
Dylan Parham,G,LV,Las Vegas Raiders,66,Healthy,,,True,2025-11-04 11:39:36
Kenny Pickett,QB,LV,Las Vegas Raiders,15,Healthy,,,True,2025-11-04 11:39:36
Jackson Powers-Johnson,C,LV,Las Vegas Raiders,58,Healthy,,,True,2025-11-04 11:39:36
Will Putnam,C,LV,Las Vegas Raiders,67,Healthy,,,True,2025-11-04 11:39:36
Caleb Rogers,G,LV,Las Vegas Raiders,76,Healthy,,,True,2025-11-04 11:39:36
Carter Runyon,TE,LV,Las Vegas Raiders,46,Healthy,,,True,2025-11-04 11:39:36
Geno Smith,QB,LV,Las Vegas Raiders,7,Healthy,,,True,2025-11-04 11:39:36
Ian Thomas,TE,LV,Las Vegas Raiders,80,Healthy,,,True,2025-11-04 11:39:36
Dont'e Thornton Jr.,WR,LV,Las Vegas Raiders,10,Healthy,,,True,2025-11-04 11:39:36
Tre Tucker,WR,LV,Las Vegas Raiders,1,Healthy,,,True,2025-11-04 11:39:36
Zamir White,RB,LV,Las Vegas Raiders,3,Healthy,,,True,2025-11-04 11:39:36
Jamal Adams,LB,LV,Las Vegas Raiders,33,Healthy,,,True,2025-11-04 11:39:36
Thomas Booker IV,DT,LV,Las Vegas Raiders,99,Healthy,,,True,2025-11-04 11:39:36
Adam Butler,DT,LV,Las Vegas Raiders,69,Healthy,,,True,2025-11-04 11:39:36
Jeremy Chinn,S,LV,Las Vegas Raiders,11,Healthy,,,True,2025-11-04 11:39:36
Maxx Crosby,DE,LV,Las Vegas Raiders,98,Healthy,,,True,2025-11-04 11:39:36
Tommy Eichenberg,LB,LV,Las Vegas Raiders,44,Healthy,,,True,2025-11-04 11:39:36
Leki Fotu,DT,LV,Las Vegas Raiders,95,Healthy,,,True,2025-11-04 11:39:36
Tonka Hemingway,DT,LV,Las Vegas Raiders,97,Healthy,,,True,2025-11-04 11:39:36
Darnay Holmes,CB,LV,Las Vegas Raiders,30,Healthy,,,True,2025-11-04 11:39:36
Kyu Blu Kelly,CB,LV,Las Vegas Raiders,36,Healthy,,,True,2025-11-04 11:39:36
Malcolm Koonce,DE,LV,Las Vegas Raiders,51,Healthy,,,True,2025-11-04 11:39:36
Jonah Laulu,DT,LV,Las Vegas Raiders,96,Healthy,,,True,2025-11-04 11:39:36
Cody Lindenberg,LB,LV,Las Vegas Raiders,55,Healthy,,,True,2025-11-04 11:39:36
Tristin McCollum,S,LV,Las Vegas Raiders,27,Healthy,,,True,2025-11-04 11:39:36
JJ Pegues,DT,LV,Las Vegas Raiders,92,Healthy,,,True,2025-11-04 11:39:36
Isaiah Pola-Mao,S,LV,Las Vegas Raiders,20,Healthy,,,True,2025-11-04 11:39:36
Darien Porter,CB,LV,Las Vegas Raiders,26,Healthy,,,True,2025-11-04 11:39:36
Jon Rhattigan,LB,LV,Las Vegas Raiders,59,Healthy,,,True,2025-11-04 11:39:36
Decamerion Richardson,CB,LV,Las Vegas Raiders,25,Healthy,,,True,2025-11-04 11:39:36
Elandon Roberts,LB,LV,Las Vegas Raiders,52,Healthy,,,True,2025-11-04 11:39:36
Chris Smith II,S,LV,Las Vegas Raiders,29,Healthy,,,True,2025-11-04 11:39:36
Charles Snowden,DE,LV,Las Vegas Raiders,49,Healthy,,,True,2025-11-04 11:39:36
Eric Stokes,CB,LV,Las Vegas Raiders,22,Healthy,,,True,2025-11-04 11:39:36
Devin White,LB,LV,Las Vegas Raiders,45,Healthy,,,True,2025-11-04 11:39:36
Tyree Wilson,DE,LV,Las Vegas Raiders,9,Healthy,,,True,2025-11-04 11:39:36
Jacob Bobenmoyer,LS,LV,Las Vegas Raiders,50,Healthy,,,True,2025-11-04 11:39:36
Daniel Carlson,PK,LV,Las Vegas Raiders,8,Healthy,,,True,2025-11-04 11:39:36
AJ Cole,P,LV,Las Vegas Raiders,6,Healthy,,,True,2025-11-04 11:39:36
Brennan Jackson,LB,LV,Las Vegas Raiders,54,Injured Reserve,Unknown,,False,2025-11-04 11:39:36
Lonnie Johnson Jr.,CB,LV,Las Vegas Raiders,32,Injured Reserve,Unknown,,False,2025-11-04 11:39:36
Kolton Miller,OT,LV,Las Vegas Raiders,74,Injured Reserve,Unknown,,False,2025-11-04 11:39:36
Aidan O'Connell,QB,LV,Las Vegas Raiders,12,Injured Reserve,Unknown,,False,2025-11-04 11:39:36
Chris Collier,RB,LV,Las Vegas Raiders,35,Healthy,,,True,2025-11-04 11:39:36
Jamin Davis,LB,LV,Las Vegas Raiders,,Healthy,,,True,2025-11-04 11:39:36
Phillip Dorsett II,WR,LV,Las Vegas Raiders,13,Healthy,,,True,2025-11-04 11:39:36
Terrell Edmunds,S,LV,Las Vegas Raiders,28,Healthy,,,True,2025-11-04 11:39:36
Jahfari Harvey,DE,LV,Las Vegas Raiders,,Healthy,,,True,2025-11-04 11:39:36
Shedrick Jackson,WR,LV,Las Vegas Raiders,4,Healthy,,,True,2025-11-04 11:39:36
Treven Ma'ae,DT,LV,Las Vegas Raiders,,Healthy,,,True,2025-11-04 11:39:36
Atonio Mafi,G,LV,Las Vegas Raiders,56,Healthy,,,True,2025-11-04 11:39:36
Cam Miller,QB,LV,Las Vegas Raiders,5,Healthy,,,True,2025-11-04 11:39:36
Albert Okwuegbunam Jr.,TE,LV,Las Vegas Raiders,86,Healthy,,,True,2025-11-04 11:39:36
Layden Robinson,G,LV,Las Vegas Raiders,,Healthy,,,True,2025-11-04 11:39:36
Justin Shorter,WR,LV,Las Vegas Raiders,88,Healthy,,,True,2025-11-04 11:39:36
Laki Tasi,OT,LV,Las Vegas Raiders,79,Healthy,,,True,2025-11-04 11:39:36
DJ Turner,WR,LV,Las Vegas Raiders,19,Healthy,,,True,2025-11-04 11:39:36
Greedy Vance,CB,LV,Las Vegas Raiders,41,Healthy,,,True,2025-11-04 11:39:36
Dalton Wagner,OT,LV,Las Vegas Raiders,,Healthy,,,True,2025-11-04 11:39:36
Leroy Watson IV,OT,LV,Las Vegas Raiders,,Healthy,,,True,2025-11-04 11:39:36
Keenan Allen,WR,LAC,Los Angeles Chargers,13,Healthy,,,True,2025-11-04 11:39:36
Joe Alt,OT,LAC,Los Angeles Chargers,76,Out,Unknown,,False,2025-11-04 11:39:36
Mekhi Becton,G,LAC,Los Angeles Chargers,73,Questionable,Unknown,,True,2025-11-04 11:39:36
Bradley Bozeman,C,LAC,Los Angeles Chargers,75,Healthy,,,True,2025-11-04 11:39:36
Tyler Conklin,TE,LAC,Los Angeles Chargers,83,Healthy,,,True,2025-11-04 11:39:36
Derius Davis,WR,LAC,Los Angeles Chargers,12,Healthy,,,True,2025-11-04 11:39:36
Austin Deculus,OT,LAC,Los Angeles Chargers,74,Healthy,,,True,2025-11-04 11:39:36
Will Dissly,TE,LAC,Los Angeles Chargers,89,Questionable,Unknown,,True,2025-11-04 11:39:36
Tucker Fisk,TE,LAC,Los Angeles Chargers,42,Healthy,,,True,2025-11-04 11:39:36
Oronde Gadsden II,TE,LAC,Los Angeles Chargers,86,Healthy,,,True,2025-11-04 11:39:36
Tre' Harris,WR,LAC,Los Angeles Chargers,9,Healthy,,,True,2025-11-04 11:39:36
Bobby Hart,OT,LAC,Los Angeles Chargers,66,Questionable,Unknown,,True,2025-11-04 11:39:36
Justin Herbert,QB,LAC,Los Angeles Chargers,10,Healthy,,,True,2025-11-04 11:39:36
Andre James,C,LAC,Los Angeles Chargers,78,Healthy,,,True,2025-11-04 11:39:36
Zion Johnson,G,LAC,Los Angeles Chargers,77,Healthy,,,True,2025-11-04 11:39:36
Quentin Johnston,WR,LAC,Los Angeles Chargers,1,Healthy,,,True,2025-11-04 11:39:36
KeAndre Lambert-Smith,WR,LAC,Los Angeles Chargers,84,Healthy,,,True,2025-11-04 11:39:36
Trey Lance,QB,LAC,Los Angeles Chargers,5,Healthy,,,True,2025-11-04 11:39:36
Scott Matlock,FB,LAC,Los Angeles Chargers,44,Healthy,,,True,2025-11-04 11:39:36
Ladd McConkey,WR,LAC,Los Angeles Chargers,15,Healthy,,,True,2025-11-04 11:39:36
Trey Pipkins III,G,LAC,Los Angeles Chargers,79,Healthy,,,True,2025-11-04 11:39:36
Jamaree Salyer,G,LAC,Los Angeles Chargers,68,Healthy,,,True,2025-11-04 11:39:36
Foster Sarell,OT,LAC,Los Angeles Chargers,67,Healthy,,,True,2025-11-04 11:39:36
Kimani Vidal,RB,LAC,Los Angeles Chargers,30,Healthy,,,True,2025-11-04 11:39:36
Jamaree Caldwell,DT,LAC,Los Angeles Chargers,99,Healthy,,,True,2025-11-04 11:39:36
Bud Dupree,LB,LAC,Los Angeles Chargers,48,Healthy,,,True,2025-11-04 11:39:36
Troy Dye,LB,LAC,Los Angeles Chargers,43,Healthy,,,True,2025-11-04 11:39:36
Justin Eboigbe,DT,LAC,Los Angeles Chargers,92,Healthy,,,True,2025-11-04 11:39:36
Cam Hart,CB,LAC,Los Angeles Chargers,20,Healthy,,,True,2025-11-04 11:39:36
Daiyan Henley,LB,LAC,Los Angeles Chargers,0,Healthy,,,True,2025-11-04 11:39:36
Donte Jackson,CB,LAC,Los Angeles Chargers,26,Healthy,,,True,2025-11-04 11:39:36
Derwin James Jr.,S,LAC,Los Angeles Chargers,3,Healthy,,,True,2025-11-04 11:39:36
Tony Jefferson,S,LAC,Los Angeles Chargers,23,Questionable,Unknown,,True,2025-11-04 11:39:36
Naquan Jones,DT,LAC,Los Angeles Chargers,96,Healthy,,,True,2025-11-04 11:39:36
Kyle Kennard,LB,LAC,Los Angeles Chargers,54,Healthy,,,True,2025-11-04 11:39:36
Khalil Mack,LB,LAC,Los Angeles Chargers,52,Healthy,,,True,2025-11-04 11:39:36
RJ Mickens,S,LAC,Los Angeles Chargers,27,Healthy,,,True,2025-11-04 11:39:36
Elijah Molden,CB,LAC,Los Angeles Chargers,2,Healthy,,,True,2025-11-04 11:39:36
Odafe Oweh,LB,LAC,Los Angeles Chargers,98,Healthy,,,True,2025-11-04 11:39:36
Denzel Perryman,LB,LAC,Los Angeles Chargers,6,Healthy,,,True,2025-11-04 11:39:36
Del'Shawn Phillips,LB,LAC,Los Angeles Chargers,53,Healthy,,,True,2025-11-04 11:39:36
Nikko Reed,CB,LAC,Los Angeles Chargers,46,Healthy,,,True,2025-11-04 11:39:36
Benjamin St-Juste,CB,LAC,Los Angeles Chargers,24,Healthy,,,True,2025-11-04 11:39:36
Tarheeb Still,CB,LAC,Los Angeles Chargers,29,Questionable,Unknown,,True,2025-11-04 11:39:36
Teair Tart,DT,LAC,Los Angeles Chargers,90,Healthy,,,True,2025-11-04 11:39:36
Ja'Sir Taylor,CB,LAC,Los Angeles Chargers,36,Healthy,,,True,2025-11-04 11:39:36
Tuli Tuipulotu,LB,LAC,Los Angeles Chargers,45,Healthy,,,True,2025-11-04 11:39:36
Marlowe Wax,LB,LAC,Los Angeles Chargers,58,Healthy,,,True,2025-11-04 11:39:36
Kendall Williamson,S,LAC,Los Angeles Chargers,40,Healthy,,,True,2025-11-04 11:39:36
Cameron Dicker,PK,LAC,Los Angeles Chargers,11,Healthy,,,True,2025-11-04 11:39:36
Rick Lovato,LS,LAC,Los Angeles Chargers,41,Healthy,,,True,2025-11-04 11:39:36
JK Scott,P,LAC,Los Angeles Chargers,16,Healthy,,,True,2025-11-04 11:39:36
Junior Colson,LB,LAC,Los Angeles Chargers,25,Injured Reserve,Unknown,,False,2025-11-04 11:39:36
Josh Fuga,DT,LAC,Los Angeles Chargers,69,Injured Reserve,Unknown,,False,2025-11-04 11:39:36
Omarion Hampton,RB,LAC,Los Angeles Chargers,8,Injured Reserve,Unknown,,False,2025-11-04 11:39:36
Da'Shawn Hand,DT,LAC,Los Angeles Chargers,91,Injured Reserve,Unknown,,False,2025-11-04 11:39:36
Josh Harris,LS,LAC,Los Angeles Chargers,47,Injured Reserve,Unknown,,False,2025-11-04 11:39:36
Najee Harris,RB,LAC,Los Angeles Chargers,22,Injured Reserve,Unknown,,False,2025-11-04 11:39:36
Hassan Haskins,RB,LAC,Los Angeles Chargers,28,Injured Reserve,Unknown,,False,2025-11-04 11:39:36
Deane Leonard,CB,LAC,Los Angeles Chargers,33,Injured Reserve,Unknown,,False,2025-11-04 11:39:36
Otito Ogbonnia,DT,LAC,Los Angeles Chargers,93,Injured Reserve,Unknown,,False,2025-11-04 11:39:36
Jordan Oladokun,CB,LAC,Los Angeles Chargers,37,Injured Reserve,Unknown,,False,2025-11-04 11:39:36
Eric Rogers,CB,LAC,Los Angeles Chargers,39,Injured Reserve,Unknown,,False,2025-11-04 11:39:36
Rashawn Slater,OT,LAC,Los Angeles Chargers,70,Injured Reserve,Unknown,,False,2025-11-04 11:39:36
Dalevon Campbell,WR,LAC,Los Angeles Chargers,38,Healthy,,,True,2025-11-04 11:39:36
TeRah Edwards,DT,LAC,Los Angeles Chargers,,Healthy,,,True,2025-11-04 11:39:36
JaQuae Jackson,WR,LAC,Los Angeles Chargers,27,Healthy,,,True,2025-11-04 11:39:36
Amar Johnson,RB,LAC,Los Angeles Chargers,34,Healthy,,,True,2025-11-04 11:39:36
Emany Johnson,LB,LAC,Los Angeles Chargers,38,Healthy,,,True,2025-11-04 11:39:36
Sam Mustipher,C,LAC,Los Angeles Chargers,,Healthy,,,True,2025-11-04 11:39:36
Jaret Patterson,RB,LAC,Los Angeles Chargers,32,Healthy,,,True,2025-11-04 11:39:36
Kyle Peko,DT,LAC,Los Angeles Chargers,,Healthy,,,True,2025-11-04 11:39:36
Myles Purchase,CB,LAC,Los Angeles Chargers,,Healthy,,,True,2025-11-04 11:39:36
Garmon Randolph,LB,LAC,Los Angeles Chargers,97,Healthy,,,True,2025-11-04 11:39:36
David Sharpe,OT,LAC,Los Angeles Chargers,72,Healthy,,,True,2025-11-04 11:39:36
Branson Taylor,G,LAC,Los Angeles Chargers,71,Healthy,,,True,2025-11-04 11:39:36
DJ Uiagalelei,QB,LAC,Los Angeles Chargers,13,Healthy,,,True,2025-11-04 11:39:36
Isas Waxter,CB,LAC,Los Angeles Chargers,,Healthy,,,True,2025-11-04 11:39:36
Marcus Williams,S,LAC,Los Angeles Chargers,,Healthy,,,True,2025-11-04 11:39:36
Trayveon Williams,RB,LAC,Los Angeles Chargers,,Healthy,,,True,2025-11-04 11:39:36
Thomas Yassmin,TE,LAC,Los Angeles Chargers,49,Healthy,,,True,2025-11-04 11:39:36
Davante Adams,WR,LAR,Los Angeles Rams,17,Healthy,,,True,2025-11-04 11:39:36
Davis Allen,TE,LAR,Los Angeles Rams,87,Healthy,,,True,2025-11-04 11:39:36
Steve Avila,G,LAR,Los Angeles Rams,73,Healthy,,,True,2025-11-04 11:39:36
Stetson Bennett IV,QB,LAR,Los Angeles Rams,13,Healthy,,,True,2025-11-04 11:39:36
Blake Corum,RB,LAR,Los Angeles Rams,22,Healthy,,,True,2025-11-04 11:39:36
Justin Dedich,G,LAR,Los Angeles Rams,67,Healthy,,,True,2025-11-04 11:39:36
Kevin Dotson,G,LAR,Los Angeles Rams,69,Healthy,,,True,2025-11-04 11:39:36
Terrance Ferguson,TE,LAR,Los Angeles Rams,18,Healthy,,,True,2025-11-04 11:39:36
Jimmy Garoppolo,QB,LAR,Los Angeles Rams,11,Healthy,,,True,2025-11-04 11:39:36
Rob Havenstein,OT,LAR,Los Angeles Rams,79,Healthy,,,True,2025-11-04 11:39:36
Tyler Higbee,TE,LAR,Los Angeles Rams,89,Healthy,,,True,2025-11-04 11:39:36
D.J. Humphries,OT,LAR,Los Angeles Rams,72,Healthy,,,True,2025-11-04 11:39:36
Jarquez Hunter,RB,LAR,Los Angeles Rams,27,Healthy,,,True,2025-11-04 11:39:36
Alaric Jackson,OT,LAR,Los Angeles Rams,77,Healthy,,,True,2025-11-04 11:39:36
Beaux Limmer,C,LAR,Los Angeles Rams,50,Healthy,,,True,2025-11-04 11:39:36
Warren McClendon Jr.,OT,LAR,Los Angeles Rams,71,Healthy,,,True,2025-11-04 11:39:36
Konata Mumpfield,WR,LAR,Los Angeles Rams,15,Healthy,,,True,2025-11-04 11:39:36
Puka Nacua,WR,LAR,Los Angeles Rams,12,Questionable,Unknown,,True,2025-11-04 11:39:36
Colby Parkinson,TE,LAR,Los Angeles Rams,84,Healthy,,,True,2025-11-04 11:39:36
David Quessenberry,OT,LAR,Los Angeles Rams,68,Healthy,,,True,2025-11-04 11:39:36
Coleman Shelton,C,LAR,Los Angeles Rams,65,Healthy,,,True,2025-11-04 11:39:36
Xavier Smith,WR,LAR,Los Angeles Rams,19,Healthy,,,True,2025-11-04 11:39:36
Matthew Stafford,QB,LAR,Los Angeles Rams,9,Healthy,,,True,2025-11-04 11:39:36
Jordan Whittington,WR,LAR,Los Angeles Rams,88,Healthy,,,True,2025-11-04 11:39:36
Kyren Williams,RB,LAR,Los Angeles Rams,23,Healthy,,,True,2025-11-04 11:39:36
Kam Curl,S,LAR,Los Angeles Rams,3,Healthy,,,True,2025-11-04 11:39:36
Tyler Davis,DE,LAR,Los Angeles Rams,90,Healthy,,,True,2025-11-04 11:39:36
Shaun Dolac,LB,LAR,Los Angeles Rams,56,Healthy,,,True,2025-11-04 11:39:36
Cobie Durant,CB,LAR,Los Angeles Rams,14,Healthy,,,True,2025-11-04 11:39:36
Braden Fiske,DE,LAR,Los Angeles Rams,55,Healthy,,,True,2025-11-04 11:39:36
Emmanuel Forbes Jr.,CB,LAR,Los Angeles Rams,1,Healthy,,,True,2025-11-04 11:39:36
Poona Ford,DT,LAR,Los Angeles Rams,95,Healthy,,,True,2025-11-04 11:39:36
Ty Hamilton,DT,LAR,Los Angeles Rams,57,Healthy,,,True,2025-11-04 11:39:36
Nick Hampton,LB,LAR,Los Angeles Rams,6,Healthy,,,True,2025-11-04 11:39:36
Desjuan Johnson,DE,LAR,Los Angeles Rams,94,Healthy,,,True,2025-11-04 11:39:36
Kamren Kinchens,S,LAR,Los Angeles Rams,26,Healthy,,,True,2025-11-04 11:39:36
Quentin Lake,S,LAR,Los Angeles Rams,37,Healthy,,,True,2025-11-04 11:39:36
Nate Landman,LB,LAR,Los Angeles Rams,53,Healthy,,,True,2025-11-04 11:39:36
Jaylen McCollough,S,LAR,Los Angeles Rams,2,Healthy,,,True,2025-11-04 11:39:36
Roger McCreary,CB,LAR,Los Angeles Rams,35,Healthy,,,True,2025-11-04 11:39:36
Larrell Murchison,DE,LAR,Los Angeles Rams,52,Healthy,,,True,2025-11-04 11:39:36
Elias Neal,LB,LAR,Los Angeles Rams,24,Healthy,,,True,2025-11-04 11:39:36
Troy Reeder,LB,LAR,Los Angeles Rams,51,Healthy,,,True,2025-11-04 11:39:36
Omar Speights,LB,LAR,Los Angeles Rams,48,Healthy,,,True,2025-11-04 11:39:36
Josaiah Stewart,LB,LAR,Los Angeles Rams,10,Healthy,,,True,2025-11-04 11:39:36
Kobie Turner,DE,LAR,Los Angeles Rams,91,Healthy,,,True,2025-11-04 11:39:36
Jared Verse,LB,LAR,Los Angeles Rams,8,Healthy,,,True,2025-11-04 11:39:36
Josh Wallace,CB,LAR,Los Angeles Rams,30,Healthy,,,True,2025-11-04 11:39:36
Darious Williams,CB,LAR,Los Angeles Rams,31,Questionable,Unknown,,True,2025-11-04 11:39:36
Byron Young,LB,LAR,Los Angeles Rams,0,Healthy,,,True,2025-11-04 11:39:36
Ethan Evans,P,LAR,Los Angeles Rams,42,Healthy,,,True,2025-11-04 11:39:36
Joshua Karty,PK,LAR,Los Angeles Rams,16,Healthy,,,True,2025-11-04 11:39:36
Alex Ward,LS,LAR,Los Angeles Rams,47,Healthy,,,True,2025-11-04 11:39:36
Tutu Atwell,WR,LAR,Los Angeles Rams,5,Injured Reserve,Unknown,,False,2025-11-04 11:39:36
Keir Thomas,LB,LAR,Los Angeles Rams,96,Injured Reserve,Unknown,,False,2025-11-04 11:39:36
Ahkello Witherspoon,CB,LAR,Los Angeles Rams,4,Injured Reserve,Unknown,,False,2025-11-04 11:39:36
AJ Arcuri,OT,LAR,Los Angeles Rams,61,Healthy,,,True,2025-11-04 11:39:36
Wyatt Bowles,G,LAR,Los Angeles Rams,,Healthy,,,True,2025-11-04 11:39:36
Tru Edwards,WR,LAR,Los Angeles Rams,82,Healthy,,,True,2025-11-04 11:39:36
A.J. Green,CB,LAR,Los Angeles Rams,21,Healthy,,,True,2025-11-04 11:39:36
Jack Heflin,DT,LAR,Los Angeles Rams,,Healthy,,,True,2025-11-04 11:39:36
Tanner Ingle,S,LAR,Los Angeles Rams,,Healthy,,,True,2025-11-04 11:39:36
Cam Lampkin,CB,LAR,Los Angeles Rams,33,Healthy,,,True,2025-11-04 11:39:36
Dylan McMahon,C,LAR,Los Angeles Rams,63,Healthy,,,True,2025-11-04 11:39:36
Jamil Muhammad,LB,LAR,Los Angeles Rams,,Healthy,,,True,2025-11-04 11:39:36
Bill Norton,DT,LAR,Los Angeles Rams,,Healthy,,,True,2025-11-04 11:39:36
Brennan Presley,WR,LAR,Los Angeles Rams,81,Healthy,,,True,2025-11-04 11:39:36
Ronnie Rivers,RB,LAR,Los Angeles Rams,20,Healthy,,,True,2025-11-04 11:39:36
Tyler Scott,WR,LAR,Los Angeles Rams,,Healthy,,,True,2025-11-04 11:39:36
Nate Valcarcel,S,LAR,Los Angeles Rams,43,Healthy,,,True,2025-11-04 11:39:36
De'Von Achane,RB,MIA,Miami Dolphins,28,Healthy,,,True,2025-11-04 11:39:36
Larry Borom,OT,MIA,Miami Dolphins,79,Healthy,,,True,2025-11-04 11:39:36
Aaron Brewer,G,MIA,Miami Dolphins,55,Healthy,,,True,2025-11-04 11:39:36
Daniel Brunskill,OT,MIA,Miami Dolphins,64,Healthy,,,True,2025-11-04 11:39:36
Tanner Conner,TE,MIA,Miami Dolphins,80,Healthy,,,True,2025-11-04 11:39:36
Greg Dulcich,TE,MIA,Miami Dolphins,85,Healthy,,,True,2025-11-04 11:39:36
Dee Eskridge,WR,MIA,Miami Dolphins,82,Healthy,,,True,2025-11-04 11:39:36
Quinn Ewers,QB,MIA,Miami Dolphins,14,Healthy,,,True,2025-11-04 11:39:36
Ollie Gordon II,RB,MIA,Miami Dolphins,31,Questionable,Unknown,,True,2025-11-04 11:39:36
Julian Hill,TE,MIA,Miami Dolphins,89,Questionable,Unknown,,True,2025-11-04 11:39:36
Alec Ingold,FB,MIA,Miami Dolphins,30,Healthy,,,True,2025-11-04 11:39:36
Kendall Lamm,OT,MIA,Miami Dolphins,70,Healthy,,,True,2025-11-04 11:39:36
Patrick Paul,OT,MIA,Miami Dolphins,52,Healthy,,,True,2025-11-04 11:39:36
Jonah Savaiinaea,G,MIA,Miami Dolphins,72,Healthy,,,True,2025-11-04 11:39:36
Kion Smith,OT,MIA,Miami Dolphins,71,Healthy,,,True,2025-11-04 11:39:36
Cole Strange,G,MIA,Miami Dolphins,69,Healthy,,,True,2025-11-04 11:39:36
Tua Tagovailoa,QB,MIA,Miami Dolphins,1,Healthy,,,True,2025-11-04 11:39:36
Jaylen Waddle,WR,MIA,Miami Dolphins,17,Healthy,,,True,2025-11-04 11:39:36
Malik Washington,WR,MIA,Miami Dolphins,6,Healthy,,,True,2025-11-04 11:39:36
Tahj Washington,WR,MIA,Miami Dolphins,84,Healthy,,,True,2025-11-04 11:39:36
Nick Westbrook-Ikhine,WR,MIA,Miami Dolphins,18,Healthy,,,True,2025-11-04 11:39:36
Zach Wilson,QB,MIA,Miami Dolphins,0,Healthy,,,True,2025-11-04 11:39:36
Cedrick Wilson Jr.,WR,MIA,Miami Dolphins,19,Healthy,,,True,2025-11-04 11:39:36
Jaylen Wright,RB,MIA,Miami Dolphins,5,Healthy,,,True,2025-11-04 11:39:36
Zeek Biggers,DT,MIA,Miami Dolphins,93,Healthy,,,True,2025-11-04 11:39:36
Ethan Bonner,CB,MIA,Miami Dolphins,27,Healthy,,,True,2025-11-04 11:39:36
JuJu Brents,CB,MIA,Miami Dolphins,32,Healthy,,,True,2025-11-04 11:39:36
K.J. Britt,LB,MIA,Miami Dolphins,3,Healthy,,,True,2025-11-04 11:39:36
Jordyn Brooks,LB,MIA,Miami Dolphins,20,Healthy,,,True,2025-11-04 11:39:36
Matthew Butler,DT,MIA,Miami Dolphins,91,Healthy,,,True,2025-11-04 11:39:36
Elijah Campbell,S,MIA,Miami Dolphins,22,Healthy,,,True,2025-11-04 11:39:36
Bradley Chubb,LB,MIA,Miami Dolphins,2,Healthy,,,True,2025-11-04 11:39:36
Jordan Colbert,S,MIA,Miami Dolphins,43,Healthy,,,True,2025-11-04 11:39:36
Ashtyn Davis,S,MIA,Miami Dolphins,21,Questionable,Unknown,,True,2025-11-04 11:39:36
Tyrel Dodson,LB,MIA,Miami Dolphins,25,Healthy,,,True,2025-11-04 11:39:36
Rasul Douglas,CB,MIA,Miami Dolphins,26,Questionable,Unknown,,True,2025-11-04 11:39:36
Minkah Fitzpatrick,S,MIA,Miami Dolphins,29,Healthy,,,True,2025-11-04 11:39:36
Willie Gay Jr.,LB,MIA,Miami Dolphins,40,Healthy,,,True,2025-11-04 11:39:36
Cameron Goode,LB,MIA,Miami Dolphins,53,Healthy,,,True,2025-11-04 11:39:36
Kenneth Grant,DT,MIA,Miami Dolphins,90,Healthy,,,True,2025-11-04 11:39:36
Benito Jones,DT,MIA,Miami Dolphins,95,Healthy,,,True,2025-11-04 11:39:36
Jack Jones,CB,MIA,Miami Dolphins,23,Healthy,,,True,2025-11-04 11:39:36
Matthew Judon,LB,MIA,Miami Dolphins,8,Healthy,,,True,2025-11-04 11:39:36
Jason Marshall Jr.,CB,MIA,Miami Dolphins,33,Healthy,,,True,2025-11-04 11:39:36
Ifeatu Melifonwu,S,MIA,Miami Dolphins,9,Healthy,,,True,2025-11-04 11:39:36
Jordan Phillips,DT,MIA,Miami Dolphins,94,Healthy,,,True,2025-11-04 11:39:36
Chop Robinson,LB,MIA,Miami Dolphins,44,Questionable,Unknown,,True,2025-11-04 11:39:36
Zach Sieler,DT,MIA,Miami Dolphins,92,Healthy,,,True,2025-11-04 11:39:36
Dante Trader Jr.,S,MIA,Miami Dolphins,11,Healthy,,,True,2025-11-04 11:39:36
Jake Bailey,P,MIA,Miami Dolphins,16,Healthy,,,True,2025-11-04 11:39:36
Joe Cardona,LS,MIA,Miami Dolphins,49,Healthy,,,True,2025-11-04 11:39:36
Riley Patterson,PK,MIA,Miami Dolphins,47,Healthy,,,True,2025-11-04 11:39:36
Artie Burns,CB,MIA,Miami Dolphins,23,Injured Reserve,Unknown,,False,2025-11-04 11:39:36
Yodny Cajuste,OT,MIA,Miami Dolphins,63,Injured Reserve,Unknown,,False,2025-11-04 11:39:36
Jalin Conyers,TE,MIA,Miami Dolphins,47,Injured Reserve,Unknown,,False,2025-11-04 11:39:36
James Daniels,G,MIA,Miami Dolphins,78,Injured Reserve,Unknown,,False,2025-11-04 11:39:36
Storm Duck,CB,MIA,Miami Dolphins,36,Injured Reserve,Unknown,,False,2025-11-04 11:39:36
Liam Eichenberg,OT,MIA,Miami Dolphins,74,Out,Unknown,,False,2025-11-04 11:39:36
Obinna Eze,OT,MIA,Miami Dolphins,62,Injured Reserve,Unknown,,False,2025-11-04 11:39:36
Tyreek Hill,WR,MIA,Miami Dolphins,10,Injured Reserve,Unknown,,False,2025-11-04 11:39:36
Germain Ifedi,G,MIA,Miami Dolphins,62,Injured Reserve,Unknown,,False,2025-11-04 11:39:36
Austin Jackson,G,MIA,Miami Dolphins,73,Injured Reserve,Unknown,,False,2025-11-04 11:39:36
Kader Kohou,CB,MIA,Miami Dolphins,4,Injured Reserve,Unknown,,False,2025-11-04 11:39:36
Jason Maitre,CB,MIA,Miami Dolphins,43,Injured Reserve,Unknown,,False,2025-11-04 11:39:36
Alexander Mattison,RB,MIA,Miami Dolphins,8,Injured Reserve,Unknown,,False,2025-11-04 11:39:36
Andrew Meyer,C,MIA,Miami Dolphins,60,Injured Reserve,Unknown,,False,2025-11-04 11:39:36
Jason Sanders,PK,MIA,Miami Dolphins,7,Injured Reserve,Unknown,,False,2025-11-04 11:39:36
Darren Waller,TE,MIA,Miami Dolphins,83,Injured Reserve,Unknown,,False,2025-11-04 11:39:36
Quinton Bell,LB,MIA,Miami Dolphins,56,Healthy,,,True,2025-11-04 11:39:36
Braeden Daniels,OT,MIA,Miami Dolphins,,Healthy,,,True,2025-11-04 11:39:36
JaMycal Hasty,RB,MIA,Miami Dolphins,,Healthy,,,True,2025-11-04 11:39:36
AJ Henning,WR,MIA,Miami Dolphins,88,Healthy,,,True,2025-11-04 11:39:36
Alex Huntley,DT,MIA,Miami Dolphins,,Healthy,,,True,2025-11-04 11:39:36
Caleb Johnson,LB,MIA,Miami Dolphins,,Healthy,,,True,2025-11-04 11:39:36
Isaiah Johnson,CB,MIA,Miami Dolphins,46,Healthy,,,True,2025-11-04 11:39:36
Roy Mbaeteka,OT,MIA,Miami Dolphins,,Healthy,,,True,2025-11-04 11:39:36
Derrick McLendon,LB,MIA,Miami Dolphins,,Healthy,,,True,2025-11-04 11:39:36
Chris Myarick,TE,MIA,Miami Dolphins,43,Healthy,,,True,2025-11-04 11:39:36
Josh Priebe,G,MIA,Miami Dolphins,,Healthy,,,True,2025-11-04 11:39:36
Ethan Robinson,CB,MIA,Miami Dolphins,46,Healthy,,,True,2025-11-04 11:39:36
Hayden Rucci,TE,MIA,Miami Dolphins,87,Healthy,,,True,2025-11-04 11:39:36
Kendall Sheffield,CB,MIA,Miami Dolphins,41,Out,Unknown,,False,2025-11-04 11:39:36
Kadeem Telfort,OT,MIA,Miami Dolphins,76,Healthy,,,True,2025-11-04 11:39:36
Theo Wease Jr.,WR,MIA,Miami Dolphins,81,Healthy,,,True,2025-11-04 11:39:36
Jeff Wilson Jr.,RB,MIA,Miami Dolphins,34,Healthy,,,True,2025-11-04 11:39:36
Jordan Addison,WR,MIN,Minnesota Vikings,3,Healthy,,,True,2025-11-04 11:39:36
Blake Brandel,G,MIN,Minnesota Vikings,64,Healthy,,,True,2025-11-04 11:39:36
Max Brosmer,QB,MIN,Minnesota Vikings,12,Healthy,,,True,2025-11-04 11:39:36
Christian Darrisaw,OT,MIN,Minnesota Vikings,71,Healthy,,,True,2025-11-04 11:39:36
Tai Felton,WR,MIN,Minnesota Vikings,13,Healthy,,,True,2025-11-04 11:39:36
Will Fries,G,MIN,Minnesota Vikings,76,Healthy,,,True,2025-11-04 11:39:36
C.J. Ham,FB,MIN,Minnesota Vikings,30,Questionable,Unknown,,True,2025-11-04 11:39:36
T.J. Hockenson,TE,MIN,Minnesota Vikings,87,Healthy,,,True,2025-11-04 11:39:36
Joe Huber,G,MIN,Minnesota Vikings,60,Healthy,,,True,2025-11-04 11:39:36
Donovan Jackson,G,MIN,Minnesota Vikings,74,Healthy,,,True,2025-11-04 11:39:36
Justin Jefferson,WR,MIN,Minnesota Vikings,18,Healthy,,,True,2025-11-04 11:39:36
Aaron Jones Sr.,RB,MIN,Minnesota Vikings,33,Questionable,Unknown,,True,2025-11-04 11:39:36
Michael Jurgens,G,MIN,Minnesota Vikings,65,Healthy,,,True,2025-11-04 11:39:36
Jordan Mason,RB,MIN,Minnesota Vikings,27,Healthy,,,True,2025-11-04 11:39:36
J.J. McCarthy,QB,MIN,Minnesota Vikings,9,Healthy,,,True,2025-11-04 11:39:36
Jalen Nailor,WR,MIN,Minnesota Vikings,1,Healthy,,,True,2025-11-04 11:39:36
Brian O'Neill,OT,MIN,Minnesota Vikings,75,Healthy,,,True,2025-11-04 11:39:36
Josh Oliver,TE,MIN,Minnesota Vikings,84,Questionable,Unknown,,True,2025-11-04 11:39:36
Myles Price,WR,MIN,Minnesota Vikings,4,Healthy,,,True,2025-11-04 11:39:36
Walter Rouse,OT,MIN,Minnesota Vikings,73,Healthy,,,True,2025-11-04 11:39:36
Zavier Scott,RB,MIN,Minnesota Vikings,36,Healthy,,,True,2025-11-04 11:39:36
Ben Sims,TE,MIN,Minnesota Vikings,89,Healthy,,,True,2025-11-04 11:39:36
Justin Skule,OT,MIN,Minnesota Vikings,67,Healthy,,,True,2025-11-04 11:39:36
Adam Thielen,WR,MIN,Minnesota Vikings,19,Healthy,,,True,2025-11-04 11:39:36
Ben Yurosek,TE,MIN,Minnesota Vikings,85,Healthy,,,True,2025-11-04 11:39:36
Jonathan Allen,DT,MIN,Minnesota Vikings,93,Healthy,,,True,2025-11-04 11:39:36
Tyler Batty,LB,MIN,Minnesota Vikings,96,Healthy,,,True,2025-11-04 11:39:36
Blake Cashman,LB,MIN,Minnesota Vikings,51,Healthy,,,True,2025-11-04 11:39:36
Chaz Chambliss,LB,MIN,Minnesota Vikings,57,Healthy,,,True,2025-11-04 11:39:36
Jonathan Greenard,LB,MIN,Minnesota Vikings,58,Healthy,,,True,2025-11-04 11:39:36
Javon Hargrave,DT,MIN,Minnesota Vikings,97,Healthy,,,True,2025-11-04 11:39:36
Tyrion Ingram-Dawkins,DE,MIN,Minnesota Vikings,90,Healthy,,,True,2025-11-04 11:39:36
Theo Jackson,S,MIN,Minnesota Vikings,26,Questionable,Unknown,,True,2025-11-04 11:39:36
Austin Keys,LB,MIN,Minnesota Vikings,56,Healthy,,,True,2025-11-04 11:39:36
Dwight McGlothern,CB,MIN,Minnesota Vikings,6,Healthy,,,True,2025-11-04 11:39:36
Joshua Metellus,S,MIN,Minnesota Vikings,44,Healthy,,,True,2025-11-04 11:39:36
Byron Murphy Jr.,CB,MIN,Minnesota Vikings,7,Healthy,,,True,2025-11-04 11:39:36
Jeff Okudah,CB,MIN,Minnesota Vikings,8,Questionable,Unknown,,True,2025-11-04 11:39:36
Ivan Pace Jr.,LB,MIN,Minnesota Vikings,0,Healthy,,,True,2025-11-04 11:39:36
Jalen Redmond,DT,MIN,Minnesota Vikings,61,Healthy,,,True,2025-11-04 11:39:36
Bo Richter,LB,MIN,Minnesota Vikings,98,Healthy,,,True,2025-11-04 11:39:36
Isaiah Rodgers,CB,MIN,Minnesota Vikings,2,Healthy,,,True,2025-11-04 11:39:36
Levi Drake Rodriguez,DT,MIN,Minnesota Vikings,50,Healthy,,,True,2025-11-04 11:39:36
Harrison Smith,S,MIN,Minnesota Vikings,22,Healthy,,,True,2025-11-04 11:39:36
Tavierre Thomas,S,MIN,Minnesota Vikings,37,Healthy,,,True,2025-11-04 11:39:36
Dallas Turner,LB,MIN,Minnesota Vikings,15,Healthy,,,True,2025-11-04 11:39:36
Andrew Van Ginkel,LB,MIN,Minnesota Vikings,43,Healthy,,,True,2025-11-04 11:39:36
Jay Ward,S,MIN,Minnesota Vikings,24,Healthy,,,True,2025-11-04 11:39:36
Elijah Williams,DE,MIN,Minnesota Vikings,99,Healthy,,,True,2025-11-04 11:39:36
Eric Wilson,LB,MIN,Minnesota Vikings,55,Healthy,,,True,2025-11-04 11:39:36
Andrew DePaola,LS,MIN,Minnesota Vikings,42,Healthy,,,True,2025-11-04 11:39:36
Will Reichard,PK,MIN,Minnesota Vikings,16,Healthy,,,True,2025-11-04 11:39:36
Ryan Wright,P,MIN,Minnesota Vikings,17,Healthy,,,True,2025-11-04 11:39:36
Gavin Bartholomew,TE,MIN,Minnesota Vikings,86,Out,Unknown,,False,2025-11-04 11:39:36
Ty Chandler,RB,MIN,Minnesota Vikings,32,Injured Reserve,Unknown,,False,2025-11-04 11:39:36
Zeke Correll,C,MIN,Minnesota Vikings,63,Injured Reserve,Unknown,,False,2025-11-04 11:39:36
Ryan Kelly,C,MIN,Minnesota Vikings,78,Injured Reserve,Unknown,,False,2025-11-04 11:39:36
Rondale Moore,WR,MIN,Minnesota Vikings,4,Injured Reserve,Unknown,,False,2025-11-04 11:39:36
Matt Nelson,OT,MIN,Minnesota Vikings,69,Injured Reserve,Unknown,,False,2025-11-04 11:39:36
Carson Wentz,QB,MIN,Minnesota Vikings,11,Injured Reserve,Unknown,,False,2025-11-04 11:39:36
Cam Akers,RB,MIN,Minnesota Vikings,31,Healthy,,,True,2025-11-04 11:39:36
Henry Byrd,G,MIN,Minnesota Vikings,68,Healthy,,,True,2025-11-04 11:39:36
Dontae Fleming,WR,MIN,Minnesota Vikings,19,Healthy,,,True,2025-11-04 11:39:36
Tyrek Funderburk,CB,MIN,Minnesota Vikings,,Healthy,,,True,2025-11-04 11:39:36
Jonathan Harris,DE,MIN,Minnesota Vikings,92,Healthy,,,True,2025-11-04 11:39:36
Jeshaun Jones,WR,MIN,Minnesota Vikings,82,Healthy,,,True,2025-11-04 11:39:36
Corey Kiner,RB,MIN,Minnesota Vikings,,Healthy,,,True,2025-11-04 11:39:36
Vershon Lee,G,MIN,Minnesota Vikings,66,Healthy,,,True,2025-11-04 11:39:36
Fabian Moreau,CB,MIN,Minnesota Vikings,23,Healthy,,,True,2025-11-04 11:39:36
Gabriel Murphy,LB,MIN,Minnesota Vikings,59,Questionable,Unknown,,True,2025-11-04 11:39:36
Bryson Nesbit,TE,MIN,Minnesota Vikings,46,Healthy,,,True,2025-11-04 11:39:36
Max Pircher,OT,MIN,Minnesota Vikings,,Healthy,,,True,2025-11-04 11:39:36
Taki Taimani,DT,MIN,Minnesota Vikings,94,Healthy,,,True,2025-11-04 11:39:36
Sione Takitaki,LB,MIN,Minnesota Vikings,,Healthy,,,True,2025-11-04 11:39:36
Nick Vannett,TE,MIN,Minnesota Vikings,81,Healthy,,,True,2025-11-04 11:39:36
Zemaiah Vaughn,CB,MIN,Minnesota Vikings,,Healthy,,,True,2025-11-04 11:39:36
John Wolford,QB,MIN,Minnesota Vikings,,Healthy,,,True,2025-11-04 11:39:36
Kayshon Boutte,WR,NE,New England Patriots,9,Questionable,Unknown,,True,2025-11-04 11:39:36
Garrett Bradbury,C,NE,New England Patriots,65,Healthy,,,True,2025-11-04 11:39:36
Ben Brown,C,NE,New England Patriots,77,Healthy,,,True,2025-11-04 11:39:36
Marcus Bryant,OT,NE,New England Patriots,52,Healthy,,,True,2025-11-04 11:39:36
Will Campbell,OT,NE,New England Patriots,66,Healthy,,,True,2025-11-04 11:39:36
Efton Chism III,WR,NE,New England Patriots,86,Healthy,,,True,2025-11-04 11:39:36
Tommy DeVito,QB,NE,New England Patriots,16,Healthy,,,True,2025-11-04 11:39:36
Stefon Diggs,WR,NE,New England Patriots,8,Healthy,,,True,2025-11-04 11:39:36
Joshua Dobbs,QB,NE,New England Patriots,11,Healthy,,,True,2025-11-04 11:39:36
DeMario Douglas,WR,NE,New England Patriots,3,Healthy,,,True,2025-11-04 11:39:36
TreVeyon Henderson,RB,NE,New England Patriots,32,Healthy,,,True,2025-11-04 11:39:36
Hunter Henry,TE,NE,New England Patriots,85,Healthy,,,True,2025-11-04 11:39:36
Mack Hollins,WR,NE,New England Patriots,13,Healthy,,,True,2025-11-04 11:39:36
Austin Hooper,TE,NE,New England Patriots,81,Healthy,,,True,2025-11-04 11:39:36
Jalen Hurd,WR,NE,New England Patriots,13,Healthy,,,True,2025-11-04 11:39:36
Terrell Jennings,RB,NE,New England Patriots,26,Healthy,,,True,2025-11-04 11:39:36
Vederian Lowe,OT,NE,New England Patriots,59,Healthy,,,True,2025-11-04 11:39:36
Drake Maye,QB,NE,New England Patriots,10,Healthy,,,True,2025-11-04 11:39:36
Morgan Moses,OT,NE,New England Patriots,76,Healthy,,,True,2025-11-04 11:39:36
Mike Onwenu,OT,NE,New England Patriots,71,Healthy,,,True,2025-11-04 11:39:36
Rhamondre Stevenson,RB,NE,New England Patriots,38,Questionable,Unknown,,True,2025-11-04 11:39:36
Caedan Wallace,OT,NE,New England Patriots,70,Healthy,,,True,2025-11-04 11:39:36
Jack Westover,TE,NE,New England Patriots,37,Healthy,,,True,2025-11-04 11:39:36
Kyle Williams,WR,NE,New England Patriots,18,Healthy,,,True,2025-11-04 11:39:36
Jared Wilson,C,NE,New England Patriots,58,Healthy,,,True,2025-11-04 11:39:36
Alex Austin,CB,NE,New England Patriots,28,Healthy,,,True,2025-11-04 11:39:36
Christian Barmore,DT,NE,New England Patriots,90,Healthy,,,True,2025-11-04 11:39:36
K'Lavon Chaisson,LB,NE,New England Patriots,44,Healthy,,,True,2025-11-04 11:39:36
Carlton Davis III,CB,NE,New England Patriots,7,Healthy,,,True,2025-11-04 11:39:36
Cory Durden,DT,NE,New England Patriots,94,Healthy,,,True,2025-11-04 11:39:36
Christian Elliss,LB,NE,New England Patriots,53,Questionable,Unknown,,True,2025-11-04 11:39:36
Joshua Farmer,DT,NE,New England Patriots,92,Healthy,,,True,2025-11-04 11:39:36
Jack Gibbens,LB,NE,New England Patriots,51,Healthy,,,True,2025-11-04 11:39:36
Christian Gonzalez,CB,NE,New England Patriots,0,Questionable,Unknown,,True,2025-11-04 11:39:36
Eric Gregory,DT,NE,New England Patriots,55,Healthy,,,True,2025-11-04 11:39:36
Jaylinn Hawkins,S,NE,New England Patriots,21,Healthy,,,True,2025-11-04 11:39:36
Anfernee Jennings,LB,NE,New England Patriots,33,Healthy,,,True,2025-11-04 11:39:36
Marcus Jones,CB,NE,New England Patriots,25,Healthy,,,True,2025-11-04 11:39:36
Harold Landry III,LB,NE,New England Patriots,2,Healthy,,,True,2025-11-04 11:39:36
Marte Mapu,LB,NE,New England Patriots,15,Healthy,,,True,2025-11-04 11:39:36
Caleb Murphy,LB,NE,New England Patriots,45,Healthy,,,True,2025-11-04 11:39:36
Dell Pettus,S,NE,New England Patriots,24,Healthy,,,True,2025-11-04 11:39:36
Elijah Ponder,LB,NE,New England Patriots,91,Healthy,,,True,2025-11-04 11:39:36
John Saunders Jr.,S,NE,New England Patriots,23,Healthy,,,True,2025-11-04 11:39:36
Brenden Schooler,S,NE,New England Patriots,41,Healthy,,,True,2025-11-04 11:39:36
Robert Spillane,LB,NE,New England Patriots,14,Healthy,,,True,2025-11-04 11:39:36
Jahlani Tavai,LB,NE,New England Patriots,48,Healthy,,,True,2025-11-04 11:39:36
Khyiris Tonga,DT,NE,New England Patriots,95,Healthy,,,True,2025-11-04 11:39:36
Milton Williams,DE,NE,New England Patriots,97,Healthy,,,True,2025-11-04 11:39:36
Charles Woods,CB,NE,New England Patriots,22,Healthy,,,True,2025-11-04 11:39:36
Craig Woodson,S,NE,New England Patriots,31,Healthy,,,True,2025-11-04 11:39:36
Julian Ashby,LS,NE,New England Patriots,47,Healthy,,,True,2025-11-04 11:39:36
Bryce Baringer,P,NE,New England Patriots,17,Healthy,,,True,2025-11-04 11:39:36
Andy Borregales,PK,NE,New England Patriots,36,Healthy,,,True,2025-11-04 11:39:36
Marcellas Dial Jr.,CB,NE,New England Patriots,27,Injured Reserve,Unknown,,False,2025-11-04 11:39:36
Yasir Durant,OT,NE,New England Patriots,72,Injured Reserve,Unknown,,False,2025-11-04 11:39:36
Antonio Gibson,RB,NE,New England Patriots,4,Injured Reserve,Unknown,,False,2025-11-04 11:39:36
Isaiah Iton,DT,NE,New England Patriots,68,Injured Reserve,Unknown,,False,2025-11-04 11:39:36
Brock Lampe,FB,NE,New England Patriots,46,Injured Reserve,Unknown,,False,2025-11-04 11:39:36
Lan Larison,RB,NE,New England Patriots,34,Injured Reserve,Unknown,,False,2025-11-04 11:39:36
Deneric Prince,RB,NE,New England Patriots,,Injured Reserve,Unknown,,False,2025-11-04 11:39:36
Jaquelin Roy,DT,NE,New England Patriots,94,Injured Reserve,Unknown,,False,2025-11-04 11:39:36
Rushawn Baker,RB,NE,New England Patriots,,Healthy,,,True,2025-11-04 11:39:36
Miles Battle,CB,NE,New England Patriots,35,Healthy,,,True,2025-11-04 11:39:36
Jashaun Corbin,RB,NE,New England Patriots,,Out,Unknown,,False,2025-11-04 11:39:36
CJ Dippre,TE,NE,New England Patriots,82,Healthy,,,True,2025-11-04 11:39:36
Richie Grant,S,NE,New England Patriots,39,Healthy,,,True,2025-11-04 11:39:36
Sebastian Gutierrez,OT,NE,New England Patriots,,Healthy,,,True,2025-11-04 11:39:36
Darius Harris,LB,NE,New England Patriots,42,Healthy,,,True,2025-11-04 11:39:36
Brenden Jaimes,G,NE,New England Patriots,61,Healthy,,,True,2025-11-04 11:39:36
John Jiles,WR,NE,New England Patriots,83,Healthy,,,True,2025-11-04 11:39:36
D'Ernest Johnson,RB,NE,New England Patriots,34,Healthy,,,True,2025-11-04 11:39:36
Kobee Minor,CB,NE,New England Patriots,19,Healthy,,,True,2025-11-04 11:39:36
Thomas Odukoya,TE,NE,New England Patriots,,Healthy,,,True,2025-11-04 11:39:36
Jeremiah Pharms Jr.,DT,NE,New England Patriots,98,Healthy,,,True,2025-11-04 11:39:36
Andrew Rupcich,OT,NE,New England Patriots,,Healthy,,,True,2025-11-04 11:39:36
Bradyn Swinson,LB,NE,New England Patriots,,Healthy,,,True,2025-11-04 11:39:36
Leonard Taylor III,DT,NE,New England Patriots,,Healthy,,,True,2025-11-04 11:39:36
Jonathan Ward,RB,NE,New England Patriots,,Healthy,,,True,2025-11-04 11:39:36
Jeremiah Webb,WR,NE,New England Patriots,29,Healthy,,,True,2025-11-04 11:39:36
Kelvin Banks Jr.,OT,NO,New Orleans Saints,71,Healthy,,,True,2025-11-04 11:39:36
Brandin Cooks,WR,NO,New Orleans Saints,10,Healthy,,,True,2025-11-04 11:39:36
Luke Fortner,C,NO,New Orleans Saints,79,Healthy,,,True,2025-11-04 11:39:36
Taliese Fuaga,OT,NO,New Orleans Saints,75,Doubtful,Unknown,,False,2025-11-04 11:39:36
Taysom Hill,QB,NO,New Orleans Saints,7,Healthy,,,True,2025-11-04 11:39:36
Juwan Johnson,TE,NO,New Orleans Saints,83,Healthy,,,True,2025-11-04 11:39:36
Alvin Kamara,RB,NO,New Orleans Saints,41,Healthy,,,True,2025-11-04 11:39:36
Zaire Mitchell-Paden,TE,NO,New Orleans Saints,84,Healthy,,,True,2025-11-04 11:39:36
Foster Moreau,TE,NO,New Orleans Saints,87,Healthy,,,True,2025-11-04 11:39:36
Devin Neal,RB,NO,New Orleans Saints,24,Healthy,,,True,2025-11-04 11:39:36
Chris Olave,WR,NO,New Orleans Saints,12,Healthy,,,True,2025-11-04 11:39:36
Trevor Penning,OT,NO,New Orleans Saints,70,Healthy,,,True,2025-11-04 11:39:36
Dillon Radunz,OT,NO,New Orleans Saints,77,Healthy,,,True,2025-11-04 11:39:36
Spencer Rattler,QB,NO,New Orleans Saints,2,Healthy,,,True,2025-11-04 11:39:36
Asim Richards,OT,NO,New Orleans Saints,72,Healthy,,,True,2025-11-04 11:39:36
Cesar Ruiz,C,NO,New Orleans Saints,51,Healthy,,,True,2025-11-04 11:39:36
Rashid Shaheed,WR,NO,New Orleans Saints,22,Healthy,,,True,2025-11-04 11:39:36
Tyler Shough,QB,NO,New Orleans Saints,6,Healthy,,,True,2025-11-04 11:39:36
Torricelli Simpkins III,G,NO,New Orleans Saints,68,Healthy,,,True,2025-11-04 11:39:36
Jack Stoll,TE,NO,New Orleans Saints,88,Doubtful,Unknown,,False,2025-11-04 11:39:36
Mason Tipton,WR,NO,New Orleans Saints,15,Healthy,,,True,2025-11-04 11:39:36
Xavier Truss,OT,NO,New Orleans Saints,74,Healthy,,,True,2025-11-04 11:39:36
Devaughn Vele,WR,NO,New Orleans Saints,14,Healthy,,,True,2025-11-04 11:39:36
Ugo Amadi,S,NO,New Orleans Saints,0,Healthy,,,True,2025-11-04 11:39:36
Khristian Boyd,DT,NO,New Orleans Saints,97,Healthy,,,True,2025-11-04 11:39:36
Bryan Bresee,DT,NO,New Orleans Saints,90,Healthy,,,True,2025-11-04 11:39:36
Jonathan Bullard,DE,NO,New Orleans Saints,98,Healthy,,,True,2025-11-04 11:39:36
Terrell Burgess,S,NO,New Orleans Saints,26,Healthy,,,True,2025-11-04 11:39:36
Demario Davis,LB,NO,New Orleans Saints,56,Healthy,,,True,2025-11-04 11:39:36
Michael Davis,CB,NO,New Orleans Saints,43,Healthy,,,True,2025-11-04 11:39:36
Jaylan Ford,LB,NO,New Orleans Saints,53,Healthy,,,True,2025-11-04 11:39:36
Davon Godchaux,DT,NO,New Orleans Saints,92,Healthy,,,True,2025-11-04 11:39:36
Carl Granderson,DE,NO,New Orleans Saints,96,Healthy,,,True,2025-11-04 11:39:36
Jordan Howden,S,NO,New Orleans Saints,31,Healthy,,,True,2025-11-04 11:39:36
Cameron Jordan,DE,NO,New Orleans Saints,94,Healthy,,,True,2025-11-04 11:39:36
Kool-Aid McKinstry,CB,NO,New Orleans Saints,4,Healthy,,,True,2025-11-04 11:39:36
Justin Reid,S,NO,New Orleans Saints,21,Healthy,,,True,2025-11-04 11:39:36
John Ridgeway III,DT,NO,New Orleans Saints,95,Healthy,,,True,2025-11-04 11:39:36
Quincy Riley,CB,NO,New Orleans Saints,29,Healthy,,,True,2025-11-04 11:39:36
Chris Rumph II,DE,NO,New Orleans Saints,58,Healthy,,,True,2025-11-04 11:39:36
Jonas Sanker,S,NO,New Orleans Saints,33,Healthy,,,True,2025-11-04 11:39:36
Nephi Sewell,LB,NO,New Orleans Saints,45,Healthy,,,True,2025-11-04 11:39:36
Nathan Shepherd,DT,NO,New Orleans Saints,93,Healthy,,,True,2025-11-04 11:39:36
Isaiah Stalbird,LB,NO,New Orleans Saints,44,Healthy,,,True,2025-11-04 11:39:36
Danny Stutsman,LB,NO,New Orleans Saints,28,Healthy,,,True,2025-11-04 11:39:36
Alontae Taylor,CB,NO,New Orleans Saints,1,Healthy,,,True,2025-11-04 11:39:36
Pete Werner,LB,NO,New Orleans Saints,20,Healthy,,,True,2025-11-04 11:39:36
Jonah Williams,DE,NO,New Orleans Saints,54,Healthy,,,True,2025-11-04 11:39:36
Rejzohn Wright,CB,NO,New Orleans Saints,25,Healthy,,,True,2025-11-04 11:39:36
Isaac Yiadom,CB,NO,New Orleans Saints,27,Healthy,,,True,2025-11-04 11:39:36
Chase Young,DE,NO,New Orleans Saints,99,Healthy,,,True,2025-11-04 11:39:36
Blake Grupe,PK,NO,New Orleans Saints,19,Healthy,,,True,2025-11-04 11:39:36
Kai Kroeger,P,NO,New Orleans Saints,32,Healthy,,,True,2025-11-04 11:39:36
Zach Wood,LS,NO,New Orleans Saints,49,Healthy,,,True,2025-11-04 11:39:36
Julian Blackmon,S,NO,New Orleans Saints,23,Injured Reserve,Unknown,,False,2025-11-04 11:39:36
Vernon Broughton,DT,NO,New Orleans Saints,91,Injured Reserve,Unknown,,False,2025-11-04 11:39:36
Will Clapp,C,NO,New Orleans Saints,76,Injured Reserve,Unknown,,False,2025-11-04 11:39:36
Erik McCoy,C,NO,New Orleans Saints,78,Injured Reserve,Unknown,,False,2025-11-04 11:39:36
Bub Means,WR,NO,New Orleans Saints,16,Injured Reserve,Unknown,,False,2025-11-04 11:39:36
Kendre Miller,RB,NO,New Orleans Saints,5,Injured Reserve,Unknown,,False,2025-11-04 11:39:36
Trey Palmer,WR,NO,New Orleans Saints,17,Injured Reserve,Unknown,,False,2025-11-04 11:39:36
Mason Pline,TE,NO,New Orleans Saints,85,Injured Reserve,Unknown,,False,2025-11-04 11:39:36
Ja'Lynn Polk,WR,NO,New Orleans Saints,89,Injured Reserve,Unknown,,False,2025-11-04 11:39:36
Nick Saldiveri,OT,NO,New Orleans Saints,64,Injured Reserve,Unknown,,False,2025-11-04 11:39:36
Barry Wesley,OT,NO,New Orleans Saints,69,Injured Reserve,Unknown,,False,2025-11-04 11:39:36
Landon Young,OT,NO,New Orleans Saints,67,Injured Reserve,Unknown,,False,2025-11-04 11:39:36
Kevin Austin Jr.,WR,NO,New Orleans Saints,81,Healthy,,,True,2025-11-04 11:39:36
Dalys Beanum,CB,NO,New Orleans Saints,,Healthy,,,True,2025-11-04 11:39:36
Ronnie Bell,WR,NO,New Orleans Saints,,Healthy,,,True,2025-11-04 11:39:36
Elliott Davison,S,NO,New Orleans Saints,,Healthy,,,True,2025-11-04 11:39:36
Hunter Dekkers,QB,NO,New Orleans Saints,,Out,Unknown,,False,2025-11-04 11:39:36
Fadil Diggs,DE,NO,New Orleans Saints,40,Healthy,,,True,2025-11-04 11:39:36
Audric Estime,RB,NO,New Orleans Saints,,Healthy,,,True,2025-11-04 11:39:36
Jake Haener,QB,NO,New Orleans Saints,3,Healthy,,,True,2025-11-04 11:39:36
Evan Hull,RB,NO,New Orleans Saints,,Healthy,,,True,2025-11-04 11:39:36
Easton Kilty,OT,NO,New Orleans Saints,,Healthy,,,True,2025-11-04 11:39:36
Eku Leota,LB,NO,New Orleans Saints,55,Healthy,,,True,2025-11-04 11:39:36
Moliki Matavao,TE,NO,New Orleans Saints,80,Healthy,,,True,2025-11-04 11:39:36
Dante Pettis,WR,NO,New Orleans Saints,17,Healthy,,,True,2025-11-04 11:39:36
Jayden Price,CB,NO,New Orleans Saints,,Healthy,,,True,2025-11-04 11:39:36
Will Sherman,G,NO,New Orleans Saints,,Healthy,,,True,2025-11-04 11:39:36
Charlie Smyth,PK,NO,New Orleans Saints,39,Healthy,,,True,2025-11-04 11:39:36
Treyton Welch,TE,NO,New Orleans Saints,82,Healthy,,,True,2025-11-04 11:39:36
Daniel Bellinger,TE,NYG,New York Giants,82,Questionable,Unknown,,True,2025-11-04 11:39:36
Beaux Collins,WR,NYG,New York Giants,81,Questionable,Unknown,,True,2025-11-04 11:39:36
Jaxson Dart,QB,NYG,New York Giants,6,Healthy,,,True,2025-11-04 11:39:36
Jermaine Eluemunor,OT,NYG,New York Giants,72,Questionable,Unknown,,True,2025-11-04 11:39:36
Thomas Fidone II,TE,NYG,New York Giants,86,Healthy,,,True,2025-11-04 11:39:36
James Hudson III,OT,NYG,New York Giants,55,Healthy,,,True,2025-11-04 11:39:36
Jalin Hyatt,WR,NYG,New York Giants,13,Healthy,,,True,2025-11-04 11:39:36
Theo Johnson,TE,NYG,New York Giants,84,Healthy,,,True,2025-11-04 11:39:36
Chris Manhertz,TE,NYG,New York Giants,85,Healthy,,,True,2025-11-04 11:39:36
Marcus Mbow,G,NYG,New York Giants,71,Healthy,,,True,2025-11-04 11:39:36
Evan Neal,OT,NYG,New York Giants,73,Healthy,,,True,2025-11-04 11:39:36
Gunner Olszewski,WR,NYG,New York Giants,80,Healthy,,,True,2025-11-04 11:39:36
Wan'Dale Robinson,WR,NYG,New York Giants,17,Healthy,,,True,2025-11-04 11:39:36
Jon Runyan,G,NYG,New York Giants,76,Healthy,,,True,2025-11-04 11:39:36
Austin Schlottmann,C,NYG,New York Giants,65,Healthy,,,True,2025-11-04 11:39:36
John Michael Schmitz Jr.,C,NYG,New York Giants,61,Questionable,Unknown,,True,2025-11-04 11:39:36
Devin Singletary,RB,NYG,New York Giants,26,Healthy,,,True,2025-11-04 11:39:36
Darius Slayton,WR,NYG,New York Giants,18,Healthy,,,True,2025-11-04 11:39:36
Aaron Stinnie,G,NYG,New York Giants,64,Healthy,,,True,2025-11-04 11:39:36
Andrew Thomas,OT,NYG,New York Giants,78,Healthy,,,True,2025-11-04 11:39:36
Tyrone Tracy Jr.,RB,NYG,New York Giants,29,Healthy,,,True,2025-11-04 11:39:36
Greg Van Roten,G,NYG,New York Giants,74,Healthy,,,True,2025-11-04 11:39:36
Russell Wilson,QB,NYG,New York Giants,3,Healthy,,,True,2025-11-04 11:39:36
Jameis Winston,QB,NYG,New York Giants,19,Healthy,,,True,2025-11-04 11:39:36
Paulson Adebo,CB,NYG,New York Giants,21,Questionable,Unknown,,True,2025-11-04 11:39:36
Darius Alexander,DT,NYG,New York Giants,91,Healthy,,,True,2025-11-04 11:39:36
Deonte Banks,CB,NYG,New York Giants,2,Healthy,,,True,2025-11-04 11:39:36
Dane Belton,S,NYG,New York Giants,24,Healthy,,,True,2025-11-04 11:39:36
Jarrick Bernard-Converse,CB,NYG,New York Giants,35,Healthy,,,True,2025-11-04 11:39:36
Korie Black,CB,NYG,New York Giants,38,Healthy,,,True,2025-11-04 11:39:36
Beau Brade,S,NYG,New York Giants,34,Healthy,,,True,2025-11-04 11:39:36
Brian Burns,LB,NYG,New York Giants,0,Healthy,,,True,2025-11-04 11:39:36
Abdul Carter,LB,NYG,New York Giants,51,Healthy,,,True,2025-11-04 11:39:36
D.J. Davidson,DT,NYG,New York Giants,98,Healthy,,,True,2025-11-04 11:39:36
Victor Dimukeje,LB,NYG,New York Giants,52,Healthy,,,True,2025-11-04 11:39:36
Demetrius Flannigan-Fowles,LB,NYG,New York Giants,33,Healthy,,,True,2025-11-04 11:39:36
Cor'Dale Flott,CB,NYG,New York Giants,28,Questionable,Unknown,,True,2025-11-04 11:39:36
Chauncey Golston,DE,NYG,New York Giants,57,Questionable,Unknown,,True,2025-11-04 11:39:36
Neville Hewitt,LB,NYG,New York Giants,47,Healthy,,,True,2025-11-04 11:39:36
Jevon Holland,S,NYG,New York Giants,8,Questionable,Unknown,,True,2025-11-04 11:39:36
Nic Jones,CB,NYG,New York Giants,31,Healthy,,,True,2025-11-04 11:39:36
Dexter Lawrence II,DT,NYG,New York Giants,97,Healthy,,,True,2025-11-04 11:39:36
Darius Muasau,LB,NYG,New York Giants,53,Questionable,Unknown,,True,2025-11-04 11:39:36
Tyler Nubin,S,NYG,New York Giants,27,Healthy,,,True,2025-11-04 11:39:36
Rakeem Nunez-Roches,DT,NYG,New York Giants,93,Healthy,,,True,2025-11-04 11:39:36
Bobby Okereke,LB,NYG,New York Giants,58,Healthy,,,True,2025-11-04 11:39:36
Rico Payton,CB,NYG,New York Giants,36,Healthy,,,True,2025-11-04 11:39:36
Dru Phillips,CB,NYG,New York Giants,22,Healthy,,,True,2025-11-04 11:39:36
Roy Robertson-Harris,DT,NYG,New York Giants,95,Healthy,,,True,2025-11-04 11:39:36
Kayvon Thibodeaux,LB,NYG,New York Giants,5,Healthy,,,True,2025-11-04 11:39:36
Graham Gano,PK,NYG,New York Giants,9,Healthy,,,True,2025-11-04 11:39:36
Jamie Gillan,P,NYG,New York Giants,12,Healthy,,,True,2025-11-04 11:39:36
Casey Kreiter,LS,NYG,New York Giants,59,Healthy,,,True,2025-11-04 11:39:36
Chris Board,LB,NYG,New York Giants,49,Injured Reserve,Unknown,,False,2025-11-04 11:39:36
Joshua Ezeudu,G,NYG,New York Giants,75,Injured Reserve,Unknown,,False,2025-11-04 11:39:36
Da'Quan Felton,WR,NYG,New York Giants,9,Injured Reserve,Unknown,,False,2025-11-04 11:39:36
Bryce Ford-Wheaton,WR,NYG,New York Giants,88,Injured Reserve,Unknown,,False,2025-11-04 11:39:36
Eric Gray,RB,NYG,New York Giants,20,Out,Unknown,,False,2025-11-04 11:39:36
Art Green,CB,NYG,New York Giants,23,Injured Reserve,Unknown,,False,2025-11-04 11:39:36
Anthony Johnson Jr.,S,NYG,New York Giants,23,Out,Unknown,,False,2025-11-04 11:39:36
Micah McFadden,LB,NYG,New York Giants,41,Injured Reserve,Unknown,,False,2025-11-04 11:39:36
TJ Moore,CB,NYG,New York Giants,30,Injured Reserve,Unknown,,False,2025-11-04 11:39:36
Malik Nabers,WR,NYG,New York Giants,1,Injured Reserve,Unknown,,False,2025-11-04 11:39:36
Cam Skattebo,RB,NYG,New York Giants,44,Injured Reserve,Unknown,,False,2025-11-04 11:39:36
Zaire Barnes,LB,NYG,New York Giants,46,Healthy,,,True,2025-11-04 11:39:36
Swayze Bozeman,LB,NYG,New York Giants,54,Healthy,,,True,2025-11-04 11:39:36
Dalen Cambre,WR,NYG,New York Giants,5,Healthy,,,True,2025-11-04 11:39:36
Elijah Chatman,DT,NYG,New York Giants,,Healthy,,,True,2025-11-04 11:39:36
Tomon Fox,LB,NYG,New York Giants,45,Healthy,,,True,2025-11-04 11:39:36
Elijah Garcia,DE,NYG,New York Giants,90,Healthy,,,True,2025-11-04 11:39:36
Reid Holskey,OT,NYG,New York Giants,,Healthy,,,True,2025-11-04 11:39:36
Bryan Hudson,C,NYG,New York Giants,,Healthy,,,True,2025-11-04 11:39:36
Lil'Jordan Humphrey,WR,NYG,New York Giants,89,Healthy,,,True,2025-11-04 11:39:36
Younghoe Koo,PK,NYG,New York Giants,,Healthy,,,True,2025-11-04 11:39:36
Jake Kubas,G,NYG,New York Giants,63,Healthy,,,True,2025-11-04 11:39:36
Raheem Layne,S,NYG,New York Giants,43,Healthy,,,True,2025-11-04 11:39:36
Jude McAtamney,PK,NYG,New York Giants,99,Healthy,,,True,2025-11-04 11:39:36
Ray-Ray McCloud III,WR,NYG,New York Giants,39,Healthy,,,True,2025-11-04 11:39:36
Dante Miller,RB,NYG,New York Giants,25,Healthy,,,True,2025-11-04 11:39:36
Jordon Riley,DT,NYG,New York Giants,99,Healthy,,,True,2025-11-04 11:39:36
Ihmir Smith-Marsette,WR,NYG,New York Giants,87,Healthy,,,True,2025-11-04 11:39:36
Andrew Beck,FB,NYJ,New York Jets,47,Healthy,,,True,2025-11-04 11:39:36
Isaiah Davis,RB,NYJ,New York Jets,32,Healthy,,,True,2025-11-04 11:39:36
Olu Fashanu,OT,NYJ,New York Jets,74,Healthy,,,True,2025-11-04 11:39:36
Justin Fields,QB,NYJ,New York Jets,7,Healthy,,,True,2025-11-04 11:39:36
Breece Hall,RB,NYJ,New York Jets,20,Healthy,,,True,2025-11-04 11:39:36
Khalil Herbert,RB,NYJ,New York Jets,36,Healthy,,,True,2025-11-04 11:39:36
Tyler Johnson,WR,NYJ,New York Jets,16,Healthy,,,True,2025-11-04 11:39:36
Allen Lazard,WR,NYJ,New York Jets,10,Healthy,,,True,2025-11-04 11:39:36
Armand Membou,OT,NYJ,New York Jets,70,Healthy,,,True,2025-11-04 11:39:36
John Metchie III,WR,NYJ,New York Jets,15,Healthy,,,True,2025-11-04 11:39:36
Max Mitchell,OT,NYJ,New York Jets,61,Healthy,,,True,2025-11-04 11:39:36
Josh Myers,C,NYJ,New York Jets,71,Healthy,,,True,2025-11-04 11:39:36
Xavier Newman,G,NYJ,New York Jets,65,Healthy,,,True,2025-11-04 11:39:36
Kene Nwangwu,RB,NYJ,New York Jets,34,Questionable,Unknown,,True,2025-11-04 11:39:36
Chukwuma Okorafor,OT,NYJ,New York Jets,79,Healthy,,,True,2025-11-04 11:39:36
Jeremy Ruckert,TE,NYJ,New York Jets,89,Healthy,,,True,2025-11-04 11:39:36
John Simpson,G,NYJ,New York Jets,76,Healthy,,,True,2025-11-04 11:39:36
Stone Smartt,TE,NYJ,New York Jets,84,Questionable,Unknown,,True,2025-11-04 11:39:36
Arian Smith,WR,NYJ,New York Jets,82,Healthy,,,True,2025-11-04 11:39:36
Mason Taylor,TE,NYJ,New York Jets,85,Healthy,,,True,2025-11-04 11:39:36
Tyrod Taylor,QB,NYJ,New York Jets,2,Questionable,Unknown,,True,2025-11-04 11:39:36
Joe Tippmann,C,NYJ,New York Jets,66,Healthy,,,True,2025-11-04 11:39:36
Isaiah Williams,WR,NYJ,New York Jets,18,Healthy,,,True,2025-11-04 11:39:36
Garrett Wilson,WR,NYJ,New York Jets,5,Questionable,Unknown,,True,2025-11-04 11:39:36
Jelani Woods,TE,NYJ,New York Jets,86,Healthy,,,True,2025-11-04 11:39:36
Tony Adams,S,NYJ,New York Jets,22,Healthy,,,True,2025-11-04 11:39:36
Tyler Baron,DE,NYJ,New York Jets,94,Healthy,,,True,2025-11-04 11:39:36
Jowon Briggs,DT,NYJ,New York Jets,91,Healthy,,,True,2025-11-04 11:39:36
Jarvis Brownlee Jr.,CB,NYJ,New York Jets,29,Healthy,,,True,2025-11-04 11:39:36
Andre Cisco,S,NYJ,New York Jets,8,Out,Unknown,,False,2025-11-04 11:39:36
Micheal Clemons,DE,NYJ,New York Jets,72,Healthy,,,True,2025-11-04 11:39:36
Sauce Gardner,CB,NYJ,New York Jets,1,Questionable,Unknown,,True,2025-11-04 11:39:36
Jermaine Johnson,LB,NYJ,New York Jets,11,Healthy,,,True,2025-11-04 11:39:36
Kobe King,LB,NYJ,New York Jets,45,Healthy,,,True,2025-11-04 11:39:36
Kiko Mauigoa,LB,NYJ,New York Jets,51,Questionable,Unknown,,True,2025-11-04 11:39:36
Will McDonald IV,DE,NYJ,New York Jets,9,Healthy,,,True,2025-11-04 11:39:36
Braiden McGregor,DE,NYJ,New York Jets,55,Healthy,,,True,2025-11-04 11:39:36
Malachi Moore,S,NYJ,New York Jets,27,Healthy,,,True,2025-11-04 11:39:36
Isaiah Oliver,S,NYJ,New York Jets,26,Healthy,,,True,2025-11-04 11:39:36
Harrison Phillips,DT,NYJ,New York Jets,97,Healthy,,,True,2025-11-04 11:39:36
Jamien Sherwood,LB,NYJ,New York Jets,44,Healthy,,,True,2025-11-04 11:39:36
Brandon Stephens,CB,NYJ,New York Jets,21,Healthy,,,True,2025-11-04 11:39:36
Qwan'tez Stiggers,CB,NYJ,New York Jets,37,Healthy,,,True,2025-11-04 11:39:36
Azareye'h Thomas,CB,NYJ,New York Jets,23,Healthy,,,True,2025-11-04 11:39:36
Jay Tufele,DT,NYJ,New York Jets,78,Questionable,Unknown,,True,2025-11-04 11:39:36
Mykal Walker,LB,NYJ,New York Jets,53,Healthy,,,True,2025-11-04 11:39:36
Ja'Markis Weston,LB,NYJ,New York Jets,54,Healthy,,,True,2025-11-04 11:39:36
Quincy Williams,LB,NYJ,New York Jets,56,Healthy,,,True,2025-11-04 11:39:36
Quinnen Williams,DT,NYJ,New York Jets,95,Healthy,,,True,2025-11-04 11:39:36
Nick Folk,PK,NYJ,New York Jets,6,Healthy,,,True,2025-11-04 11:39:36
Thomas Hennessy,LS,NYJ,New York Jets,42,Healthy,,,True,2025-11-04 11:39:36
Austin McNamara,P,NYJ,New York Jets,14,Healthy,,,True,2025-11-04 11:39:36
Braelon Allen,RB,NYJ,New York Jets,0,Injured Reserve,Unknown,,False,2025-11-04 11:39:36
Kris Boyd,CB,NYJ,New York Jets,17,Injured Reserve,Unknown,,False,2025-11-04 11:39:36
Irvin Charles,WR,NYJ,New York Jets,19,Out,Unknown,,False,2025-11-04 11:39:36
Byron Cowart,DT,NYJ,New York Jets,93,Injured Reserve,Unknown,,False,2025-11-04 11:39:36
Gus Hartwig,C,NYJ,New York Jets,63,Injured Reserve,Unknown,,False,2025-11-04 11:39:36
Cam Jones,LB,NYJ,New York Jets,43,Injured Reserve,Unknown,,False,2025-11-04 11:39:36
Marcelino McCrary-Ball,LB,NYJ,New York Jets,41,Injured Reserve,Unknown,,False,2025-11-04 11:39:36
Josh Reynolds,WR,NYJ,New York Jets,83,Injured Reserve,Unknown,,False,2025-11-04 11:39:36
Alijah Vera-Tucker,G,NYJ,New York Jets,75,Injured Reserve,Unknown,,False,2025-11-04 11:39:36
Dean Clark,S,NYJ,New York Jets,35,Healthy,,,True,2025-11-04 11:39:36
Jordan Clark,CB,NYJ,New York Jets,,Healthy,,,True,2025-11-04 11:39:36
Brady Cook,QB,NYJ,New York Jets,4,Healthy,,,True,2025-11-04 11:39:36
Liam Fornadel,G,NYJ,New York Jets,50,Healthy,,,True,2025-11-04 11:39:36
Marquis Hayes,G,NYJ,New York Jets,,Healthy,,,True,2025-11-04 11:39:36
Trenton Irwin,WR,NYJ,New York Jets,,Healthy,,,True,2025-11-04 11:39:36
Kohl Levao,G,NYJ,New York Jets,60,Healthy,,,True,2025-11-04 11:39:36
Fatorma Mulbah,DT,NYJ,New York Jets,62,Healthy,,,True,2025-11-04 11:39:36
Nik Needham,CB,NYJ,New York Jets,,Healthy,,,True,2025-11-04 11:39:36
Payton Page,DT,NYJ,New York Jets,69,Healthy,,,True,2025-11-04 11:39:36
Jamaal Pritchett,WR,NYJ,New York Jets,36,Healthy,,,True,2025-11-04 11:39:36
Keilan Robinson,RB,NYJ,New York Jets,,Out,Unknown,,False,2025-11-04 11:39:36
Jackson Sirmon,LB,NYJ,New York Jets,49,Healthy,,,True,2025-11-04 11:39:36
Quentin Skinner,WR,NYJ,New York Jets,39,Healthy,,,True,2025-11-04 11:39:36
Eric Watts,DE,NYJ,New York Jets,58,Healthy,,,True,2025-11-04 11:39:36
Leander Wiegand,G,NYJ,New York Jets,64,Healthy,,,True,2025-11-04 11:39:36
JT Woods,S,NYJ,New York Jets,,Healthy,,,True,2025-11-04 11:39:36
Saquon Barkley,RB,PHI,Philadelphia Eagles,26,Questionable,Unknown,,True,2025-11-04 11:39:36
Tank Bigsby,RB,PHI,Philadelphia Eagles,37,Healthy,,,True,2025-11-04 11:39:36
A.J. Brown,WR,PHI,Philadelphia Eagles,11,Questionable,Unknown,,True,2025-11-04 11:39:36
Grant Calcaterra,TE,PHI,Philadelphia Eagles,81,Healthy,,,True,2025-11-04 11:39:36
Darius Cooper,WR,PHI,Philadelphia Eagles,80,Healthy,,,True,2025-11-04 11:39:36
Landon Dickerson,G,PHI,Philadelphia Eagles,69,Healthy,,,True,2025-11-04 11:39:36
AJ Dillon,RB,PHI,Philadelphia Eagles,29,Healthy,,,True,2025-11-04 11:39:36
Jahan Dotson,WR,PHI,Philadelphia Eagles,2,Healthy,,,True,2025-11-04 11:39:36
Xavier Gipson,WR,PHI,Philadelphia Eagles,87,Healthy,,,True,2025-11-04 11:39:36
Dallas Goedert,TE,PHI,Philadelphia Eagles,88,Healthy,,,True,2025-11-04 11:39:36
Kylen Granson,TE,PHI,Philadelphia Eagles,83,Healthy,,,True,2025-11-04 11:39:36
Sam Howell,QB,PHI,Philadelphia Eagles,14,Healthy,,,True,2025-11-04 11:39:36
Jalen Hurts,QB,PHI,Philadelphia Eagles,1,Healthy,,,True,2025-11-04 11:39:36
Fred Johnson,OT,PHI,Philadelphia Eagles,74,Healthy,,,True,2025-11-04 11:39:36
Lane Johnson,OT,PHI,Philadelphia Eagles,65,Healthy,,,True,2025-11-04 11:39:36
Cam Jurgens,C,PHI,Philadelphia Eagles,51,Questionable,Unknown,,True,2025-11-04 11:39:36
Drew Kendall,C,PHI,Philadelphia Eagles,66,Healthy,,,True,2025-11-04 11:39:36
Cameron Latu,TE,PHI,Philadelphia Eagles,36,Healthy,,,True,2025-11-04 11:39:36
Jordan Mailata,OT,PHI,Philadelphia Eagles,68,Healthy,,,True,2025-11-04 11:39:36
Tanner McKee,QB,PHI,Philadelphia Eagles,16,Healthy,,,True,2025-11-04 11:39:36
Matt Pryor,OT,PHI,Philadelphia Eagles,79,Healthy,,,True,2025-11-04 11:39:36
Will Shipley,RB,PHI,Philadelphia Eagles,28,Healthy,,,True,2025-11-04 11:39:36
DeVonta Smith,WR,PHI,Philadelphia Eagles,6,Healthy,,,True,2025-11-04 11:39:36
Tyler Steen,G,PHI,Philadelphia Eagles,56,Healthy,,,True,2025-11-04 11:39:36
Brett Toth,OT,PHI,Philadelphia Eagles,64,Healthy,,,True,2025-11-04 11:39:36
Jaire Alexander,CB,PHI,Philadelphia Eagles,23,Healthy,,,True,2025-11-04 11:39:36
Zack Baun,LB,PHI,Philadelphia Eagles,53,Healthy,,,True,2025-11-04 11:39:36
Reed Blankenship,S,PHI,Philadelphia Eagles,32,Healthy,,,True,2025-11-04 11:39:36
Sydney Brown,S,PHI,Philadelphia Eagles,21,Healthy,,,True,2025-11-04 11:39:36
Jihaad Campbell,LB,PHI,Philadelphia Eagles,30,Healthy,,,True,2025-11-04 11:39:36
Jalen Carter,DT,PHI,Philadelphia Eagles,98,Healthy,,,True,2025-11-04 11:39:36
Michael Carter II,CB,PHI,Philadelphia Eagles,30,Healthy,,,True,2025-11-04 11:39:36
Jordan Davis,DT,PHI,Philadelphia Eagles,90,Healthy,,,True,2025-11-04 11:39:36
Nakobe Dean,LB,PHI,Philadelphia Eagles,17,Healthy,,,True,2025-11-04 11:39:36
Cooper DeJean,CB,PHI,Philadelphia Eagles,33,Healthy,,,True,2025-11-04 11:39:36
Brandon Graham,DE,PHI,Philadelphia Eagles,55,Healthy,,,True,2025-11-04 11:39:36
Jalyx Hunt,LB,PHI,Philadelphia Eagles,58,Healthy,,,True,2025-11-04 11:39:36
Adoree' Jackson,CB,PHI,Philadelphia Eagles,8,Questionable,Unknown,,True,2025-11-04 11:39:36
Patrick Johnson,LB,PHI,Philadelphia Eagles,48,Healthy,,,True,2025-11-04 11:39:36
Mac McWilliams,CB,PHI,Philadelphia Eagles,22,Healthy,,,True,2025-11-04 11:39:36
Quinyon Mitchell,CB,PHI,Philadelphia Eagles,27,Healthy,,,True,2025-11-04 11:39:36
Smael Mondon Jr.,LB,PHI,Philadelphia Eagles,42,Healthy,,,True,2025-11-04 11:39:36
Andrew Mukuba,S,PHI,Philadelphia Eagles,24,Healthy,,,True,2025-11-04 11:39:36
Moro Ojomo,DT,PHI,Philadelphia Eagles,97,Healthy,,,True,2025-11-04 11:39:36
Jaelan Phillips,LB,PHI,Philadelphia Eagles,,Healthy,,,True,2025-11-04 11:39:36
Kelee Ringo,CB,PHI,Philadelphia Eagles,7,Healthy,,,True,2025-11-04 11:39:36
Ty Robinson,DT,PHI,Philadelphia Eagles,95,Healthy,,,True,2025-11-04 11:39:36
Jeremiah Trotter Jr.,LB,PHI,Philadelphia Eagles,54,Healthy,,,True,2025-11-04 11:39:36
Joshua Uche,LB,PHI,Philadelphia Eagles,0,Healthy,,,True,2025-11-04 11:39:36
Byron Young,DT,PHI,Philadelphia Eagles,94,Healthy,,,True,2025-11-04 11:39:36
Cal Adomitis,LS,PHI,Philadelphia Eagles,57,Healthy,,,True,2025-11-04 11:39:36
Jake Elliott,PK,PHI,Philadelphia Eagles,4,Healthy,,,True,2025-11-04 11:39:36
Braden Mann,P,PHI,Philadelphia Eagles,10,Healthy,,,True,2025-11-04 11:39:36
Jakorian Bennett,CB,PHI,Philadelphia Eagles,23,Injured Reserve,Unknown,,False,2025-11-04 11:39:36
Marcus Epps,S,PHI,Philadelphia Eagles,39,Injured Reserve,Unknown,,False,2025-11-04 11:39:36
Myles Hinton,OT,PHI,Philadelphia Eagles,78,Injured Reserve,Unknown,,False,2025-11-04 11:39:36
Charley Hughlett,LS,PHI,Philadelphia Eagles,47,Injured Reserve,Unknown,,False,2025-11-04 11:39:36
Willie Lampkin,C,PHI,Philadelphia Eagles,61,Injured Reserve,Unknown,,False,2025-11-04 11:39:36
Azeez Ojulari,LB,PHI,Philadelphia Eagles,13,Injured Reserve,Unknown,,False,2025-11-04 11:39:36
Ogbo Okoronkwo,DE,PHI,Philadelphia Eagles,45,Injured Reserve,Unknown,,False,2025-11-04 11:39:36
Nolan Smith Jr.,LB,PHI,Philadelphia Eagles,3,Injured Reserve,Unknown,,False,2025-11-04 11:39:36
Ben VanSumeren,FB,PHI,Philadelphia Eagles,43,Injured Reserve,Unknown,,False,2025-11-04 11:39:36
Cameron Williams,OT,PHI,Philadelphia Eagles,73,Injured Reserve,Unknown,,False,2025-11-04 11:39:36
Johnny Wilson,WR,PHI,Philadelphia Eagles,89,Injured Reserve,Unknown,,False,2025-11-04 11:39:36
Chance Campbell,LB,PHI,Philadelphia Eagles,59,Healthy,,,True,2025-11-04 11:39:36
Tariq Castro-Fields,CB,PHI,Philadelphia Eagles,46,Healthy,,,True,2025-11-04 11:39:36
Britain Covey,WR,PHI,Philadelphia Eagles,,Healthy,,,True,2025-11-04 11:39:36
Luke Felix-Fualalo,OT,PHI,Philadelphia Eagles,,Healthy,,,True,2025-11-04 11:39:36
Danny Gray,WR,PHI,Philadelphia Eagles,80,Healthy,,,True,2025-11-04 11:39:36
Gabe Hall,DT,PHI,Philadelphia Eagles,96,Healthy,,,True,2025-11-04 11:39:36
E.J. Jenkins,TE,PHI,Philadelphia Eagles,84,Healthy,,,True,2025-11-04 11:39:36
Brandon Johnson,S,PHI,Philadelphia Eagles,35,Healthy,,,True,2025-11-04 11:39:36
Jake Majors,C,PHI,Philadelphia Eagles,,Healthy,,,True,2025-11-04 11:39:36
Terrace Marshall Jr.,WR,PHI,Philadelphia Eagles,,Healthy,,,True,2025-11-04 11:39:36
Kyle McCord,QB,PHI,Philadelphia Eagles,19,Healthy,,,True,2025-11-04 11:39:36
Parry Nickerson,CB,PHI,Philadelphia Eagles,34,Healthy,,,True,2025-11-04 11:39:36
Hollin Pierce,OT,PHI,Philadelphia Eagles,,Healthy,,,True,2025-11-04 11:39:36
Antwaun Powell-Ryland Jr.,LB,PHI,Philadelphia Eagles,,Healthy,,,True,2025-11-04 11:39:36
Eli Ricks,CB,PHI,Philadelphia Eagles,,Healthy,,,True,2025-11-04 11:39:36
Andre' Sam,S,PHI,Philadelphia Eagles,,Healthy,,,True,2025-11-04 11:39:36
Ambry Thomas,CB,PHI,Philadelphia Eagles,,Healthy,,,True,2025-11-04 11:39:36
Quez Watkins,WR,PHI,Philadelphia Eagles,,Questionable,Unknown,,True,2025-11-04 11:39:36
Calvin Anderson,OT,PIT,Pittsburgh Steelers,67,Healthy,,,True,2025-11-04 11:39:36
Spencer Anderson,G,PIT,Pittsburgh Steelers,74,Healthy,,,True,2025-11-04 11:39:36
Calvin Austin III,WR,PIT,Pittsburgh Steelers,19,Healthy,,,True,2025-11-04 11:39:36
Troy Fautanu,OT,PIT,Pittsburgh Steelers,76,Healthy,,,True,2025-11-04 11:39:36
Zach Frazier,C,PIT,Pittsburgh Steelers,54,Healthy,,,True,2025-11-04 11:39:36
Pat Freiermuth,TE,PIT,Pittsburgh Steelers,88,Healthy,,,True,2025-11-04 11:39:36
Kenneth Gainwell,RB,PIT,Pittsburgh Steelers,14,Healthy,,,True,2025-11-04 11:39:36
Connor Heyward,TE,PIT,Pittsburgh Steelers,83,Healthy,,,True,2025-11-04 11:39:36
Kaleb Johnson,RB,PIT,Pittsburgh Steelers,20,Healthy,,,True,2025-11-04 11:39:36
Broderick Jones,OT,PIT,Pittsburgh Steelers,77,Healthy,,,True,2025-11-04 11:39:36
Ryan McCollum,C,PIT,Pittsburgh Steelers,62,Healthy,,,True,2025-11-04 11:39:36
Mason McCormick,G,PIT,Pittsburgh Steelers,66,Healthy,,,True,2025-11-04 11:39:36
DK Metcalf,WR,PIT,Pittsburgh Steelers,4,Healthy,,,True,2025-11-04 11:39:36
Scotty Miller,WR,PIT,Pittsburgh Steelers,13,Questionable,Unknown,,True,2025-11-04 11:39:36
Andrus Peat,G,PIT,Pittsburgh Steelers,71,Healthy,,,True,2025-11-04 11:39:36
Aaron Rodgers,QB,PIT,Pittsburgh Steelers,8,Healthy,,,True,2025-11-04 11:39:36
Mason Rudolph,QB,PIT,Pittsburgh Steelers,2,Healthy,,,True,2025-11-04 11:39:36
Isaac Seumalo,G,PIT,Pittsburgh Steelers,73,Questionable,Unknown,,True,2025-11-04 11:39:36
Ben Skowronek,WR,PIT,Pittsburgh Steelers,15,Healthy,,,True,2025-11-04 11:39:36
Jonnu Smith,TE,PIT,Pittsburgh Steelers,81,Healthy,,,True,2025-11-04 11:39:36
Jaylen Warren,RB,PIT,Pittsburgh Steelers,30,Healthy,,,True,2025-11-04 11:39:36
Darnell Washington,TE,PIT,Pittsburgh Steelers,80,Healthy,,,True,2025-11-04 11:39:36
Ke'Shawn Williams,WR,PIT,Pittsburgh Steelers,85,Healthy,,,True,2025-11-04 11:39:36
Roman Wilson,WR,PIT,Pittsburgh Steelers,10,Healthy,,,True,2025-11-04 11:39:36
Keeanu Benton,DT,PIT,Pittsburgh Steelers,95,Healthy,,,True,2025-11-04 11:39:36
Yahya Black,DE,PIT,Pittsburgh Steelers,94,Healthy,,,True,2025-11-04 11:39:36
Carson Bruener,LB,PIT,Pittsburgh Steelers,44,Healthy,,,True,2025-11-04 11:39:36
Chuck Clark,S,PIT,Pittsburgh Steelers,21,Questionable,Unknown,,True,2025-11-04 11:39:36
Kyle Dugger,S,PIT,Pittsburgh Steelers,29,Healthy,,,True,2025-11-04 11:39:36
Brandin Echols,CB,PIT,Pittsburgh Steelers,26,Healthy,,,True,2025-11-04 11:39:36
Derrick Harmon,DT,PIT,Pittsburgh Steelers,99,Healthy,,,True,2025-11-04 11:39:36
Malik Harrison,LB,PIT,Pittsburgh Steelers,50,Healthy,,,True,2025-11-04 11:39:36
Nick Herbig,LB,PIT,Pittsburgh Steelers,51,Healthy,,,True,2025-11-04 11:39:36
Cameron Heyward,DT,PIT,Pittsburgh Steelers,97,Healthy,,,True,2025-11-04 11:39:36
Alex Highsmith,LB,PIT,Pittsburgh Steelers,56,Healthy,,,True,2025-11-04 11:39:36
Cole Holcomb,LB,PIT,Pittsburgh Steelers,55,Questionable,Unknown,,True,2025-11-04 11:39:36
DeMarvin Leal,DE,PIT,Pittsburgh Steelers,98,Healthy,,,True,2025-11-04 11:39:36
Logan Lee,DT,PIT,Pittsburgh Steelers,91,Healthy,,,True,2025-11-04 11:39:36
Esezi Otomewo,DE,PIT,Pittsburgh Steelers,93,Healthy,,,True,2025-11-04 11:39:36
Jabrill Peppers,S,PIT,Pittsburgh Steelers,40,Questionable,Unknown,,True,2025-11-04 11:39:36
James Pierre,CB,PIT,Pittsburgh Steelers,42,Healthy,,,True,2025-11-04 11:39:36
Joey Porter Jr.,CB,PIT,Pittsburgh Steelers,24,Healthy,,,True,2025-11-04 11:39:36
Patrick Queen,LB,PIT,Pittsburgh Steelers,6,Healthy,,,True,2025-11-04 11:39:36
Jalen Ramsey,CB,PIT,Pittsburgh Steelers,5,Healthy,,,True,2025-11-04 11:39:36
Jack Sawyer,LB,PIT,Pittsburgh Steelers,33,Healthy,,,True,2025-11-04 11:39:36
Darius Slay,CB,PIT,Pittsburgh Steelers,23,Healthy,,,True,2025-11-04 11:39:36
Juan Thornhill,S,PIT,Pittsburgh Steelers,22,Healthy,,,True,2025-11-04 11:39:36
T.J. Watt,LB,PIT,Pittsburgh Steelers,90,Healthy,,,True,2025-11-04 11:39:36
Payton Wilson,LB,PIT,Pittsburgh Steelers,41,Healthy,,,True,2025-11-04 11:39:36
Chris Boswell,PK,PIT,Pittsburgh Steelers,9,Healthy,,,True,2025-11-04 11:39:36
Christian Kuntz,LS,PIT,Pittsburgh Steelers,46,Healthy,,,True,2025-11-04 11:39:36
Corliss Waitman,P,PIT,Pittsburgh Steelers,3,Healthy,,,True,2025-11-04 11:39:36
Daniel Ekuale,DT,PIT,Pittsburgh Steelers,96,Injured Reserve,Unknown,,False,2025-11-04 11:39:36
DeShon Elliott,S,PIT,Pittsburgh Steelers,25,Injured Reserve,Unknown,,False,2025-11-04 11:39:36
Will Howard,QB,PIT,Pittsburgh Steelers,18,Injured Reserve,Unknown,,False,2025-11-04 11:39:36
Donte Kent,CB,PIT,Pittsburgh Steelers,34,Injured Reserve,Unknown,,False,2025-11-04 11:39:36
Miles Killebrew,S,PIT,Pittsburgh Steelers,28,Injured Reserve,Unknown,,False,2025-11-04 11:39:36
Isaiahh Loudermilk,DT,PIT,Pittsburgh Steelers,92,Injured Reserve,Unknown,,False,2025-11-04 11:39:36
Dean Lowry,DT,PIT,Pittsburgh Steelers,94,Injured Reserve,Unknown,,False,2025-11-04 11:39:36
Donald Parham Jr.,TE,PIT,Pittsburgh Steelers,89,Injured Reserve,Unknown,,False,2025-11-04 11:39:36
Max Scharping,G,PIT,Pittsburgh Steelers,64,Injured Reserve,Unknown,,False,2025-11-04 11:39:36
Jacob Slade,DT,PIT,Pittsburgh Steelers,79,Injured Reserve,Unknown,,False,2025-11-04 11:39:36
Skylar Thompson,QB,PIT,Pittsburgh Steelers,17,Injured Reserve,Unknown,,False,2025-11-04 11:39:36
Cory Trice Jr.,CB,PIT,Pittsburgh Steelers,27,Injured Reserve,Unknown,,False,2025-11-04 11:39:36
Kyler Baugh,DT,PIT,Pittsburgh Steelers,,Healthy,,,True,2025-11-04 11:39:36
Dylan Cook,OT,PIT,Pittsburgh Steelers,,Healthy,,,True,2025-11-04 11:39:36
Jack Driscoll,OT,PIT,Pittsburgh Steelers,75,Healthy,,,True,2025-11-04 11:39:36
Darrick Forrest,S,PIT,Pittsburgh Steelers,28,Healthy,,,True,2025-11-04 11:39:36
Jack Henderson,S,PIT,Pittsburgh Steelers,,Healthy,,,True,2025-11-04 11:39:36
KJ Henry,DE,PIT,Pittsburgh Steelers,,Healthy,,,True,2025-11-04 11:39:36
Isaiah Hodgins,WR,PIT,Pittsburgh Steelers,,Healthy,,,True,2025-11-04 11:39:36
Max Hurleman,RB,PIT,Pittsburgh Steelers,,Healthy,,,True,2025-11-04 11:39:36
D'Shawn Jamison,CB,PIT,Pittsburgh Steelers,17,Healthy,,,True,2025-11-04 11:39:36
Steven Jones,G,PIT,Pittsburgh Steelers,,Healthy,,,True,2025-11-04 11:39:36
Lew Nichols,RB,PIT,Pittsburgh Steelers,35,Healthy,,,True,2025-11-04 11:39:36
John Rhys Plumlee,QB,PIT,Pittsburgh Steelers,18,Healthy,,,True,2025-11-04 11:39:36
Daryl Porter Jr.,CB,PIT,Pittsburgh Steelers,39,Healthy,,,True,2025-11-04 11:39:36
Trey Sermon,RB,PIT,Pittsburgh Steelers,37,Healthy,,,True,2025-11-04 11:39:36
Matt Sokol,TE,PIT,Pittsburgh Steelers,,Healthy,,,True,2025-11-04 11:39:36
Julius Welschof,LB,PIT,Pittsburgh Steelers,45,Healthy,,,True,2025-11-04 11:39:36
Kendrick Bourne,WR,SF,San Francisco 49ers,84,Healthy,,,True,2025-11-04 11:39:36
Jake Brendel,C,SF,San Francisco 49ers,64,Questionable,Unknown,,True,2025-11-04 11:39:36
Spencer Burford,OT,SF,San Francisco 49ers,74,Healthy,,,True,2025-11-04 11:39:36
Connor Colby,G,SF,San Francisco 49ers,75,Healthy,,,True,2025-11-04 11:39:36
Luke Farrell,TE,SF,San Francisco 49ers,89,Healthy,,,True,2025-11-04 11:39:36
Isaac Guerendo,RB,SF,San Francisco 49ers,31,Healthy,,,True,2025-11-04 11:39:36
Matt Hennessy,C,SF,San Francisco 49ers,61,Healthy,,,True,2025-11-04 11:39:36
Jordan James,RB,SF,San Francisco 49ers,29,Healthy,,,True,2025-11-04 11:39:36
Jauan Jennings,WR,SF,San Francisco 49ers,15,Healthy,,,True,2025-11-04 11:39:36
Mac Jones,QB,SF,San Francisco 49ers,10,Healthy,,,True,2025-11-04 11:39:36
Kyle Juszczyk,FB,SF,San Francisco 49ers,44,Healthy,,,True,2025-11-04 11:39:36
George Kittle,TE,SF,San Francisco 49ers,85,Healthy,,,True,2025-11-04 11:39:36
Adrian Martinez,QB,SF,San Francisco 49ers,4,Healthy,,,True,2025-11-04 11:39:36
Christian McCaffrey,RB,SF,San Francisco 49ers,23,Healthy,,,True,2025-11-04 11:39:36
Colton McKivitz,OT,SF,San Francisco 49ers,68,Healthy,,,True,2025-11-04 11:39:36
Skyy Moore,WR,SF,San Francisco 49ers,9,Healthy,,,True,2025-11-04 11:39:36
Ricky Pearsall,WR,SF,San Francisco 49ers,1,Questionable,Unknown,,True,2025-11-04 11:39:36
Austen Pleasants,OT,SF,San Francisco 49ers,62,Healthy,,,True,2025-11-04 11:39:36
Dominick Puni,G,SF,San Francisco 49ers,77,Healthy,,,True,2025-11-04 11:39:36
Brock Purdy,QB,SF,San Francisco 49ers,13,Questionable,Unknown,,True,2025-11-04 11:39:36
Demarcus Robinson,WR,SF,San Francisco 49ers,5,Healthy,,,True,2025-11-04 11:39:36
Brian Robinson Jr.,RB,SF,San Francisco 49ers,3,Healthy,,,True,2025-11-04 11:39:36
Jake Tonges,TE,SF,San Francisco 49ers,88,Healthy,,,True,2025-11-04 11:39:36
Jordan Watkins,WR,SF,San Francisco 49ers,17,Healthy,,,True,2025-11-04 11:39:36
Trent Williams,OT,SF,San Francisco 49ers,71,Healthy,,,True,2025-11-04 11:39:36
Robert Beal Jr.,DE,SF,San Francisco 49ers,51,Healthy,,,True,2025-11-04 11:39:36
Tatum Bethune,LB,SF,San Francisco 49ers,48,Healthy,,,True,2025-11-04 11:39:36
Ji'Ayir Brown,S,SF,San Francisco 49ers,27,Healthy,,,True,2025-11-04 11:39:36
Alfred Collins,DT,SF,San Francisco 49ers,95,Healthy,,,True,2025-11-04 11:39:36
Kalia Davis,DT,SF,San Francisco 49ers,93,Healthy,,,True,2025-11-04 11:39:36
Jordan Elliott,DT,SF,San Francisco 49ers,92,Healthy,,,True,2025-11-04 11:39:36
Luke Gifford,LB,SF,San Francisco 49ers,57,Healthy,,,True,2025-11-04 11:39:36
Kevin Givens,DT,SF,San Francisco 49ers,90,Healthy,,,True,2025-11-04 11:39:36
Renardo Green,CB,SF,San Francisco 49ers,0,Healthy,,,True,2025-11-04 11:39:36
Bryce Huff,DE,SF,San Francisco 49ers,47,Questionable,Unknown,,True,2025-11-04 11:39:36
Deommodore Lenoir,CB,SF,San Francisco 49ers,2,Healthy,,,True,2025-11-04 11:39:36
Chase Lucas,CB,SF,San Francisco 49ers,26,Healthy,,,True,2025-11-04 11:39:36
Darrell Luter Jr.,CB,SF,San Francisco 49ers,28,Healthy,,,True,2025-11-04 11:39:36
Nick Martin,LB,SF,San Francisco 49ers,45,Healthy,,,True,2025-11-04 11:39:36
Malik Mustapha,S,SF,San Francisco 49ers,6,Healthy,,,True,2025-11-04 11:39:36
Siran Neal,CB,SF,San Francisco 49ers,33,Healthy,,,True,2025-11-04 11:39:36
Sam Okuayinonu,DT,SF,San Francisco 49ers,91,Healthy,,,True,2025-11-04 11:39:36
Jason Pinnock,S,SF,San Francisco 49ers,25,Healthy,,,True,2025-11-04 11:39:36
Curtis Robinson,LB,SF,San Francisco 49ers,59,Healthy,,,True,2025-11-04 11:39:36
Marques Sigle,S,SF,San Francisco 49ers,36,Healthy,,,True,2025-11-04 11:39:36
Upton Stout,CB,SF,San Francisco 49ers,20,Healthy,,,True,2025-11-04 11:39:36
CJ West,DT,SF,San Francisco 49ers,99,Healthy,,,True,2025-11-04 11:39:36
Keion White,DE,SF,San Francisco 49ers,56,Healthy,,,True,2025-11-04 11:39:36
Mykel Williams,DE,SF,San Francisco 49ers,98,Out,Unknown,,False,2025-11-04 11:39:36
Dee Winters,LB,SF,San Francisco 49ers,53,Healthy,,,True,2025-11-04 11:39:36
Thomas Morstead,P,SF,San Francisco 49ers,7,Healthy,,,True,2025-11-04 11:39:36
Eddy Pineiro,PK,SF,San Francisco 49ers,18,Healthy,,,True,2025-11-04 11:39:36
Jon Weeks,LS,SF,San Francisco 49ers,46,Healthy,,,True,2025-11-04 11:39:36
Brandon Aiyuk,WR,SF,San Francisco 49ers,11,Out,Unknown,,False,2025-11-04 11:39:36
Ben Bartch,G,SF,San Francisco 49ers,78,Injured Reserve,Unknown,,False,2025-11-04 11:39:36
Nick Bosa,DE,SF,San Francisco 49ers,97,Injured Reserve,Unknown,,False,2025-11-04 11:39:36
Jacob Cowing,WR,SF,San Francisco 49ers,19,Injured Reserve,Unknown,,False,2025-11-04 11:39:36
Yetur Gross-Matos,DE,SF,San Francisco 49ers,94,Injured Reserve,Unknown,,False,2025-11-04 11:39:36
Tarron Jackson,DE,SF,San Francisco 49ers,56,Injured Reserve,Unknown,,False,2025-11-04 11:39:36
Jakob Robinson,CB,SF,San Francisco 49ers,49,Injured Reserve,Unknown,,False,2025-11-04 11:39:36
Kurtis Rourke,QB,SF,San Francisco 49ers,4,Out,Unknown,,False,2025-11-04 11:39:36
Trent Taylor,WR,SF,San Francisco 49ers,81,Injured Reserve,Unknown,,False,2025-11-04 11:39:36
Patrick Taylor Jr.,RB,SF,San Francisco 49ers,32,Injured Reserve,Unknown,,False,2025-11-04 11:39:36
Tre Tomlinson,CB,SF,San Francisco 49ers,35,Injured Reserve,Unknown,,False,2025-11-04 11:39:36
Fred Warner,LB,SF,San Francisco 49ers,54,Injured Reserve,Unknown,,False,2025-11-04 11:39:36
Isaac Alarcon,OT,SF,San Francisco 49ers,67,Healthy,,,True,2025-11-04 11:39:36
Evan Anderson,DT,SF,San Francisco 49ers,58,Healthy,,,True,2025-11-04 11:39:36
Eli Apple,CB,SF,San Francisco 49ers,30,Healthy,,,True,2025-11-04 11:39:36
Junior Bergen,WR,SF,San Francisco 49ers,86,Healthy,,,True,2025-11-04 11:39:36
Stone Blanton,LB,SF,San Francisco 49ers,50,Healthy,,,True,2025-11-04 11:39:36
William Bradley-King,DE,SF,San Francisco 49ers,,Healthy,,,True,2025-11-04 11:39:36
Derrick Canteen,CB,SF,San Francisco 49ers,,Healthy,,,True,2025-11-04 11:39:36
Clelin Ferrell,DE,SF,San Francisco 49ers,94,Healthy,,,True,2025-11-04 11:39:36
Russell Gage Jr.,WR,SF,San Francisco 49ers,14,Healthy,,,True,2025-11-04 11:39:36
Jalen Graham,LB,SF,San Francisco 49ers,41,Healthy,,,True,2025-11-04 11:39:36
Sincere McCormick,RB,SF,San Francisco 49ers,,Healthy,,,True,2025-11-04 11:39:36
Drake Nugent,C,SF,San Francisco 49ers,66,Healthy,,,True,2025-11-04 11:39:36
Brandon Parker,OT,SF,San Francisco 49ers,75,Healthy,,,True,2025-11-04 11:39:36
Malik Turner,WR,SF,San Francisco 49ers,18,Healthy,,,True,2025-11-04 11:39:36
Sebastian Valdez,DT,SF,San Francisco 49ers,,Healthy,,,True,2025-11-04 11:39:36
Brayden Willis,TE,SF,San Francisco 49ers,82,Healthy,,,True,2025-11-04 11:39:36
Nick Zakelj,OT,SF,San Francisco 49ers,63,Healthy,,,True,2025-11-04 11:39:36
Elijah Arroyo,TE,SEA,Seattle Seahawks,18,Healthy,,,True,2025-11-04 11:39:36
AJ Barner,TE,SEA,Seattle Seahawks,88,Healthy,,,True,2025-11-04 11:39:36
Jake Bobo,WR,SEA,Seattle Seahawks,19,Questionable,Unknown,,True,2025-11-04 11:39:36
Anthony Bradford,G,SEA,Seattle Seahawks,75,Healthy,,,True,2025-11-04 11:39:36
Bryce Cabeldue,G,SEA,Seattle Seahawks,77,Healthy,,,True,2025-11-04 11:39:36
Zach Charbonnet,RB,SEA,Seattle Seahawks,26,Healthy,,,True,2025-11-04 11:39:36
Charles Cross,OT,SEA,Seattle Seahawks,67,Healthy,,,True,2025-11-04 11:39:36
Sam Darnold,QB,SEA,Seattle Seahawks,14,Healthy,,,True,2025-11-04 11:39:36
George Holani,RB,SEA,Seattle Seahawks,36,Healthy,,,True,2025-11-04 11:39:36
Tory Horton,WR,SEA,Seattle Seahawks,15,Healthy,,,True,2025-11-04 11:39:36
Josh Jones,G,SEA,Seattle Seahawks,74,Healthy,,,True,2025-11-04 11:39:36
Nick Kallerup,TE,SEA,Seattle Seahawks,89,Healthy,,,True,2025-11-04 11:39:36
Cooper Kupp,WR,SEA,Seattle Seahawks,10,Questionable,Unknown,,True,2025-11-04 11:39:36
Drew Lock,QB,SEA,Seattle Seahawks,2,Healthy,,,True,2025-11-04 11:39:36
Abraham Lucas,OT,SEA,Seattle Seahawks,72,Healthy,,,True,2025-11-04 11:39:36
Jalen Milroe,QB,SEA,Seattle Seahawks,6,Healthy,,,True,2025-11-04 11:39:36
Olu Oluwatimi,C,SEA,Seattle Seahawks,55,Healthy,,,True,2025-11-04 11:39:36
Robbie Ouzts,FB,SEA,Seattle Seahawks,40,Healthy,,,True,2025-11-04 11:39:36
Mason Richman,G,SEA,Seattle Seahawks,78,Healthy,,,True,2025-11-04 11:39:36
Brady Russell,FB,SEA,Seattle Seahawks,38,Healthy,,,True,2025-11-04 11:39:36
Jaxon Smith-Njigba,WR,SEA,Seattle Seahawks,11,Healthy,,,True,2025-11-04 11:39:36
Jalen Sundell,C,SEA,Seattle Seahawks,61,Healthy,,,True,2025-11-04 11:39:36
Kenneth Walker III,RB,SEA,Seattle Seahawks,9,Healthy,,,True,2025-11-04 11:39:36
Dareke Young,WR,SEA,Seattle Seahawks,83,Questionable,Unknown,,True,2025-11-04 11:39:36
Grey Zabel,G,SEA,Seattle Seahawks,76,Healthy,,,True,2025-11-04 11:39:36
D'Anthony Bell,S,SEA,Seattle Seahawks,23,Healthy,,,True,2025-11-04 11:39:36
Coby Bryant,S,SEA,Seattle Seahawks,8,Healthy,,,True,2025-11-04 11:39:36
Nick Emmanwori,S,SEA,Seattle Seahawks,3,Healthy,,,True,2025-11-04 11:39:36
Derick Hall,LB,SEA,Seattle Seahawks,58,Healthy,,,True,2025-11-04 11:39:36
Jared Ivey,LB,SEA,Seattle Seahawks,51,Healthy,,,True,2025-11-04 11:39:36
Josh Jobe,CB,SEA,Seattle Seahawks,29,Questionable,Unknown,,True,2025-11-04 11:39:36
Ernest Jones IV,LB,SEA,Seattle Seahawks,13,Questionable,Unknown,,True,2025-11-04 11:39:36
Derion Kendrick,CB,SEA,Seattle Seahawks,1,Healthy,,,True,2025-11-04 11:39:36
Tyrice Knight,LB,SEA,Seattle Seahawks,48,Healthy,,,True,2025-11-04 11:39:36
DeMarcus Lawrence,DE,SEA,Seattle Seahawks,0,Healthy,,,True,2025-11-04 11:39:36
Boye Mafe,LB,SEA,Seattle Seahawks,53,Healthy,,,True,2025-11-04 11:39:36
Mike Morris,DE,SEA,Seattle Seahawks,94,Healthy,,,True,2025-11-04 11:39:36
Byron Murphy II,DT,SEA,Seattle Seahawks,91,Healthy,,,True,2025-11-04 11:39:36
Uchenna Nwosu,LB,SEA,Seattle Seahawks,7,Healthy,,,True,2025-11-04 11:39:36
Connor O'Toole,LB,SEA,Seattle Seahawks,57,Healthy,,,True,2025-11-04 11:39:36
Ty Okada,S,SEA,Seattle Seahawks,39,Healthy,,,True,2025-11-04 11:39:36
Brandon Pili,DT,SEA,Seattle Seahawks,95,Healthy,,,True,2025-11-04 11:39:36
Nehemiah Pritchett,CB,SEA,Seattle Seahawks,28,Healthy,,,True,2025-11-04 11:39:36
Jarran Reed,DT,SEA,Seattle Seahawks,90,Healthy,,,True,2025-11-04 11:39:36
Jerrick Reed II,S,SEA,Seattle Seahawks,32,Healthy,,,True,2025-11-04 11:39:36
Chazz Surratt,LB,SEA,Seattle Seahawks,44,Healthy,,,True,2025-11-04 11:39:36
Drake Thomas,LB,SEA,Seattle Seahawks,42,Healthy,,,True,2025-11-04 11:39:36
Leonard Williams,DE,SEA,Seattle Seahawks,99,Healthy,,,True,2025-11-04 11:39:36
Devon Witherspoon,CB,SEA,Seattle Seahawks,21,Healthy,,,True,2025-11-04 11:39:36
Riq Woolen,CB,SEA,Seattle Seahawks,27,Healthy,,,True,2025-11-04 11:39:36
Michael Dickson,P,SEA,Seattle Seahawks,4,Healthy,,,True,2025-11-04 11:39:36
Jason Myers,PK,SEA,Seattle Seahawks,5,Healthy,,,True,2025-11-04 11:39:36
Chris Stoll,LS,SEA,Seattle Seahawks,41,Healthy,,,True,2025-11-04 11:39:36
AJ Finley,S,SEA,Seattle Seahawks,30,Injured Reserve,Unknown,,False,2025-11-04 11:39:36
Johnathan Hankins,DT,SEA,Seattle Seahawks,97,Out,Unknown,,False,2025-11-04 11:39:36
Christian Haynes,G,SEA,Seattle Seahawks,64,Injured Reserve,Unknown,,False,2025-11-04 11:39:36
Julian Love,S,SEA,Seattle Seahawks,20,Injured Reserve,Unknown,,False,2025-11-04 11:39:36
Kenny McIntosh,RB,SEA,Seattle Seahawks,25,Injured Reserve,Unknown,,False,2025-11-04 11:39:36
Rylie Mills,DT,SEA,Seattle Seahawks,98,Out,Unknown,,False,2025-11-04 11:39:36
Eric Saubert,TE,SEA,Seattle Seahawks,81,Injured Reserve,Unknown,,False,2025-11-04 11:39:36
Quinton Bohanna,DT,SEA,Seattle Seahawks,92,Healthy,,,True,2025-11-04 11:39:36
Tyrone Broden,WR,SEA,Seattle Seahawks,,Healthy,,,True,2025-11-04 11:39:36
Logan Brown,OT,SEA,Seattle Seahawks,,Healthy,,,True,2025-11-04 11:39:36
Myles Gaskin,RB,SEA,Seattle Seahawks,,Healthy,,,True,2025-11-04 11:39:36
Shaquill Griffin,CB,SEA,Seattle Seahawks,24,Healthy,,,True,2025-11-04 11:39:36
Maxen Hook,S,SEA,Seattle Seahawks,,Healthy,,,True,2025-11-04 11:39:36
Courtney Jackson,WR,SEA,Seattle Seahawks,,Healthy,,,True,2025-11-04 11:39:36
Shemar Jean-Charles,CB,SEA,Seattle Seahawks,,Healthy,,,True,2025-11-04 11:39:36
Amari Kight,OT,SEA,Seattle Seahawks,79,Healthy,,,True,2025-11-04 11:39:36
Shane Lemieux,C,SEA,Seattle Seahawks,,Out,Unknown,,False,2025-11-04 11:39:36
Federico Maranges,C,SEA,Seattle Seahawks,62,Healthy,,,True,2025-11-04 11:39:36
Patrick O'Connell,LB,SEA,Seattle Seahawks,52,Healthy,,,True,2025-11-04 11:39:36
Chris Paul Jr.,LB,SEA,Seattle Seahawks,,Healthy,,,True,2025-11-04 11:39:36
Jamie Sheriff,LB,SEA,Seattle Seahawks,50,Healthy,,,True,2025-11-04 11:39:36
J.R. Singleton,DT,SEA,Seattle Seahawks,,Healthy,,,True,2025-11-04 11:39:36
Cody White,WR,SEA,Seattle Seahawks,82,Healthy,,,True,2025-11-04 11:39:36
Ricky White III,WR,SEA,Seattle Seahawks,86,Healthy,,,True,2025-11-04 11:39:36
Jacardia Wright,RB,SEA,Seattle Seahawks,31,Out,Unknown,,False,2025-11-04 11:39:36
Graham Barton,C,TB,Tampa Bay Buccaneers,62,Healthy,,,True,2025-11-04 11:39:36
Ben Bredeson,G,TB,Tampa Bay Buccaneers,68,Healthy,,,True,2025-11-04 11:39:36
Teddy Bridgewater,QB,TB,Tampa Bay Buccaneers,10,Healthy,,,True,2025-11-04 11:39:36
Benjamin Chukwuma,OT,TB,Tampa Bay Buccaneers,70,Healthy,,,True,2025-11-04 11:39:36
Devin Culp,TE,TB,Tampa Bay Buccaneers,82,Healthy,,,True,2025-11-04 11:39:36
Payne Durham,TE,TB,Tampa Bay Buccaneers,87,Healthy,,,True,2025-11-04 11:39:36
Emeka Egbuka,WR,TB,Tampa Bay Buccaneers,2,Healthy,,,True,2025-11-04 11:39:36
Dan Feeney,G,TB,Tampa Bay Buccaneers,65,Healthy,,,True,2025-11-04 11:39:36
Chris Godwin Jr.,WR,TB,Tampa Bay Buccaneers,14,Questionable,Unknown,,True,2025-11-04 11:39:36
Luke Haggard,OT,TB,Tampa Bay Buccaneers,72,Questionable,Unknown,,True,2025-11-04 11:39:36
Charlie Heck,OT,TB,Tampa Bay Buccaneers,77,Healthy,,,True,2025-11-04 11:39:36
Bucky Irving,RB,TB,Tampa Bay Buccaneers,7,Questionable,Unknown,,True,2025-11-04 11:39:36
Kameron Johnson,WR,TB,Tampa Bay Buccaneers,19,Healthy,,,True,2025-11-04 11:39:36
Tez Johnson,WR,TB,Tampa Bay Buccaneers,15,Healthy,,,True,2025-11-04 11:39:36
Mike Jordan,G,TB,Tampa Bay Buccaneers,60,Healthy,,,True,2025-11-04 11:39:36
Elijah Klein,G,TB,Tampa Bay Buccaneers,79,Healthy,,,True,2025-11-04 11:39:36
Baker Mayfield,QB,TB,Tampa Bay Buccaneers,6,Healthy,,,True,2025-11-04 11:39:36
Ryan Miller,WR,TB,Tampa Bay Buccaneers,81,Healthy,,,True,2025-11-04 11:39:36
Cade Otton,TE,TB,Tampa Bay Buccaneers,88,Healthy,,,True,2025-11-04 11:39:36
Sterling Shepard,WR,TB,Tampa Bay Buccaneers,17,Healthy,,,True,2025-11-04 11:39:36
Sean Tucker,RB,TB,Tampa Bay Buccaneers,44,Healthy,,,True,2025-11-04 11:39:36
Rachaad White,RB,TB,Tampa Bay Buccaneers,1,Healthy,,,True,2025-11-04 11:39:36
Josh Williams,RB,TB,Tampa Bay Buccaneers,18,Healthy,,,True,2025-11-04 11:39:36
Tristan Wirfs,OT,TB,Tampa Bay Buccaneers,78,Healthy,,,True,2025-11-04 11:39:36
Chris Braswell,LB,TB,Tampa Bay Buccaneers,43,Healthy,,,True,2025-11-04 11:39:36
C.J. Brewer,DT,TB,Tampa Bay Buccaneers,52,Healthy,,,True,2025-11-04 11:39:36
John Bullock,LB,TB,Tampa Bay Buccaneers,57,Healthy,,,True,2025-11-04 11:39:36
Sebastian Castro,S,TB,Tampa Bay Buccaneers,24,Healthy,,,True,2025-11-04 11:39:36
Lavonte David,LB,TB,Tampa Bay Buccaneers,54,Healthy,,,True,2025-11-04 11:39:36
Jamel Dean,CB,TB,Tampa Bay Buccaneers,35,Healthy,,,True,2025-11-04 11:39:36
SirVocea Dennis,LB,TB,Tampa Bay Buccaneers,8,Healthy,,,True,2025-11-04 11:39:36
Yaya Diaby,LB,TB,Tampa Bay Buccaneers,0,Healthy,,,True,2025-11-04 11:39:36
Greg Gaines,DT,TB,Tampa Bay Buccaneers,96,Healthy,,,True,2025-11-04 11:39:36
Logan Hall,DE,TB,Tampa Bay Buccaneers,90,Healthy,,,True,2025-11-04 11:39:36
Josh Hayes,CB,TB,Tampa Bay Buccaneers,32,Healthy,,,True,2025-11-04 11:39:36
Christian Izien,S,TB,Tampa Bay Buccaneers,29,Healthy,,,True,2025-11-04 11:39:36
Deion Jones,LB,TB,Tampa Bay Buccaneers,45,Healthy,,,True,2025-11-04 11:39:36
Zyon McCollum,CB,TB,Tampa Bay Buccaneers,27,Healthy,,,True,2025-11-04 11:39:36
Kaevon Merriweather,S,TB,Tampa Bay Buccaneers,26,Healthy,,,True,2025-11-04 11:39:36
Benjamin Morrison,CB,TB,Tampa Bay Buccaneers,21,Healthy,,,True,2025-11-04 11:39:36
Anthony Nelson,LB,TB,Tampa Bay Buccaneers,98,Healthy,,,True,2025-11-04 11:39:36
Jacob Parrish,CB,TB,Tampa Bay Buccaneers,25,Questionable,Unknown,,True,2025-11-04 11:39:36
Haason Reddick,LB,TB,Tampa Bay Buccaneers,5,Questionable,Unknown,,True,2025-11-04 11:39:36
Elijah Roberts,DE,TB,Tampa Bay Buccaneers,95,Healthy,,,True,2025-11-04 11:39:36
Elijah Simmons,DT,TB,Tampa Bay Buccaneers,92,Healthy,,,True,2025-11-04 11:39:36
Tykee Smith,S,TB,Tampa Bay Buccaneers,23,Healthy,,,True,2025-11-04 11:39:36
Vita Vea,DT,TB,Tampa Bay Buccaneers,50,Healthy,,,True,2025-11-04 11:39:36
Kindle Vildor,CB,TB,Tampa Bay Buccaneers,22,Healthy,,,True,2025-11-04 11:39:36
Markees Watts,LB,TB,Tampa Bay Buccaneers,58,Healthy,,,True,2025-11-04 11:39:36
Antoine Winfield Jr.,S,TB,Tampa Bay Buccaneers,31,Healthy,,,True,2025-11-04 11:39:36
Evan Deckers,LS,TB,Tampa Bay Buccaneers,86,Healthy,,,True,2025-11-04 11:39:36
Riley Dixon,P,TB,Tampa Bay Buccaneers,9,Healthy,,,True,2025-11-04 11:39:36
Chase McLaughlin,PK,TB,Tampa Bay Buccaneers,4,Healthy,,,True,2025-11-04 11:39:36
Mike Evans,WR,TB,Tampa Bay Buccaneers,13,Injured Reserve,Unknown,,False,2025-11-04 11:39:36
Luke Goedeke,OT,TB,Tampa Bay Buccaneers,67,Injured Reserve,Unknown,,False,2025-11-04 11:39:36
Calijah Kancey,DT,TB,Tampa Bay Buccaneers,94,Injured Reserve,Unknown,,False,2025-11-04 11:39:36
Ko Kieft,TE,TB,Tampa Bay Buccaneers,41,Injured Reserve,Unknown,,False,2025-11-04 11:39:36
Cody Mauch,G,TB,Tampa Bay Buccaneers,69,Injured Reserve,Unknown,,False,2025-11-04 11:39:36
Jalen McMillan,WR,TB,Tampa Bay Buccaneers,11,Injured Reserve,Unknown,,False,2025-11-04 11:39:36
JJ Roberts,S,TB,Tampa Bay Buccaneers,36,Injured Reserve,Unknown,,False,2025-11-04 11:39:36
Jaden Smith,WR,TB,Tampa Bay Buccaneers,80,Injured Reserve,Unknown,,False,2025-11-04 11:39:36
David Walker,LB,TB,Tampa Bay Buccaneers,51,Injured Reserve,Unknown,,False,2025-11-04 11:39:36
Rashad Wisdom,S,TB,Tampa Bay Buccaneers,38,Injured Reserve,Unknown,,False,2025-11-04 11:39:36
Connor Bazelak,QB,TB,Tampa Bay Buccaneers,16,Healthy,,,True,2025-11-04 11:39:36
Adam Gotsis,DT,TB,Tampa Bay Buccaneers,97,Healthy,,,True,2025-11-04 11:39:36
Garrett Greene,WR,TB,Tampa Bay Buccaneers,85,Healthy,,,True,2025-11-04 11:39:36
Bryce Hall,CB,TB,Tampa Bay Buccaneers,34,Healthy,,,True,2025-11-04 11:39:36
Dennis Houston,WR,TB,Tampa Bay Buccaneers,89,Healthy,,,True,2025-11-04 11:39:36
Nash Hutmacher,DT,TB,Tampa Bay Buccaneers,,Healthy,,,True,2025-11-04 11:39:36
Nick Jackson,LB,TB,Tampa Bay Buccaneers,53,Healthy,,,True,2025-11-04 11:39:36
Brandon Johnson,WR,TB,Tampa Bay Buccaneers,,Healthy,,,True,2025-11-04 11:39:36
Jayson Jones,DT,TB,Tampa Bay Buccaneers,,Out,Unknown,,False,2025-11-04 11:39:36
Mohamed Kamara,LB,TB,Tampa Bay Buccaneers,59,Healthy,,,True,2025-11-04 11:39:36
Tyler McLellan,OT,TB,Tampa Bay Buccaneers,74,Healthy,,,True,2025-11-04 11:39:36
Lorenz Metz,OT,TB,Tampa Bay Buccaneers,71,Healthy,,,True,2025-11-04 11:39:36
Ben Scott,G,TB,Tampa Bay Buccaneers,,Healthy,,,True,2025-11-04 11:39:36
Tanner Taula,TE,TB,Tampa Bay Buccaneers,84,Healthy,,,True,2025-11-04 11:39:36
Desmond Watson,DT,TB,Tampa Bay Buccaneers,56,Healthy,,,True,2025-11-04 11:39:36
Michael Wiley,RB,TB,Tampa Bay Buccaneers,,Healthy,,,True,2025-11-04 11:39:36
Damarion Williams,CB,TB,Tampa Bay Buccaneers,,Healthy,,,True,2025-11-04 11:39:36
Owen Wright,RB,TB,Tampa Bay Buccaneers,49,Healthy,,,True,2025-11-04 11:39:36
Brandon Allen,QB,TEN,Tennessee Titans,10,Healthy,,,True,2025-11-04 11:39:36
Elic Ayomanor,WR,TEN,Tennessee Titans,5,Healthy,,,True,2025-11-04 11:39:36
Julius Chestnut,RB,TEN,Tennessee Titans,36,Healthy,,,True,2025-11-04 11:39:36
Brandon Crenshaw-Dickson,OT,TEN,Tennessee Titans,78,Healthy,,,True,2025-11-04 11:39:36
Lloyd Cushenberry III,C,TEN,Tennessee Titans,79,Healthy,,,True,2025-11-04 11:39:36
Chimere Dike,WR,TEN,Tennessee Titans,17,Healthy,,,True,2025-11-04 11:39:36
Gunnar Helm,TE,TEN,Tennessee Titans,84,Healthy,,,True,2025-11-04 11:39:36
Van Jefferson,WR,TEN,Tennessee Titans,11,Healthy,,,True,2025-11-04 11:39:36
Mason Kinsey,WR,TEN,Tennessee Titans,12,Healthy,,,True,2025-11-04 11:39:36
JC Latham,OT,TEN,Tennessee Titans,55,Healthy,,,True,2025-11-04 11:39:36
Corey Levin,C,TEN,Tennessee Titans,62,Healthy,,,True,2025-11-04 11:39:36
David Martin-Robinson,TE,TEN,Tennessee Titans,88,Healthy,,,True,2025-11-04 11:39:36
Dan Moore Jr.,OT,TEN,Tennessee Titans,75,Healthy,,,True,2025-11-04 11:39:36
Drew Moss,G,TEN,Tennessee Titans,67,Healthy,,,True,2025-11-04 11:39:36
Chig Okonkwo,TE,TEN,Tennessee Titans,85,Healthy,,,True,2025-11-04 11:39:36
Bryce Oliver,WR,TEN,Tennessee Titans,80,Out,Unknown,,False,2025-11-04 11:39:36
Tony Pollard,RB,TEN,Tennessee Titans,20,Healthy,,,True,2025-11-04 11:39:36
Calvin Ridley,WR,TEN,Tennessee Titans,0,Out,Unknown,,False,2025-11-04 11:39:36
Peter Skoronski,OT,TEN,Tennessee Titans,77,Healthy,,,True,2025-11-04 11:39:36
Jackson Slater,G,TEN,Tennessee Titans,64,Healthy,,,True,2025-11-04 11:39:36
Tyjae Spears,RB,TEN,Tennessee Titans,2,Healthy,,,True,2025-11-04 11:39:36
Olisaemeka Udoh,OT,TEN,Tennessee Titans,72,Healthy,,,True,2025-11-04 11:39:36
Cam Ward,QB,TEN,Tennessee Titans,1,Healthy,,,True,2025-11-04 11:39:36
Kevin Zeitler,G,TEN,Tennessee Titans,70,Healthy,,,True,2025-11-04 11:39:36
Jalyn Armour-Davis,CB,TEN,Tennessee Titans,18,Healthy,,,True,2025-11-04 11:39:36
Joe Bachie,LB,TEN,Tennessee Titans,48,Healthy,,,True,2025-11-04 11:39:36
Darrell Baker Jr.,CB,TEN,Tennessee Titans,39,Healthy,,,True,2025-11-04 11:39:36
Cody Barton,LB,TEN,Tennessee Titans,50,Healthy,,,True,2025-11-04 11:39:36
Kendell Brooks,S,TEN,Tennessee Titans,33,Healthy,,,True,2025-11-04 11:39:36
Quandre Diggs,S,TEN,Tennessee Titans,28,Healthy,,,True,2025-11-04 11:39:36
Cedric Gray,LB,TEN,Tennessee Titans,33,Healthy,,,True,2025-11-04 11:39:36
Jaylen Harrell,LB,TEN,Tennessee Titans,92,Healthy,,,True,2025-11-04 11:39:36
Marcus Harris,CB,TEN,Tennessee Titans,26,Healthy,,,True,2025-11-04 11:39:36
Amani Hooker,S,TEN,Tennessee Titans,37,Healthy,,,True,2025-11-04 11:39:36
Truman Jones,LB,TEN,Tennessee Titans,56,Healthy,,,True,2025-11-04 11:39:36
Sebastian Joseph-Day,DE,TEN,Tennessee Titans,69,Healthy,,,True,2025-11-04 11:39:36
Arden Key,LB,TEN,Tennessee Titans,49,Out,Unknown,,False,2025-11-04 11:39:36
James Lynch,DT,TEN,Tennessee Titans,97,Healthy,,,True,2025-11-04 11:39:36
Dorian Mausi,LB,TEN,Tennessee Titans,54,Healthy,,,True,2025-11-04 11:39:36
C.J. Ravenell,DE,TEN,Tennessee Titans,91,Healthy,,,True,2025-11-04 11:39:36
Micah Robinson,CB,TEN,Tennessee Titans,21,Healthy,,,True,2025-11-04 11:39:36
Jeffery Simmons,DT,TEN,Tennessee Titans,98,Out,Unknown,,False,2025-11-04 11:39:36
T'Vondre Sweat,DT,TEN,Tennessee Titans,93,Healthy,,,True,2025-11-04 11:39:36
Shy Tuttle,DT,TEN,Tennessee Titans,90,Healthy,,,True,2025-11-04 11:39:36
Jihad Ward,LB,TEN,Tennessee Titans,53,Healthy,,,True,2025-11-04 11:39:36
James Williams Sr.,LB,TEN,Tennessee Titans,52,Healthy,,,True,2025-11-04 11:39:36
Kevin Winston Jr.,S,TEN,Tennessee Titans,23,Healthy,,,True,2025-11-04 11:39:36
Samuel Womack III,CB,TEN,Tennessee Titans,35,Healthy,,,True,2025-11-04 11:39:36
Xavier Woods,S,TEN,Tennessee Titans,25,Out,Unknown,,False,2025-11-04 11:39:36
Morgan Cox,LS,TEN,Tennessee Titans,46,Healthy,,,True,2025-11-04 11:39:36
Johnny Hekker,P,TEN,Tennessee Titans,3,Healthy,,,True,2025-11-04 11:39:36
Joey Slye,PK,TEN,Tennessee Titans,6,Healthy,,,True,2025-11-04 11:39:36
Mike Brown,S,TEN,Tennessee Titans,44,Injured Reserve,Unknown,,False,2025-11-04 11:39:36
Ali Gaye,LB,TEN,Tennessee Titans,99,Injured Reserve,Unknown,,False,2025-11-04 11:39:36
Blake Hance,G,TEN,Tennessee Titans,73,Injured Reserve,Unknown,,False,2025-11-04 11:39:36
Will Levis,QB,TEN,Tennessee Titans,8,Injured Reserve,Unknown,,False,2025-11-04 11:39:36
Kalel Mullings,RB,TEN,Tennessee Titans,31,Injured Reserve,Unknown,,False,2025-11-04 11:39:36
Oluwafemi Oladejo,LB,TEN,Tennessee Titans,7,Injured Reserve,Unknown,,False,2025-11-04 11:39:36
Anfernee Orji,LB,TEN,Tennessee Titans,59,Injured Reserve,Unknown,,False,2025-11-04 11:39:36
L'Jarius Sneed,CB,TEN,Tennessee Titans,38,Injured Reserve,Unknown,,False,2025-11-04 11:39:36
David Agoha,DB,TEN,Tennessee Titans,,Healthy,,,True,2025-11-04 11:39:36
Kemon Hall,CB,TEN,Tennessee Titans,,Healthy,,,True,2025-11-04 11:39:36
Timmy Horne,DT,TEN,Tennessee Titans,,Healthy,,,True,2025-11-04 11:39:36
Cam Horsley,DT,TEN,Tennessee Titans,,Healthy,,,True,2025-11-04 11:39:36
Alex Johnson,CB,TEN,Tennessee Titans,29,Healthy,,,True,2025-11-04 11:39:36
Lance McCutcheon,WR,TEN,Tennessee Titans,,Healthy,,,True,2025-11-04 11:39:36
Jordan Mims,RB,TEN,Tennessee Titans,24,Healthy,,,True,2025-11-04 11:39:36
John Ojukwu,OT,TEN,Tennessee Titans,61,Healthy,,,True,2025-11-04 11:39:36
Hal Presley,WR,TEN,Tennessee Titans,,Healthy,,,True,2025-11-04 11:39:36
James Proche II,WR,TEN,Tennessee Titans,13,Healthy,,,True,2025-11-04 11:39:36
Isaiah Raikes,DT,TEN,Tennessee Titans,,Healthy,,,True,2025-11-04 11:39:36
Xavier Restrepo,WR,TEN,Tennessee Titans,87,Healthy,,,True,2025-11-04 11:39:36
Trevor Siemian,QB,TEN,Tennessee Titans,15,Healthy,,,True,2025-11-04 11:39:36
Carlos Watkins,DE,TEN,Tennessee Titans,96,Healthy,,,True,2025-11-04 11:39:36
Blake Watson,RB,TEN,Tennessee Titans,32,Out,Unknown,,False,2025-11-04 11:39:36
Clay Webb,G,TEN,Tennessee Titans,,Healthy,,,True,2025-11-04 11:39:36
Sam Webb,CB,TEN,Tennessee Titans,,Healthy,,,True,2025-11-04 11:39:36
Kyzir White,LB,TEN,Tennessee Titans,42,Healthy,,,True,2025-11-04 11:39:36
Joel Wilson,TE,TEN,Tennessee Titans,83,Healthy,,,True,2025-11-04 11:39:36
Nick Allegretti,G,WSH,Washington Commanders,67,Healthy,,,True,2025-11-04 11:39:36
John Bates,TE,WSH,Washington Commanders,87,Healthy,,,True,2025-11-04 11:39:36
Tyler Biadasz,C,WSH,Washington Commanders,63,Healthy,,,True,2025-11-04 11:39:36
Brandon Coleman,OT,WSH,Washington Commanders,74,Healthy,,,True,2025-11-04 11:39:36
Josh Conerly Jr.,OT,WSH,Washington Commanders,72,Healthy,,,True,2025-11-04 11:39:36
Sam Cosmi,G,WSH,Washington Commanders,76,Healthy,,,True,2025-11-04 11:39:36
Jacory Croskey-Merritt,RB,WSH,Washington Commanders,22,Healthy,,,True,2025-11-04 11:39:36
Jayden Daniels,QB,WSH,Washington Commanders,5,Out,Unknown,,False,2025-11-04 11:39:36
Zach Ertz,TE,WSH,Washington Commanders,86,Healthy,,,True,2025-11-04 11:39:36
George Fant,OT,WSH,Washington Commanders,77,Healthy,,,True,2025-11-04 11:39:36
Josh Johnson,QB,WSH,Washington Commanders,14,Healthy,,,True,2025-11-04 11:39:36
Jaylin Lane,WR,WSH,Washington Commanders,83,Healthy,,,True,2025-11-04 11:39:36
Marcus Mariota,QB,WSH,Washington Commanders,8,Healthy,,,True,2025-11-04 11:39:36
Luke McCaffrey,WR,WSH,Washington Commanders,11,Out,Unknown,,False,2025-11-04 11:39:36
Terry McLaurin,WR,WSH,Washington Commanders,17,Questionable,Unknown,,True,2025-11-04 11:39:36
Jeremy McNichols,RB,WSH,Washington Commanders,26,Healthy,,,True,2025-11-04 11:39:36
Chris Moore,WR,WSH,Washington Commanders,19,Healthy,,,True,2025-11-04 11:39:36
Chris Paul,G,WSH,Washington Commanders,75,Healthy,,,True,2025-11-04 11:39:36
Chris Rodriguez Jr.,RB,WSH,Washington Commanders,36,Healthy,,,True,2025-11-04 11:39:36
Deebo Samuel,WR,WSH,Washington Commanders,1,Healthy,,,True,2025-11-04 11:39:36
Trent Scott,OT,WSH,Washington Commanders,73,Healthy,,,True,2025-11-04 11:39:36
Ben Sinnott,TE,WSH,Washington Commanders,82,Healthy,,,True,2025-11-04 11:39:36
Laremy Tunsil,OT,WSH,Washington Commanders,78,Healthy,,,True,2025-11-04 11:39:36
Andrew Wylie,G,WSH,Washington Commanders,71,Healthy,,,True,2025-11-04 11:39:36
Colson Yankoff,TE,WSH,Washington Commanders,80,Questionable,Unknown,,True,2025-11-04 11:39:36
Trey Amos,CB,WSH,Washington Commanders,23,Questionable,Unknown,,True,2025-11-04 11:39:36
Nick Bellore,LB,WSH,Washington Commanders,57,Healthy,,,True,2025-11-04 11:39:36
Percy Butler,S,WSH,Washington Commanders,35,Healthy,,,True,2025-11-04 11:39:36
Eddie Goldman,DT,WSH,Washington Commanders,97,Questionable,Unknown,,True,2025-11-04 11:39:36
Antonio Hamilton Sr.,CB,WSH,Washington Commanders,34,Healthy,,,True,2025-11-04 11:39:36
Jalyn Holmes,DE,WSH,Washington Commanders,96,Healthy,,,True,2025-11-04 11:39:36
Noah Igbinoghene,CB,WSH,Washington Commanders,6,Healthy,,,True,2025-11-04 11:39:36
Jonathan Jones,CB,WSH,Washington Commanders,31,Healthy,,,True,2025-11-04 11:39:36
Ale Kaho,LB,WSH,Washington Commanders,51,Healthy,,,True,2025-11-04 11:39:36
Javon Kinlaw,DT,WSH,Washington Commanders,99,Healthy,,,True,2025-11-04 11:39:36
Marshon Lattimore,CB,WSH,Washington Commanders,2,Out,Unknown,,False,2025-11-04 11:39:36
Frankie Luvu,LB,WSH,Washington Commanders,4,Suspension,Unknown,,False,2025-11-04 11:39:36
Jordan Magee,LB,WSH,Washington Commanders,58,Healthy,,,True,2025-11-04 11:39:36
Jacob Martin,DE,WSH,Washington Commanders,55,Healthy,,,True,2025-11-04 11:39:36
Quan Martin,S,WSH,Washington Commanders,20,Questionable,Unknown,,True,2025-11-04 11:39:36
Kain Medrano,LB,WSH,Washington Commanders,56,Healthy,,,True,2025-11-04 11:39:36
Von Miller,LB,WSH,Washington Commanders,24,Healthy,,,True,2025-11-04 11:39:36
Jer'Zhan Newton,DT,WSH,Washington Commanders,95,Healthy,,,True,2025-11-04 11:39:36
Tyler Owens,S,WSH,Washington Commanders,18,Healthy,,,True,2025-11-04 11:39:36
Daron Payne,DT,WSH,Washington Commanders,94,Healthy,,,True,2025-11-04 11:39:36
Jeremy Reaves,S,WSH,Washington Commanders,39,Healthy,,,True,2025-11-04 11:39:36
Mike Sainristil,CB,WSH,Washington Commanders,0,Healthy,,,True,2025-11-04 11:39:36
Darnell Savage,S,WSH,Washington Commanders,25,Healthy,,,True,2025-11-04 11:39:36
Preston Smith,LB,WSH,Washington Commanders,52,Healthy,,,True,2025-11-04 11:39:36
Bobby Wagner,LB,WSH,Washington Commanders,54,Healthy,,,True,2025-11-04 11:39:36
Matt Gay,PK,WSH,Washington Commanders,16,Healthy,,,True,2025-11-04 11:39:36
Tyler Ott,LS,WSH,Washington Commanders,69,Healthy,,,True,2025-11-04 11:39:36
Tress Way,P,WSH,Washington Commanders,10,Healthy,,,True,2025-11-04 11:39:36
Dorance Armstrong,DE,WSH,Washington Commanders,92,Injured Reserve,Unknown,,False,2025-11-04 11:39:36
Noah Brown,WR,WSH,Washington Commanders,85,Injured Reserve,Unknown,,False,2025-11-04 11:39:36
Austin Ekeler,RB,WSH,Washington Commanders,30,Injured Reserve,Unknown,,False,2025-11-04 11:39:36
Will Harris,S,WSH,Washington Commanders,3,Injured Reserve,Unknown,,False,2025-11-04 11:39:36
Drake Jackson,DE,WSH,Washington Commanders,93,Injured Reserve,Unknown,,False,2025-11-04 11:39:36
Tyree Jackson,TE,WSH,Washington Commanders,80,Injured Reserve,Unknown,,False,2025-11-04 11:39:36
Javontae Jean-Baptiste,DE,WSH,Washington Commanders,90,Injured Reserve,Unknown,,False,2025-11-04 11:39:36
Lucas Niang,OT,WSH,Washington Commanders,53,Injured Reserve,Unknown,,False,2025-11-04 11:39:36
Deatrich Wise Jr.,DE,WSH,Washington Commanders,91,Injured Reserve,Unknown,,False,2025-11-04 11:39:36
Ricky Barber,DT,WSH,Washington Commanders,66,Healthy,,,True,2025-11-04 11:39:36
Ja'Corey Brooks,WR,WSH,Washington Commanders,88,Healthy,,,True,2025-11-04 11:39:36
Treylon Burks,WR,WSH,Washington Commanders,13,Healthy,,,True,2025-11-04 11:39:36
Lawrence Cager,WR,WSH,Washington Commanders,,Healthy,,,True,2025-11-04 11:39:36
Robbie Chosen,WR,WSH,Washington Commanders,12,Healthy,,,True,2025-11-04 11:39:36
Sheldon Day,DT,WSH,Washington Commanders,98,Healthy,,,True,2025-11-04 11:39:36
Michael Deiter,C,WSH,Washington Commanders,60,Healthy,,,True,2025-11-04 11:39:36
Chase Edmonds,RB,WSH,Washington Commanders,,Healthy,,,True,2025-11-04 11:39:36
Donovan Edwards,RB,WSH,Washington Commanders,,Healthy,,,True,2025-11-04 11:39:36
Julian Good-Jones,G,WSH,Washington Commanders,61,Healthy,,,True,2025-11-04 11:39:36
Sam Hartman,QB,WSH,Washington Commanders,15,Healthy,,,True,2025-11-04 11:39:36
Jacoby Jones,WR,WSH,Washington Commanders,10,Healthy,,,True,2025-11-04 11:39:36
T.J. Maguranyanga,LB,WSH,Washington Commanders,59,Healthy,,,True,2025-11-04 11:39:36
Robert McDaniel,S,WSH,Washington Commanders,47,Healthy,,,True,2025-11-04 11:39:36
Timothy McKay,G,WSH,Washington Commanders,68,Healthy,,,True,2025-11-04 11:39:36
Darius Rush,CB,WSH,Washington Commanders,,Healthy,,,True,2025-11-04 11:39:36
Car'lin Vigers,CB,WSH,Washington Commanders,,Healthy,,,True,2025-11-04 11:39:36
