player_name,position,team,team_full,jersey,injury_status,injury_type,injury_details,is_active,last_updated
Isaiah Adams,G,ARI,Arizona Cardinals,74,Healthy,,,True,2025-11-19 09:23:06
Andre Baccellia,WR,ARI,Arizona Cardinals,82,Healthy,,,True,2025-11-19 09:23:06
Kelvin Beachum,OT,ARI,Arizona Cardinals,68,Questionable,Unknown,,True,2025-11-19 09:23:06
Jacoby Brissett,QB,ARI,Arizona Cardinals,7,Healthy,,,True,2025-11-19 09:23:06
Evan Brown,C,ARI,Arizona Cardinals,63,Healthy,,,True,2025-11-19 09:23:06
Michael Carter,RB,ARI,Arizona Cardinals,22,Healthy,,,True,2025-11-19 09:23:06
Josiah Deguara,TE,ARI,Arizona Cardinals,45,Healthy,,,True,2025-11-19 09:23:06
Emari Demercado,RB,ARI,Arizona Cardinals,31,Doubtful,Unknown,,False,2025-11-19 09:23:06
Greg Dortch,WR,ARI,Arizona Cardinals,4,Healthy,,,True,2025-11-19 09:23:06
Hjalte Froholdt,G,ARI,Arizona Cardinals,72,Healthy,,,True,2025-11-19 09:23:06
Josh Fryar,OT,ARI,Arizona Cardinals,78,Healthy,,,True,2025-11-19 09:23:06
Jon Gaines II,G,ARI,Arizona Cardinals,71,Healthy,,,True,2025-11-19 09:23:06
Marvin Harrison Jr.,WR,ARI,Arizona Cardinals,18,Questionable,Unknown,,True,2025-11-19 09:23:06
Will Hernandez,G,ARI,Arizona Cardinals,76,Healthy,,,True,2025-11-19 09:23:06
Elijah Higgins,TE,ARI,Arizona Cardinals,84,Healthy,,,True,2025-11-19 09:23:06
Demontrey Jacobs,OT,ARI,Arizona Cardinals,66,Healthy,,,True,2025-11-19 09:23:06
Paris Johnson Jr.,OT,ARI,Arizona Cardinals,70,Healthy,,,True,2025-11-19 09:23:06
Bam Knight,RB,ARI,Arizona Cardinals,20,Healthy,,,True,2025-11-19 09:23:06
Trey McBride,TE,ARI,Arizona Cardinals,85,Healthy,,,True,2025-11-19 09:23:06
Kedon Slovis,QB,ARI,Arizona Cardinals,19,Healthy,,,True,2025-11-19 09:23:06
Xavier Weaver,WR,ARI,Arizona Cardinals,89,Healthy,,,True,2025-11-19 09:23:06
Jonah Williams,OT,ARI,Arizona Cardinals,73,Questionable,Unknown,,True,2025-11-19 09:23:06
Michael Wilson,WR,ARI,Arizona Cardinals,14,Healthy,,,True,2025-11-19 09:23:06
Budda Baker,S,ARI,Arizona Cardinals,3,Healthy,,,True,2025-11-19 09:23:06
Baron Browning,LB,ARI,Arizona Cardinals,5,Questionable,Unknown,,True,2025-11-19 09:23:06
Jordan Burch,LB,ARI,Arizona Cardinals,52,Healthy,,,True,2025-11-19 09:23:06
Denzel Burke,CB,ARI,Arizona Cardinals,29,Healthy,,,True,2025-11-19 09:23:06
Calais Campbell,DT,ARI,Arizona Cardinals,93,Healthy,,,True,2025-11-19 09:23:06
Kei'Trel Clark,CB,ARI,Arizona Cardinals,13,Healthy,,,True,2025-11-19 09:23:06
Zaven Collins,LB,ARI,Arizona Cardinals,25,Healthy,,,True,2025-11-19 09:23:06
Kitan Crawford,S,ARI,Arizona Cardinals,36,Healthy,,,True,2025-11-19 09:23:06
Akeem Davis-Gaither,LB,ARI,Arizona Cardinals,27,Healthy,,,True,2025-11-19 09:23:06
Will Johnson,CB,ARI,Arizona Cardinals,0,Questionable,Unknown,,True,2025-11-19 09:23:06
Elijah Jones,CB,ARI,Arizona Cardinals,28,Healthy,,,True,2025-11-19 09:23:06
Max Melton,CB,ARI,Arizona Cardinals,16,Healthy,,,True,2025-11-19 09:23:06
PJ Mustipher,DT,ARI,Arizona Cardinals,79,Healthy,,,True,2025-11-19 09:23:06
Bilal Nichols,DT,ARI,Arizona Cardinals,92,Healthy,,,True,2025-11-19 09:23:06
Walter Nolen III,DT,ARI,Arizona Cardinals,97,Healthy,,,True,2025-11-19 09:23:06
BJ Ojulari,LB,ARI,Arizona Cardinals,9,Healthy,,,True,2025-11-19 09:23:06
Owen Pappoe,LB,ARI,Arizona Cardinals,44,Healthy,,,True,2025-11-19 09:23:06
Darius Robinson,DE,ARI,Arizona Cardinals,56,Healthy,,,True,2025-11-19 09:23:06
Cody Simon,LB,ARI,Arizona Cardinals,50,Healthy,,,True,2025-11-19 09:23:06
Dante Stills,DT,ARI,Arizona Cardinals,55,Healthy,,,True,2025-11-19 09:23:06
Josh Sweat,LB,ARI,Arizona Cardinals,10,Healthy,,,True,2025-11-19 09:23:06
Dadrion Taylor-Demerson,S,ARI,Arizona Cardinals,42,Questionable,Unknown,,True,2025-11-19 09:23:06
Xavier Thomas,LB,ARI,Arizona Cardinals,54,Healthy,,,True,2025-11-19 09:23:06
Jalen Thompson,S,ARI,Arizona Cardinals,34,Healthy,,,True,2025-11-19 09:23:06
Dalvin Tomlinson,DT,ARI,Arizona Cardinals,94,Healthy,,,True,2025-11-19 09:23:06
Garrett Williams,CB,ARI,Arizona Cardinals,21,Questionable,Unknown,,True,2025-11-19 09:23:06
Aaron Brewer,LS,ARI,Arizona Cardinals,46,Healthy,,,True,2025-11-19 09:23:06
Chad Ryland,PK,ARI,Arizona Cardinals,38,Healthy,,,True,2025-11-19 09:23:06
Trey Benson,RB,ARI,Arizona Cardinals,33,Injured Reserve,Unknown,,False,2025-11-19 09:23:06
Joey Blount,S,ARI,Arizona Cardinals,32,Injured Reserve,Unknown,,False,2025-11-19 09:23:06
L.J. Collier,DE,ARI,Arizona Cardinals,91,Injured Reserve,Unknown,,False,2025-11-19 09:23:06
Hayden Conner,G,ARI,Arizona Cardinals,58,Injured Reserve,Unknown,,False,2025-11-19 09:23:06
James Conner,RB,ARI,Arizona Cardinals,6,Injured Reserve,Unknown,,False,2025-11-19 09:23:06
Simi Fehoko,WR,ARI,Arizona Cardinals,80,Injured Reserve,Unknown,,False,2025-11-19 09:23:06
Blake Gillikin,P,ARI,Arizona Cardinals,12,Injured Reserve,Unknown,,False,2025-11-19 09:23:06
Christian Jones,OT,ARI,Arizona Cardinals,75,Injured Reserve,Unknown,,False,2025-11-19 09:23:06
Justin Jones,DT,ARI,Arizona Cardinals,98,Injured Reserve,Unknown,,False,2025-11-19 09:23:06
Zay Jones,WR,ARI,Arizona Cardinals,17,Injured Reserve,Unknown,,False,2025-11-19 09:23:06
Sean Murphy-Bunting,CB,ARI,Arizona Cardinals,23,Out,Unknown,,False,2025-11-19 09:23:06
Kyler Murray,QB,ARI,Arizona Cardinals,1,Injured Reserve,Unknown,,False,2025-11-19 09:23:06
Tip Reiman,TE,ARI,Arizona Cardinals,87,Injured Reserve,Unknown,,False,2025-11-19 09:23:06
J.J. Russell,LB,ARI,Arizona Cardinals,51,Injured Reserve,Unknown,,False,2025-11-19 09:23:06
Valentin Senn,OT,ARI,Arizona Cardinals,69,Injured Reserve,Unknown,,False,2025-11-19 09:23:06
Starling Thomas V,CB,ARI,Arizona Cardinals,24,Injured Reserve,Unknown,,False,2025-11-19 09:23:06
Travis Vokolek,TE,ARI,Arizona Cardinals,81,Injured Reserve,Unknown,,False,2025-11-19 09:23:06
Mack Wilson Sr.,LB,ARI,Arizona Cardinals,2,Injured Reserve,Unknown,,False,2025-11-19 09:23:06
Chigozie Anusiem,CB,ARI,Arizona Cardinals,,Healthy,,,True,2025-11-19 09:23:06
Jalen Brooks,WR,ARI,Arizona Cardinals,,Healthy,,,True,2025-11-19 09:23:06
Elliott Brown,LB,ARI,Arizona Cardinals,,Healthy,,,True,2025-11-19 09:23:06
Pharaoh Brown,TE,ARI,Arizona Cardinals,49,Healthy,,,True,2025-11-19 09:23:06
Jeremiah Byers,OT,ARI,Arizona Cardinals,67,Healthy,,,True,2025-11-19 09:23:06
Zachary Carter,DT,ARI,Arizona Cardinals,90,Healthy,,,True,2025-11-19 09:23:06
Jaden Davis,CB,ARI,Arizona Cardinals,39,Healthy,,,True,2025-11-19 09:23:06
Denzel Daxon,DT,ARI,Arizona Cardinals,,Healthy,,,True,2025-11-19 09:23:06
Jeff Driskel,QB,ARI,Arizona Cardinals,,Healthy,,,True,2025-11-19 09:23:06
Darren Hall,CB,ARI,Arizona Cardinals,30,Healthy,,,True,2025-11-19 09:23:06
Jermar Jefferson,RB,ARI,Arizona Cardinals,,Healthy,,,True,2025-11-19 09:23:06
Tejhaun Palmer,WR,ARI,Arizona Cardinals,83,Healthy,,,True,2025-11-19 09:23:06
Messiah Swinson,TE,ARI,Arizona Cardinals,,Healthy,,,True,2025-11-19 09:23:06
Channing Tindall,LB,ARI,Arizona Cardinals,,Healthy,,,True,2025-11-19 09:23:06
Jalen Virgil,WR,ARI,Arizona Cardinals,,Healthy,,,True,2025-11-19 09:23:06
Jamal Agnew,WR,ATL,Atlanta Falcons,14,Healthy,,,True,2025-11-19 09:23:06
Tyler Allgeier,RB,ATL,Atlanta Falcons,25,Healthy,,,True,2025-11-19 09:23:06
Matthew Bergeron,G,ATL,Atlanta Falcons,65,Questionable,Unknown,,True,2025-11-19 09:23:06
Nathan Carter,RB,ATL,Atlanta Falcons,38,Healthy,,,True,2025-11-19 09:23:06
Kirk Cousins,QB,ATL,Atlanta Falcons,18,Healthy,,,True,2025-11-19 09:23:06
Feleipe Franks,TE,ATL,Atlanta Falcons,84,Healthy,,,True,2025-11-19 09:23:06
Jovaughn Gwyn,G,ATL,Atlanta Falcons,52,Healthy,,,True,2025-11-19 09:23:06
Kyle Hinton,G,ATL,Atlanta Falcons,68,Healthy,,,True,2025-11-19 09:23:06
KhaDarel Hodge,WR,ATL,Atlanta Falcons,4,Healthy,,,True,2025-11-19 09:23:06
Michael Jerrell,OT,ATL,Atlanta Falcons,72,Healthy,,,True,2025-11-19 09:23:06
Chris Lindstrom,G,ATL,Atlanta Falcons,63,Healthy,,,True,2025-11-19 09:23:06
Drake London,WR,ATL,Atlanta Falcons,5,Doubtful,Unknown,,False,2025-11-19 09:23:06
Jake Matthews,OT,ATL,Atlanta Falcons,70,Healthy,,,True,2025-11-19 09:23:06
Darnell Mooney,WR,ATL,Atlanta Falcons,1,Healthy,,,True,2025-11-19 09:23:06
Jack Nelson,OT,ATL,Atlanta Falcons,69,Healthy,,,True,2025-11-19 09:23:06
Ryan Neuzil,G,ATL,Atlanta Falcons,64,Healthy,,,True,2025-11-19 09:23:06
Michael Penix Jr.,QB,ATL,Atlanta Falcons,9,Injured Reserve,Unknown,,False,2025-11-19 09:23:06
Kyle Pitts Sr.,TE,ATL,Atlanta Falcons,8,Healthy,,,True,2025-11-19 09:23:06
Teagan Quitoriano,TE,ATL,Atlanta Falcons,85,Healthy,,,True,2025-11-19 09:23:06
Bijan Robinson,RB,ATL,Atlanta Falcons,7,Healthy,,,True,2025-11-19 09:23:06
David Sills V,WR,ATL,Atlanta Falcons,87,Healthy,,,True,2025-11-19 09:23:06
Casey Washington,WR,ATL,Atlanta Falcons,82,Healthy,,,True,2025-11-19 09:23:06
Elijah Wilkinson,OT,ATL,Atlanta Falcons,71,Healthy,,,True,2025-11-19 09:23:06
Charlie Woerner,TE,ATL,Atlanta Falcons,89,Healthy,,,True,2025-11-19 09:23:06
Dee Alford,CB,ATL,Atlanta Falcons,20,Questionable,Unknown,,True,2025-11-19 09:23:06
Jessie Bates III,S,ATL,Atlanta Falcons,3,Healthy,,,True,2025-11-19 09:23:06
JD Bertrand,LB,ATL,Atlanta Falcons,40,Healthy,,,True,2025-11-19 09:23:06
Billy Bowman Jr.,S,ATL,Atlanta Falcons,33,Healthy,,,True,2025-11-19 09:23:06
Natrone Brooks,CB,ATL,Atlanta Falcons,35,Healthy,,,True,2025-11-19 09:23:06
Brandon Dorlus,DT,ATL,Atlanta Falcons,54,Healthy,,,True,2025-11-19 09:23:06
Arnold Ebiketie,LB,ATL,Atlanta Falcons,17,Healthy,,,True,2025-11-19 09:23:06
Kaden Elliss,LB,ATL,Atlanta Falcons,55,Healthy,,,True,2025-11-19 09:23:06
Leonard Floyd,DE,ATL,Atlanta Falcons,56,Questionable,Unknown,,True,2025-11-19 09:23:06
Mike Ford Jr.,CB,ATL,Atlanta Falcons,28,Healthy,,,True,2025-11-19 09:23:06
Jordan Fuller,S,ATL,Atlanta Falcons,29,Healthy,,,True,2025-11-19 09:23:06
Elijah Garcia,DT,ATL,Atlanta Falcons,,Healthy,,,True,2025-11-19 09:23:06
Zach Harrison,DE,ATL,Atlanta Falcons,96,Questionable,Unknown,,True,2025-11-19 09:23:06
Ronnie Harrison Jr.,LB,ATL,Atlanta Falcons,36,Healthy,,,True,2025-11-19 09:23:06
DeMarcco Hellams,S,ATL,Atlanta Falcons,23,Healthy,,,True,2025-11-19 09:23:06
Mike Hughes,CB,ATL,Atlanta Falcons,21,Questionable,Unknown,,True,2025-11-19 09:23:06
Khalid Kareem,LB,ATL,Atlanta Falcons,92,Healthy,,,True,2025-11-19 09:23:06
LaCale London,DE,ATL,Atlanta Falcons,94,Healthy,,,True,2025-11-19 09:23:06
David Onyemata,DT,ATL,Atlanta Falcons,90,Healthy,,,True,2025-11-19 09:23:06
Ruke Orhorhoro,DT,ATL,Atlanta Falcons,98,Healthy,,,True,2025-11-19 09:23:06
James Pearce Jr.,LB,ATL,Atlanta Falcons,27,Healthy,,,True,2025-11-19 09:23:06
Kentavius Street,DT,ATL,Atlanta Falcons,93,Healthy,,,True,2025-11-19 09:23:06
A.J. Terrell Jr.,CB,ATL,Atlanta Falcons,24,Healthy,,,True,2025-11-19 09:23:06
Jalon Walker,LB,ATL,Atlanta Falcons,11,Healthy,,,True,2025-11-19 09:23:06
Xavier Watts,S,ATL,Atlanta Falcons,31,Healthy,,,True,2025-11-19 09:23:06
Josh Woods,LB,ATL,Atlanta Falcons,42,Questionable,Unknown,,True,2025-11-19 09:23:06
Zane Gonzalez,PK,ATL,Atlanta Falcons,45,Healthy,,,True,2025-11-19 09:23:06
Liam McCullough,LS,ATL,Atlanta Falcons,49,Healthy,,,True,2025-11-19 09:23:06
Bradley Pinion,P,ATL,Atlanta Falcons,13,Healthy,,,True,2025-11-19 09:23:06
Troy Andersen,LB,ATL,Atlanta Falcons,44,Out,Unknown,,False,2025-11-19 09:23:06
Divine Deablo,LB,ATL,Atlanta Falcons,0,Injured Reserve,Unknown,,False,2025-11-19 09:23:06
Emory Jones,QB,ATL,Atlanta Falcons,15,Injured Reserve,Unknown,,False,2025-11-19 09:23:06
DeAngelo Malone,LB,ATL,Atlanta Falcons,51,Injured Reserve,Unknown,,False,2025-11-19 09:23:06
Kaleb McGary,OT,ATL,Atlanta Falcons,76,Injured Reserve,Unknown,,False,2025-11-19 09:23:06
Storm Norton,OT,ATL,Atlanta Falcons,77,Injured Reserve,Unknown,,False,2025-11-19 09:23:06
Clark Phillips III,CB,ATL,Atlanta Falcons,22,Injured Reserve,Unknown,,False,2025-11-19 09:23:06
Sam Roberts,DT,ATL,Atlanta Falcons,99,Injured Reserve,Unknown,,False,2025-11-19 09:23:06
Bralen Trice,LB,ATL,Atlanta Falcons,48,Injured Reserve,Unknown,,False,2025-11-19 09:23:06
Malik Verdon,S,ATL,Atlanta Falcons,43,Out,Unknown,,False,2025-11-19 09:23:06
Tyrone Wheatley Jr.,OT,ATL,Atlanta Falcons,74,Injured Reserve,Unknown,,False,2025-11-19 09:23:06
Chris Blair,WR,ATL,Atlanta Falcons,19,Healthy,,,True,2025-11-19 09:23:06
Cobee Bryant,CB,ATL,Atlanta Falcons,37,Healthy,,,True,2025-11-19 09:23:06
Dylan Drummond,WR,ATL,Atlanta Falcons,81,Healthy,,,True,2025-11-19 09:23:06
Joshua Gray,G,ATL,Atlanta Falcons,,Healthy,,,True,2025-11-19 09:23:06
Ryan Hayes,OT,ATL,Atlanta Falcons,,Out,Unknown,,False,2025-11-19 09:23:06
C.J. Henderson,CB,ATL,Atlanta Falcons,,Healthy,,,True,2025-11-19 09:23:06
Lenny Krieg,PK,ATL,Atlanta Falcons,46,Healthy,,,True,2025-11-19 09:23:06
Nick Nash,WR,ATL,Atlanta Falcons,80,Healthy,,,True,2025-11-19 09:23:06
Jammie Robinson,S,ATL,Atlanta Falcons,34,Healthy,,,True,2025-11-19 09:23:06
Joshua Simon,TE,ATL,Atlanta Falcons,47,Healthy,,,True,2025-11-19 09:23:06
Easton Stick,QB,ATL,Atlanta Falcons,12,Healthy,,,True,2025-11-19 09:23:06
Ben Stille,DT,ATL,Atlanta Falcons,97,Healthy,,,True,2025-11-19 09:23:06
Andrew Stueber,G,ATL,Atlanta Falcons,62,Healthy,,,True,2025-11-19 09:23:06
Keith Taylor,CB,ATL,Atlanta Falcons,32,Healthy,,,True,2025-11-19 09:23:06
Deven Thompkins,WR,ATL,Atlanta Falcons,83,Healthy,,,True,2025-11-19 09:23:06
Carter Warren,OT,ATL,Atlanta Falcons,,Healthy,,,True,2025-11-19 09:23:06
Carlos Washington Jr.,RB,ATL,Atlanta Falcons,26,Healthy,,,True,2025-11-19 09:23:06
A.J. Woods,CB,ATL,Atlanta Falcons,,Healthy,,,True,2025-11-19 09:23:06
Rasheen Ali,RB,BAL,Baltimore Ravens,26,Healthy,,,True,2025-11-19 09:23:06
Mark Andrews,TE,BAL,Baltimore Ravens,89,Healthy,,,True,2025-11-19 09:23:06
Rashod Bateman,WR,BAL,Baltimore Ravens,7,Questionable,Unknown,,True,2025-11-19 09:23:06
Corey Bullock,C,BAL,Baltimore Ravens,67,Healthy,,,True,2025-11-19 09:23:06
Ben Cleveland,G,BAL,Baltimore Ravens,66,Healthy,,,True,2025-11-19 09:23:06
Daniel Faalele,G,BAL,Baltimore Ravens,77,Healthy,,,True,2025-11-19 09:23:06
Zay Flowers,WR,BAL,Baltimore Ravens,4,Healthy,,,True,2025-11-19 09:23:06
Derrick Henry,RB,BAL,Baltimore Ravens,22,Healthy,,,True,2025-11-19 09:23:06
Justice Hill,RB,BAL,Baltimore Ravens,43,Questionable,Unknown,,True,2025-11-19 09:23:06
DeAndre Hopkins,WR,BAL,Baltimore Ravens,10,Healthy,,,True,2025-11-19 09:23:06
Tyler Huntley,QB,BAL,Baltimore Ravens,5,Healthy,,,True,2025-11-19 09:23:06
Lamar Jackson,QB,BAL,Baltimore Ravens,8,Healthy,,,True,2025-11-19 09:23:06
Emery Jones Jr.,OT,BAL,Baltimore Ravens,51,Healthy,,,True,2025-11-19 09:23:06
Charlie Kolar,TE,BAL,Baltimore Ravens,88,Healthy,,,True,2025-11-19 09:23:06
Isaiah Likely,TE,BAL,Baltimore Ravens,80,Healthy,,,True,2025-11-19 09:23:06
Tyler Linderbaum,C,BAL,Baltimore Ravens,64,Healthy,,,True,2025-11-19 09:23:06
Keaton Mitchell,RB,BAL,Baltimore Ravens,34,Healthy,,,True,2025-11-19 09:23:06
Joseph Noteboom,OT,BAL,Baltimore Ravens,68,Healthy,,,True,2025-11-19 09:23:06
Patrick Ricard,FB,BAL,Baltimore Ravens,42,Healthy,,,True,2025-11-19 09:23:06
Roger Rosengarten,OT,BAL,Baltimore Ravens,70,Healthy,,,True,2025-11-19 09:23:06
Cooper Rush,QB,BAL,Baltimore Ravens,15,Healthy,,,True,2025-11-19 09:23:06
Ronnie Stanley,OT,BAL,Baltimore Ravens,79,Healthy,,,True,2025-11-19 09:23:06
Carson Vinson,OT,BAL,Baltimore Ravens,71,Healthy,,,True,2025-11-19 09:23:06
Andrew Vorhees,G,BAL,Baltimore Ravens,72,Healthy,,,True,2025-11-19 09:23:06
Devontez Walker,WR,BAL,Baltimore Ravens,81,Healthy,,,True,2025-11-19 09:23:06
Tylan Wallace,WR,BAL,Baltimore Ravens,16,Healthy,,,True,2025-11-19 09:23:06
LaJohntay Wester,WR,BAL,Baltimore Ravens,83,Healthy,,,True,2025-11-19 09:23:06
Chidobe Awuzie,CB,BAL,Baltimore Ravens,3,Healthy,,,True,2025-11-19 09:23:06
Taven Bryan,DT,BAL,Baltimore Ravens,58,Healthy,,,True,2025-11-19 09:23:06
Teddye Buchanan,LB,BAL,Baltimore Ravens,40,Healthy,,,True,2025-11-19 09:23:06
Alohi Gilman,S,BAL,Baltimore Ravens,12,Healthy,,,True,2025-11-19 09:23:06
Mike Green,LB,BAL,Baltimore Ravens,45,Healthy,,,True,2025-11-19 09:23:06
Kyle Hamilton,S,BAL,Baltimore Ravens,14,Healthy,,,True,2025-11-19 09:23:06
Jake Hummel,LB,BAL,Baltimore Ravens,35,Healthy,,,True,2025-11-19 09:23:06
Marlon Humphrey,CB,BAL,Baltimore Ravens,44,Questionable,Unknown,,True,2025-11-19 09:23:06
Keondre Jackson,S,BAL,Baltimore Ravens,39,Healthy,,,True,2025-11-19 09:23:06
John Jenkins,DT,BAL,Baltimore Ravens,94,Healthy,,,True,2025-11-19 09:23:06
Dre'Mont Jones,DE,BAL,Baltimore Ravens,41,Healthy,,,True,2025-11-19 09:23:06
Travis Jones,DT,BAL,Baltimore Ravens,98,Healthy,,,True,2025-11-19 09:23:06
Keyon Martin,CB,BAL,Baltimore Ravens,38,Questionable,Unknown,,True,2025-11-19 09:23:06
David Ojabo,LB,BAL,Baltimore Ravens,90,Healthy,,,True,2025-11-19 09:23:06
CJ Okoye,DT,BAL,Baltimore Ravens,91,Healthy,,,True,2025-11-19 09:23:06
Aeneas Peebles,DT,BAL,Baltimore Ravens,93,Healthy,,,True,2025-11-19 09:23:06
Trenton Simpson,LB,BAL,Baltimore Ravens,32,Healthy,,,True,2025-11-19 09:23:06
Roquan Smith,LB,BAL,Baltimore Ravens,0,Healthy,,,True,2025-11-19 09:23:06
Malaki Starks,S,BAL,Baltimore Ravens,24,Healthy,,,True,2025-11-19 09:23:06
T.J. Tampa,CB,BAL,Baltimore Ravens,27,Healthy,,,True,2025-11-19 09:23:06
Brent Urban,DE,BAL,Baltimore Ravens,97,Healthy,,,True,2025-11-19 09:23:06
Kyle Van Noy,LB,BAL,Baltimore Ravens,53,Healthy,,,True,2025-11-19 09:23:06
Nate Wiggins,CB,BAL,Baltimore Ravens,2,Healthy,,,True,2025-11-19 09:23:06
Tyler Loop,PK,BAL,Baltimore Ravens,33,Healthy,,,True,2025-11-19 09:23:06
Nick Moore,LS,BAL,Baltimore Ravens,46,Healthy,,,True,2025-11-19 09:23:06
Jordan Stout,P,BAL,Baltimore Ravens,11,Healthy,,,True,2025-11-19 09:23:06
Jay Higgins IV,LB,BAL,Baltimore Ravens,49,Injured Reserve,Unknown,,False,2025-11-19 09:23:06
Adisa Isaac,LB,BAL,Baltimore Ravens,50,Injured Reserve,Unknown,,False,2025-11-19 09:23:06
Bilhal Kone,CB,BAL,Baltimore Ravens,31,Injured Reserve,Unknown,,False,2025-11-19 09:23:06
Robert Longerbeam,CB,BAL,Baltimore Ravens,37,Injured Reserve,Unknown,,False,2025-11-19 09:23:06
Nnamdi Madubuike,DT,BAL,Baltimore Ravens,92,Injured Reserve,Unknown,,False,2025-11-19 09:23:06
Tavius Robinson,LB,BAL,Baltimore Ravens,95,Injured Reserve,Unknown,,False,2025-11-19 09:23:06
Dayton Wade,WR,BAL,Baltimore Ravens,82,Injured Reserve,Unknown,,False,2025-11-19 09:23:06
Ar'Darius Washington,S,BAL,Baltimore Ravens,29,Out,Unknown,,False,2025-11-19 09:23:06
Broderick Washington Jr.,DT,BAL,Baltimore Ravens,96,Injured Reserve,Unknown,,False,2025-11-19 09:23:06
Kenyon Green,G,BAL,Baltimore Ravens,,Healthy,,,True,2025-11-19 09:23:06
Malik Hamm,LB,BAL,Baltimore Ravens,,Healthy,,,True,2025-11-19 09:23:06
Cornelius Johnson,WR,BAL,Baltimore Ravens,,Healthy,,,True,2025-11-19 09:23:06
Sanoussi Kane,S,BAL,Baltimore Ravens,21,Healthy,,,True,2025-11-19 09:23:06
Keith Kirkwood,WR,BAL,Baltimore Ravens,18,Healthy,,,True,2025-11-19 09:23:06
Carl Lawson,DE,BAL,Baltimore Ravens,,Healthy,,,True,2025-11-19 09:23:06
Gerad Lichtenhan,OT,BAL,Baltimore Ravens,78,Healthy,,,True,2025-11-19 09:23:06
Chandler Martin,LB,BAL,Baltimore Ravens,54,Healthy,,,True,2025-11-19 09:23:06
David Olajiga,DT,BAL,Baltimore Ravens,,Healthy,,,True,2025-11-19 09:23:06
Amani Oruwariye,CB,BAL,Baltimore Ravens,36,Healthy,,,True,2025-11-19 09:23:06
Jared Penning,G,BAL,Baltimore Ravens,63,Healthy,,,True,2025-11-19 09:23:06
Marquise Robinson,CB,BAL,Baltimore Ravens,28,Healthy,,,True,2025-11-19 09:23:06
Kaimon Rucker,LB,BAL,Baltimore Ravens,56,Healthy,,,True,2025-11-19 09:23:06
Lucas Scott,FB,BAL,Baltimore Ravens,47,Healthy,,,True,2025-11-19 09:23:06
Josh Tupou,DT,BAL,Baltimore Ravens,69,Healthy,,,True,2025-11-19 09:23:06
Scotty Washington,TE,BAL,Baltimore Ravens,85,Healthy,,,True,2025-11-19 09:23:06
Josh Allen,QB,BUF,Buffalo Bills,17,Healthy,,,True,2025-11-19 09:23:06
Alec Anderson,OT,BUF,Buffalo Bills,70,Healthy,,,True,2025-11-19 09:23:06
Spencer Brown,OT,BUF,Buffalo Bills,79,Healthy,,,True,2025-11-19 09:23:06
Keon Coleman,WR,BUF,Buffalo Bills,0,Healthy,,,True,2025-11-19 09:23:06
James Cook III,RB,BUF,Buffalo Bills,4,Healthy,,,True,2025-11-19 09:23:06
Ray Davis,RB,BUF,Buffalo Bills,22,Healthy,,,True,2025-11-19 09:23:06
Dion Dawkins,OT,BUF,Buffalo Bills,73,Healthy,,,True,2025-11-19 09:23:06
David Edwards,G,BUF,Buffalo Bills,76,Healthy,,,True,2025-11-19 09:23:06
Reggie Gilliam,FB,BUF,Buffalo Bills,41,Healthy,,,True,2025-11-19 09:23:06
Mecole Hardman,WR,BUF,Buffalo Bills,16,Questionable,Unknown,,True,2025-11-19 09:23:06
Jackson Hawes,TE,BUF,Buffalo Bills,85,Healthy,,,True,2025-11-19 09:23:06
Ty Johnson,RB,BUF,Buffalo Bills,26,Healthy,,,True,2025-11-19 09:23:06
Dalton Kincaid,TE,BUF,Buffalo Bills,86,Questionable,Unknown,,True,2025-11-19 09:23:06
Dawson Knox,TE,BUF,Buffalo Bills,88,Healthy,,,True,2025-11-19 09:23:06
Chase Lundt,OT,BUF,Buffalo Bills,77,Healthy,,,True,2025-11-19 09:23:06
Connor McGovern,G,BUF,Buffalo Bills,66,Questionable,Unknown,,True,2025-11-19 09:23:06
Elijah Moore,WR,BUF,Buffalo Bills,18,Healthy,,,True,2025-11-19 09:23:06
Joshua Palmer,WR,BUF,Buffalo Bills,5,Questionable,Unknown,,True,2025-11-19 09:23:06
Curtis Samuel,WR,BUF,Buffalo Bills,1,Questionable,Unknown,,True,2025-11-19 09:23:06
Khalil Shakir,WR,BUF,Buffalo Bills,10,Healthy,,,True,2025-11-19 09:23:06
Tyrell Shavers,WR,BUF,Buffalo Bills,14,Healthy,,,True,2025-11-19 09:23:06
O'Cyrus Torrence,G,BUF,Buffalo Bills,64,Healthy,,,True,2025-11-19 09:23:06
Mitchell Trubisky,QB,BUF,Buffalo Bills,11,Healthy,,,True,2025-11-19 09:23:06
Ryan Van Demark,OT,BUF,Buffalo Bills,74,Healthy,,,True,2025-11-19 09:23:06
Sedrick Van Pran-Granger,C,BUF,Buffalo Bills,62,Healthy,,,True,2025-11-19 09:23:06
Joe Andreessen,LB,BUF,Buffalo Bills,44,Healthy,,,True,2025-11-19 09:23:06
Christian Benford,CB,BUF,Buffalo Bills,47,Questionable,Unknown,,True,2025-11-19 09:23:06
Terrel Bernard,LB,BUF,Buffalo Bills,8,Questionable,Unknown,,True,2025-11-19 09:23:06
Cole Bishop,S,BUF,Buffalo Bills,24,Healthy,,,True,2025-11-19 09:23:06
Joey Bosa,DE,BUF,Buffalo Bills,97,Questionable,Unknown,,True,2025-11-19 09:23:06
AJ Epenesa,DE,BUF,Buffalo Bills,57,Healthy,,,True,2025-11-19 09:23:06
Sam Franklin Jr.,S,BUF,Buffalo Bills,28,Healthy,,,True,2025-11-19 09:23:06
Maxwell Hairston,CB,BUF,Buffalo Bills,31,Healthy,,,True,2025-11-19 09:23:06
Jordan Hancock,CB,BUF,Buffalo Bills,37,Healthy,,,True,2025-11-19 09:23:06
Ja'Marcus Ingram,CB,BUF,Buffalo Bills,46,Healthy,,,True,2025-11-19 09:23:06
Taron Johnson,CB,BUF,Buffalo Bills,7,Questionable,Unknown,,True,2025-11-19 09:23:06
DaQuan Jones,DT,BUF,Buffalo Bills,92,Healthy,,,True,2025-11-19 09:23:06
Cam Lewis,CB,BUF,Buffalo Bills,39,Healthy,,,True,2025-11-19 09:23:06
Phidarian Mathis,DT,BUF,Buffalo Bills,72,Questionable,Unknown,,True,2025-11-19 09:23:06
Matt Milano,LB,BUF,Buffalo Bills,58,Healthy,,,True,2025-11-19 09:23:06
Larry Ogunjobi,DT,BUF,Buffalo Bills,99,Healthy,,,True,2025-11-19 09:23:06
Jordan Phillips,DT,BUF,Buffalo Bills,52,Questionable,Unknown,,True,2025-11-19 09:23:06
Jordan Poyer,S,BUF,Buffalo Bills,21,Healthy,,,True,2025-11-19 09:23:06
Greg Rousseau,DE,BUF,Buffalo Bills,50,Healthy,,,True,2025-11-19 09:23:06
T.J. Sanders,DT,BUF,Buffalo Bills,98,Healthy,,,True,2025-11-19 09:23:06
Javon Solomon,DE,BUF,Buffalo Bills,56,Healthy,,,True,2025-11-19 09:23:06
Shaq Thompson,LB,BUF,Buffalo Bills,45,Healthy,,,True,2025-11-19 09:23:06
Deone Walker,DT,BUF,Buffalo Bills,96,Healthy,,,True,2025-11-19 09:23:06
Tre'Davious White,CB,BUF,Buffalo Bills,27,Healthy,,,True,2025-11-19 09:23:06
Dorian Williams,LB,BUF,Buffalo Bills,42,Questionable,Unknown,,True,2025-11-19 09:23:06
Reid Ferguson,LS,BUF,Buffalo Bills,69,Healthy,,,True,2025-11-19 09:23:06
Matt Prater,PK,BUF,Buffalo Bills,15,Healthy,,,True,2025-11-19 09:23:06
Mitch Wishnowsky,P,BUF,Buffalo Bills,19,Healthy,,,True,2025-11-19 09:23:06
Tyler Bass,PK,BUF,Buffalo Bills,2,Injured Reserve,Unknown,,False,2025-11-19 09:23:06
DeWayne Carter,DT,BUF,Buffalo Bills,90,Injured Reserve,Unknown,,False,2025-11-19 09:23:06
Tylan Grable,OT,BUF,Buffalo Bills,68,Injured Reserve,Unknown,,False,2025-11-19 09:23:06
Damar Hamlin,S,BUF,Buffalo Bills,3,Injured Reserve,Unknown,,False,2025-11-19 09:23:06
Michael Hoecht,DE,BUF,Buffalo Bills,55,Injured Reserve,Unknown,,False,2025-11-19 09:23:06
Landon Jackson,DE,BUF,Buffalo Bills,94,Injured Reserve,Unknown,,False,2025-11-19 09:23:06
Ed Oliver,DT,BUF,Buffalo Bills,91,Injured Reserve,Unknown,,False,2025-11-19 09:23:06
Wande Owens,S,BUF,Buffalo Bills,30,Injured Reserve,Unknown,,False,2025-11-19 09:23:06
Taylor Rapp,S,BUF,Buffalo Bills,9,Injured Reserve,Unknown,,False,2025-11-19 09:23:06
Dorian Strong,CB,BUF,Buffalo Bills,43,Injured Reserve,Unknown,,False,2025-11-19 09:23:06
Tommy Akingbesote,DB,BUF,Buffalo Bills,,Healthy,,,True,2025-11-19 09:23:06
Nick Broeker,G,BUF,Buffalo Bills,67,Healthy,,,True,2025-11-19 09:23:06
Shane Buechele,QB,BUF,Buffalo Bills,6,Healthy,,,True,2025-11-19 09:23:06
Travis Clayton,OT,BUF,Buffalo Bills,67,Healthy,,,True,2025-11-19 09:23:06
Brandon Codrington,CB,BUF,Buffalo Bills,29,Healthy,,,True,2025-11-19 09:23:06
Te'Cory Couch,CB,BUF,Buffalo Bills,33,Healthy,,,True,2025-11-19 09:23:06
Gabe Davis,WR,BUF,Buffalo Bills,13,Healthy,,,True,2025-11-19 09:23:06
Morgan Fox,DE,BUF,Buffalo Bills,,Healthy,,,True,2025-11-19 09:23:06
Frank Gore Jr.,RB,BUF,Buffalo Bills,20,Healthy,,,True,2025-11-19 09:23:06
Stephen Gosnell,WR,BUF,Buffalo Bills,89,Healthy,,,True,2025-11-19 09:23:06
Kendrick Green,C,BUF,Buffalo Bills,53,Healthy,,,True,2025-11-19 09:23:06
Dane Jackson,CB,BUF,Buffalo Bills,23,Healthy,,,True,2025-11-19 09:23:06
Keonta Jenkins,LB,BUF,Buffalo Bills,49,Healthy,,,True,2025-11-19 09:23:06
Andre Jones Jr.,DE,BUF,Buffalo Bills,,Healthy,,,True,2025-11-19 09:23:06
Keleki Latu,TE,BUF,Buffalo Bills,83,Healthy,,,True,2025-11-19 09:23:06
Zion Logue,DT,BUF,Buffalo Bills,93,Healthy,,,True,2025-11-19 09:23:06
Baylon Spector,LB,BUF,Buffalo Bills,54,Healthy,,,True,2025-11-19 09:23:06
Jalen Coker,WR,CAR,Carolina Panthers,18,Healthy,,,True,2025-11-19 09:23:06
Austin Corbett,C,CAR,Carolina Panthers,63,Healthy,,,True,2025-11-19 09:23:06
Jake Curhan,OT,CAR,Carolina Panthers,74,Healthy,,,True,2025-11-19 09:23:06
Andy Dalton,QB,CAR,Carolina Panthers,14,Healthy,,,True,2025-11-19 09:23:06
Rico Dowdle,RB,CAR,Carolina Panthers,5,Healthy,,,True,2025-11-19 09:23:06
Ikem Ekwonu,OT,CAR,Carolina Panthers,79,Healthy,,,True,2025-11-19 09:23:06
Trevor Etienne,RB,CAR,Carolina Panthers,23,Healthy,,,True,2025-11-19 09:23:06
Mitchell Evans,TE,CAR,Carolina Panthers,84,Healthy,,,True,2025-11-19 09:23:06
Jimmy Horn Jr.,WR,CAR,Carolina Panthers,15,Healthy,,,True,2025-11-19 09:23:06
Chuba Hubbard,RB,CAR,Carolina Panthers,30,Healthy,,,True,2025-11-19 09:23:06
Xavier Legette,WR,CAR,Carolina Panthers,17,Questionable,Unknown,,True,2025-11-19 09:23:06
Damien Lewis,G,CAR,Carolina Panthers,68,Healthy,,,True,2025-11-19 09:23:06
Cade Mays,C,CAR,Carolina Panthers,64,Healthy,,,True,2025-11-19 09:23:06
Tetairoa McMillan,WR,CAR,Carolina Panthers,4,Healthy,,,True,2025-11-19 09:23:06
James Mitchell,TE,CAR,Carolina Panthers,85,Healthy,,,True,2025-11-19 09:23:06
Taylor Moton,OT,CAR,Carolina Panthers,72,Healthy,,,True,2025-11-19 09:23:06
Yosh Nijman,OT,CAR,Carolina Panthers,77,Healthy,,,True,2025-11-19 09:23:06
Hunter Renfrow,WR,CAR,Carolina Panthers,13,Healthy,,,True,2025-11-19 09:23:06
Nick Samac,C,CAR,Carolina Panthers,60,Healthy,,,True,2025-11-19 09:23:06
Ja'Tavion Sanders,TE,CAR,Carolina Panthers,0,Healthy,,,True,2025-11-19 09:23:06
Brycen Tremayne,WR,CAR,Carolina Panthers,87,Healthy,,,True,2025-11-19 09:23:06
Tommy Tremble,TE,CAR,Carolina Panthers,82,Healthy,,,True,2025-11-19 09:23:06
Bryce Young,QB,CAR,Carolina Panthers,9,Healthy,,,True,2025-11-19 09:23:06
Chandler Zavala,G,CAR,Carolina Panthers,62,Healthy,,,True,2025-11-19 09:23:06
Derrick Brown,DE,CAR,Carolina Panthers,95,Healthy,,,True,2025-11-19 09:23:06
Bobby Brown III,DT,CAR,Carolina Panthers,97,Healthy,,,True,2025-11-19 09:23:06
Claudin Cherelus,LB,CAR,Carolina Panthers,53,Healthy,,,True,2025-11-19 09:23:06
Akayleb Evans,CB,CAR,Carolina Panthers,29,Healthy,,,True,2025-11-19 09:23:06
Trevis Gipson,LB,CAR,Carolina Panthers,52,Healthy,,,True,2025-11-19 09:23:06
Jared Harrison-Hunte,DE,CAR,Carolina Panthers,75,Healthy,,,True,2025-11-19 09:23:06
Jaycee Horn,CB,CAR,Carolina Panthers,8,Healthy,,,True,2025-11-19 09:23:06
Thomas Incoom,LB,CAR,Carolina Panthers,48,Healthy,,,True,2025-11-19 09:23:06
Cam Jackson,DT,CAR,Carolina Panthers,92,Healthy,,,True,2025-11-19 09:23:06
Mike Jackson,CB,CAR,Carolina Panthers,2,Healthy,,,True,2025-11-19 09:23:06
Bam Martin-Scott,LB,CAR,Carolina Panthers,57,Healthy,,,True,2025-11-19 09:23:06
Tre'von Moehrig,S,CAR,Carolina Panthers,7,Healthy,,,True,2025-11-19 09:23:06
Maema Njongmeta,LB,CAR,Carolina Panthers,55,Healthy,,,True,2025-11-19 09:23:06
Lathan Ransom,S,CAR,Carolina Panthers,22,Questionable,Unknown,,True,2025-11-19 09:23:06
LaBryan Ray,DE,CAR,Carolina Panthers,93,Healthy,,,True,2025-11-19 09:23:06
Demani Richardson,S,CAR,Carolina Panthers,36,Healthy,,,True,2025-11-19 09:23:06
A'Shawn Robinson,DE,CAR,Carolina Panthers,94,Healthy,,,True,2025-11-19 09:23:06
Christian Rozeboom,LB,CAR,Carolina Panthers,56,Questionable,Unknown,,True,2025-11-19 09:23:06
Nick Scott,S,CAR,Carolina Panthers,21,Healthy,,,True,2025-11-19 09:23:06
Nic Scourton,LB,CAR,Carolina Panthers,11,Healthy,,,True,2025-11-19 09:23:06
Chau Smith-Wade,CB,CAR,Carolina Panthers,26,Healthy,,,True,2025-11-19 09:23:06
Corey Thornton,CB,CAR,Carolina Panthers,31,Healthy,,,True,2025-11-19 09:23:06
Princely Umanmielen,LB,CAR,Carolina Panthers,3,Healthy,,,True,2025-11-19 09:23:06
Trevin Wallace,LB,CAR,Carolina Panthers,32,Questionable,Unknown,,True,2025-11-19 09:23:06
Tershawn Wharton,DT,CAR,Carolina Panthers,99,Healthy,,,True,2025-11-19 09:23:06
D.J. Wonnum,LB,CAR,Carolina Panthers,98,Healthy,,,True,2025-11-19 09:23:06
Ryan Fitzgerald,PK,CAR,Carolina Panthers,10,Healthy,,,True,2025-11-19 09:23:06
JJ Jansen,LS,CAR,Carolina Panthers,44,Healthy,,,True,2025-11-19 09:23:06
Sam Martin,P,CAR,Carolina Panthers,6,Healthy,,,True,2025-11-19 09:23:06
Popo Aumavae,DT,CAR,Carolina Panthers,78,Injured Reserve,Unknown,,False,2025-11-19 09:23:06
Jonathon Brooks,RB,CAR,Carolina Panthers,24,Out,Unknown,,False,2025-11-19 09:23:06
Brady Christensen,G,CAR,Carolina Panthers,70,Injured Reserve,Unknown,,False,2025-11-19 09:23:06
Robert Hunt,G,CAR,Carolina Panthers,50,Injured Reserve,Unknown,,False,2025-11-19 09:23:06
Patrick Jones II,LB,CAR,Carolina Panthers,91,Injured Reserve,Unknown,,False,2025-11-19 09:23:06
Damarri Mathis,CB,CAR,Carolina Panthers,28,Injured Reserve,Unknown,,False,2025-11-19 09:23:06
David Moore,WR,CAR,Carolina Panthers,83,Injured Reserve,Unknown,,False,2025-11-19 09:23:06
Krys Barnes,LB,CAR,Carolina Panthers,40,Healthy,,,True,2025-11-19 09:23:06
Ja'Tyre Carter,G,CAR,Carolina Panthers,65,Healthy,,,True,2025-11-19 09:23:06
Saahdiq Charles,G,CAR,Carolina Panthers,78,Healthy,,,True,2025-11-19 09:23:06
Dan Chisena,WR,CAR,Carolina Panthers,88,Healthy,,,True,2025-11-19 09:23:06
Jaden Crumedy,DT,CAR,Carolina Panthers,96,Healthy,,,True,2025-11-19 09:23:06
DeeJay Dallas,RB,CAR,Carolina Panthers,20,Healthy,,,True,2025-11-19 09:23:06
Kalen King,CB,CAR,Carolina Panthers,,Healthy,,,True,2025-11-19 09:23:06
Jeremiah Moon,LB,CAR,Carolina Panthers,49,Healthy,,,True,2025-11-19 09:23:06
Mapalo Mwansa,LB,CAR,Carolina Panthers,58,Healthy,,,True,2025-11-19 09:23:06
Bryce Pierre,TE,CAR,Carolina Panthers,45,Healthy,,,True,2025-11-19 09:23:06
Ja'seem Reed,WR,CAR,Carolina Panthers,88,Healthy,,,True,2025-11-19 09:23:06
Ainias Smith,WR,CAR,Carolina Panthers,,Healthy,,,True,2025-11-19 09:23:06
Trevian Thomas,S,CAR,Carolina Panthers,42,Healthy,,,True,2025-11-19 09:23:06
Anthony Tyus III,RB,CAR,Carolina Panthers,,Healthy,,,True,2025-11-19 09:23:06
Brandon Walton,OT,CAR,Carolina Panthers,73,Healthy,,,True,2025-11-19 09:23:06
Mike White,QB,CAR,Carolina Panthers,16,Healthy,,,True,2025-11-19 09:23:06
Tyson Bagent,QB,CHI,Chicago Bears,17,Healthy,,,True,2025-11-19 09:23:06
Ryan Bates,C,CHI,Chicago Bears,71,Healthy,,,True,2025-11-19 09:23:06
Theo Benedet,G,CHI,Chicago Bears,79,Healthy,,,True,2025-11-19 09:23:06
Luther Burden III,WR,CHI,Chicago Bears,10,Healthy,,,True,2025-11-19 09:23:06
Drew Dalman,C,CHI,Chicago Bears,52,Healthy,,,True,2025-11-19 09:23:06
Devin Duvernay,WR,CHI,Chicago Bears,12,Healthy,,,True,2025-11-19 09:23:06
Travis Homer,RB,CHI,Chicago Bears,21,Healthy,,,True,2025-11-19 09:23:06
Jonah Jackson,G,CHI,Chicago Bears,73,Healthy,,,True,2025-11-19 09:23:06
Roschon Johnson,RB,CHI,Chicago Bears,23,Healthy,,,True,2025-11-19 09:23:06
Case Keenum,QB,CHI,Chicago Bears,11,Healthy,,,True,2025-11-19 09:23:06
Cole Kmet,TE,CHI,Chicago Bears,85,Healthy,,,True,2025-11-19 09:23:06
Colston Loveland,TE,CHI,Chicago Bears,84,Healthy,,,True,2025-11-19 09:23:06
Kyle Monangai,RB,CHI,Chicago Bears,25,Healthy,,,True,2025-11-19 09:23:06
DJ Moore,WR,CHI,Chicago Bears,2,Healthy,,,True,2025-11-19 09:23:06
Luke Newman,OT,CHI,Chicago Bears,65,Healthy,,,True,2025-11-19 09:23:06
Rome Odunze,WR,CHI,Chicago Bears,15,Healthy,,,True,2025-11-19 09:23:06
Durham Smythe,TE,CHI,Chicago Bears,81,Healthy,,,True,2025-11-19 09:23:06
D'Andre Swift,RB,CHI,Chicago Bears,4,Healthy,,,True,2025-11-19 09:23:06
Joe Thuney,G,CHI,Chicago Bears,62,Healthy,,,True,2025-11-19 09:23:06
Ozzy Trapilo,OT,CHI,Chicago Bears,75,Healthy,,,True,2025-11-19 09:23:06
Jahdae Walker,WR,CHI,Chicago Bears,20,Questionable,Unknown,,True,2025-11-19 09:23:06
Caleb Williams,QB,CHI,Chicago Bears,18,Healthy,,,True,2025-11-19 09:23:06
Darnell Wright,OT,CHI,Chicago Bears,58,Healthy,,,True,2025-11-19 09:23:06
Olamide Zaccheaus,WR,CHI,Chicago Bears,14,Healthy,,,True,2025-11-19 09:23:06
Andrew Billings,DT,CHI,Chicago Bears,97,Healthy,,,True,2025-11-19 09:23:06
Josh Blackwell,CB,CHI,Chicago Bears,39,Healthy,,,True,2025-11-19 09:23:06
Austin Booker,DE,CHI,Chicago Bears,94,Healthy,,,True,2025-11-19 09:23:06
Jaquan Brisker,S,CHI,Chicago Bears,9,Healthy,,,True,2025-11-19 09:23:06
Kevin Byard III,S,CHI,Chicago Bears,31,Healthy,,,True,2025-11-19 09:23:06
Gervon Dexter Sr.,DT,CHI,Chicago Bears,99,Healthy,,,True,2025-11-19 09:23:06
Tremaine Edmunds,LB,CHI,Chicago Bears,49,Healthy,,,True,2025-11-19 09:23:06
T.J. Edwards,LB,CHI,Chicago Bears,53,Questionable,Unknown,,True,2025-11-19 09:23:06
Jonathan Ford,DT,CHI,Chicago Bears,96,Healthy,,,True,2025-11-19 09:23:06
C.J. Gardner-Johnson,S,CHI,Chicago Bears,35,Healthy,,,True,2025-11-19 09:23:06
Daniel Hardy,DE,CHI,Chicago Bears,92,Healthy,,,True,2025-11-19 09:23:06
Elijah Hicks,S,CHI,Chicago Bears,22,Healthy,,,True,2025-11-19 09:23:06
Ruben Hyppolite II,LB,CHI,Chicago Bears,47,Healthy,,,True,2025-11-19 09:23:06
D'Marco Jackson,LB,CHI,Chicago Bears,48,Healthy,,,True,2025-11-19 09:23:06
Grady Jarrett,DE,CHI,Chicago Bears,50,Healthy,,,True,2025-11-19 09:23:06
Jaylon Jones,CB,CHI,Chicago Bears,33,Healthy,,,True,2025-11-19 09:23:06
Nick McCloud,CB,CHI,Chicago Bears,24,Healthy,,,True,2025-11-19 09:23:06
Amen Ogbongbemiga,LB,CHI,Chicago Bears,45,Healthy,,,True,2025-11-19 09:23:06
Jonathan Owens,S,CHI,Chicago Bears,36,Healthy,,,True,2025-11-19 09:23:06
Dominique Robinson,DE,CHI,Chicago Bears,90,Healthy,,,True,2025-11-19 09:23:06
Noah Sewell,LB,CHI,Chicago Bears,44,Healthy,,,True,2025-11-19 09:23:06
Tyrique Stevenson,CB,CHI,Chicago Bears,29,Questionable,Unknown,,True,2025-11-19 09:23:06
Montez Sweat,DE,CHI,Chicago Bears,98,Healthy,,,True,2025-11-19 09:23:06
Joe Tryon-Shoyinka,DE,CHI,Chicago Bears,93,Healthy,,,True,2025-11-19 09:23:06
Chris Williams,DT,CHI,Chicago Bears,91,Healthy,,,True,2025-11-19 09:23:06
Nahshon Wright,CB,CHI,Chicago Bears,26,Healthy,,,True,2025-11-19 09:23:06
Scott Daly,LS,CHI,Chicago Bears,46,Healthy,,,True,2025-11-19 09:23:06
Cairo Santos,PK,CHI,Chicago Bears,8,Healthy,,,True,2025-11-19 09:23:06
Tory Taylor,P,CHI,Chicago Bears,19,Healthy,,,True,2025-11-19 09:23:06
Kiran Amegadjie,OT,CHI,Chicago Bears,72,Injured Reserve,Unknown,,False,2025-11-19 09:23:06
Zah Frazier,CB,CHI,Chicago Bears,20,Out,Unknown,,False,2025-11-19 09:23:06
Kyler Gordon,CB,CHI,Chicago Bears,6,Injured Reserve,Unknown,,False,2025-11-19 09:23:06
Deion Hankins,RB,CHI,Chicago Bears,35,Injured Reserve,Unknown,,False,2025-11-19 09:23:06
Jaylon Johnson,CB,CHI,Chicago Bears,1,Injured Reserve,Unknown,,False,2025-11-19 09:23:06
Braxton Jones,OT,CHI,Chicago Bears,70,Injured Reserve,Unknown,,False,2025-11-19 09:23:06
Dayo Odeyingbo,DE,CHI,Chicago Bears,55,Injured Reserve,Unknown,,False,2025-11-19 09:23:06
Terell Smith,CB,CHI,Chicago Bears,32,Injured Reserve,Unknown,,False,2025-11-19 09:23:06
Shemar Turner,DT,CHI,Chicago Bears,95,Injured Reserve,Unknown,,False,2025-11-19 09:23:06
Maurice Alexander,WR,CHI,Chicago Bears,13,Healthy,,,True,2025-11-19 09:23:06
Brittain Brown,RB,CHI,Chicago Bears,38,Healthy,,,True,2025-11-19 09:23:06
Stephen Carlson,TE,CHI,Chicago Bears,88,Healthy,,,True,2025-11-19 09:23:06
Dallis Flowers,CB,CHI,Chicago Bears,37,Healthy,,,True,2025-11-19 09:23:06
Jonathan Garvin,DE,CHI,Chicago Bears,96,Healthy,,,True,2025-11-19 09:23:06
Kyle Hergel,G,CHI,Chicago Bears,,Healthy,,,True,2025-11-19 09:23:06
Trey Hill,C,CHI,Chicago Bears,,Healthy,,,True,2025-11-19 09:23:06
Carl Jones Jr.,LB,CHI,Chicago Bears,43,Healthy,,,True,2025-11-19 09:23:06
Nikola Kalinic,TE,CHI,Chicago Bears,,Healthy,,,True,2025-11-19 09:23:06
Jamree Kromah,DE,CHI,Chicago Bears,,Healthy,,,True,2025-11-19 09:23:06
Dontae Manning,CB,CHI,Chicago Bears,,Healthy,,,True,2025-11-19 09:23:06
Jordan McFadden,G,CHI,Chicago Bears,,Healthy,,,True,2025-11-19 09:23:06
Royce Newman,G,CHI,Chicago Bears,71,Healthy,,,True,2025-11-19 09:23:06
Gervarrius Owens,S,CHI,Chicago Bears,,Healthy,,,True,2025-11-19 09:23:06
Jalen Reeves-Maybin,LB,CHI,Chicago Bears,,Healthy,,,True,2025-11-19 09:23:06
JP Richardson,WR,CHI,Chicago Bears,,Healthy,,,True,2025-11-19 09:23:06
Ricky Stromberg,C,CHI,Chicago Bears,,Out,Unknown,,False,2025-11-19 09:23:06
Tahj Brooks,RB,CIN,Cincinnati Bengals,25,Healthy,,,True,2025-11-19 09:23:06
Chase Brown,RB,CIN,Cincinnati Bengals,30,Healthy,,,True,2025-11-19 09:23:06
Orlando Brown Jr.,OT,CIN,Cincinnati Bengals,75,Healthy,,,True,2025-11-19 09:23:06
Jake Browning,QB,CIN,Cincinnati Bengals,6,Healthy,,,True,2025-11-19 09:23:06
Jermaine Burton,WR,CIN,Cincinnati Bengals,81,Questionable,Unknown,,True,2025-11-19 09:23:06
Ja'Marr Chase,WR,CIN,Cincinnati Bengals,1,Suspension,Unknown,,False,2025-11-19 09:23:06
Sean Clifford,QB,CIN,Cincinnati Bengals,4,Healthy,,,True,2025-11-19 09:23:06
Dylan Fairchild,G,CIN,Cincinnati Bengals,63,Healthy,,,True,2025-11-19 09:23:06
Noah Fant,TE,CIN,Cincinnati Bengals,86,Healthy,,,True,2025-11-19 09:23:06
Joe Flacco,QB,CIN,Cincinnati Bengals,16,Healthy,,,True,2025-11-19 09:23:06
Cody Ford,G,CIN,Cincinnati Bengals,61,Healthy,,,True,2025-11-19 09:23:06
Cam Grandy,TE,CIN,Cincinnati Bengals,85,Healthy,,,True,2025-11-19 09:23:06
Tee Higgins,WR,CIN,Cincinnati Bengals,5,Healthy,,,True,2025-11-19 09:23:06
Tanner Hudson,TE,CIN,Cincinnati Bengals,87,Healthy,,,True,2025-11-19 09:23:06
Andrei Iosivas,WR,CIN,Cincinnati Bengals,80,Healthy,,,True,2025-11-19 09:23:06
Charlie Jones,WR,CIN,Cincinnati Bengals,15,Healthy,,,True,2025-11-19 09:23:06
Ted Karras,C,CIN,Cincinnati Bengals,64,Healthy,,,True,2025-11-19 09:23:06
Amarius Mims,OT,CIN,Cincinnati Bengals,71,Healthy,,,True,2025-11-19 09:23:06
Lucas Patrick,G,CIN,Cincinnati Bengals,62,Healthy,,,True,2025-11-19 09:23:06
Samaje Perine,RB,CIN,Cincinnati Bengals,34,Questionable,Unknown,,True,2025-11-19 09:23:06
Dalton Risner,G,CIN,Cincinnati Bengals,66,Healthy,,,True,2025-11-19 09:23:06
Jalen Rivers,OT,CIN,Cincinnati Bengals,74,Questionable,Unknown,,True,2025-11-19 09:23:06
Drew Sample,TE,CIN,Cincinnati Bengals,89,Healthy,,,True,2025-11-19 09:23:06
Mitchell Tinsley,WR,CIN,Cincinnati Bengals,82,Healthy,,,True,2025-11-19 09:23:06
Tycen Anderson,S,CIN,Cincinnati Bengals,26,Healthy,,,True,2025-11-19 09:23:06
Brian Asamoah II,LB,CIN,Cincinnati Bengals,53,Healthy,,,True,2025-11-19 09:23:06
Jordan Battle,S,CIN,Cincinnati Bengals,27,Healthy,,,True,2025-11-19 09:23:06
Oren Burks,LB,CIN,Cincinnati Bengals,42,Healthy,,,True,2025-11-19 09:23:06
Barrett Carter,LB,CIN,Cincinnati Bengals,49,Healthy,,,True,2025-11-19 09:23:06
Joe Giles-Harris,LB,CIN,Cincinnati Bengals,43,Healthy,,,True,2025-11-19 09:23:06
Trey Hendrickson,DE,CIN,Cincinnati Bengals,91,Doubtful,Unknown,,False,2025-11-19 09:23:06
B.J. Hill,DT,CIN,Cincinnati Bengals,92,Healthy,,,True,2025-11-19 09:23:06
Dax Hill,CB,CIN,Cincinnati Bengals,23,Healthy,,,True,2025-11-19 09:23:06
DJ Ivey,CB,CIN,Cincinnati Bengals,38,Healthy,,,True,2025-11-19 09:23:06
McKinnley Jackson,DT,CIN,Cincinnati Bengals,93,Healthy,,,True,2025-11-19 09:23:06
Jordan Jefferson,DT,CIN,Cincinnati Bengals,94,Healthy,,,True,2025-11-19 09:23:06
Kris Jenkins Jr.,DT,CIN,Cincinnati Bengals,90,Healthy,,,True,2025-11-19 09:23:06
Cedric Johnson,DE,CIN,Cincinnati Bengals,52,Healthy,,,True,2025-11-19 09:23:06
PJ Jules,S,CIN,Cincinnati Bengals,37,Healthy,,,True,2025-11-19 09:23:06
Demetrius Knight Jr.,LB,CIN,Cincinnati Bengals,44,Healthy,,,True,2025-11-19 09:23:06
Myles Murphy,DE,CIN,Cincinnati Bengals,99,Healthy,,,True,2025-11-19 09:23:06
Josh Newton,CB,CIN,Cincinnati Bengals,28,Healthy,,,True,2025-11-19 09:23:06
Joseph Ossai,DE,CIN,Cincinnati Bengals,58,Healthy,,,True,2025-11-19 09:23:06
Cam Sample,DE,CIN,Cincinnati Bengals,96,Questionable,Unknown,,True,2025-11-19 09:23:06
T.J. Slaton Jr.,DT,CIN,Cincinnati Bengals,98,Healthy,,,True,2025-11-19 09:23:06
Geno Stone,S,CIN,Cincinnati Bengals,22,Healthy,,,True,2025-11-19 09:23:06
Cam Taylor-Britt,CB,CIN,Cincinnati Bengals,29,Doubtful,Unknown,,False,2025-11-19 09:23:06
DJ Turner II,CB,CIN,Cincinnati Bengals,20,Healthy,,,True,2025-11-19 09:23:06
Marco Wilson,CB,CIN,Cincinnati Bengals,24,Healthy,,,True,2025-11-19 09:23:06
Evan McPherson,PK,CIN,Cincinnati Bengals,2,Healthy,,,True,2025-11-19 09:23:06
Ryan Rehkow,P,CIN,Cincinnati Bengals,8,Healthy,,,True,2025-11-19 09:23:06
William Wagner,LS,CIN,Cincinnati Bengals,46,Healthy,,,True,2025-11-19 09:23:06
Erick All Jr.,TE,CIN,Cincinnati Bengals,83,Out,Unknown,,False,2025-11-19 09:23:06
Daijahn Anthony,S,CIN,Cincinnati Bengals,33,Injured Reserve,Unknown,,False,2025-11-19 09:23:06
Joe Burrow,QB,CIN,Cincinnati Bengals,9,Injured Reserve,Unknown,,False,2025-11-19 09:23:06
Mike Gesicki,TE,CIN,Cincinnati Bengals,88,Injured Reserve,Unknown,,False,2025-11-19 09:23:06
Shaka Heyward,LB,CIN,Cincinnati Bengals,50,Injured Reserve,Unknown,,False,2025-11-19 09:23:06
Matt Lee,C,CIN,Cincinnati Bengals,65,Injured Reserve,Unknown,,False,2025-11-19 09:23:06
Shemar Stewart,DE,CIN,Cincinnati Bengals,97,Injured Reserve,Unknown,,False,2025-11-19 09:23:06
Cordell Volson,G,CIN,Cincinnati Bengals,67,Injured Reserve,Unknown,,False,2025-11-19 09:23:06
Liam Anderson,LB,CIN,Cincinnati Bengals,,Healthy,,,True,2025-11-19 09:23:06
Jacob Bayer,C,CIN,Cincinnati Bengals,,Healthy,,,True,2025-11-19 09:23:06
Gary Brightwell,RB,CIN,Cincinnati Bengals,32,Healthy,,,True,2025-11-19 09:23:06
Andrew Coker,OT,CIN,Cincinnati Bengals,79,Healthy,,,True,2025-11-19 09:23:06
Howard Cross III,DT,CIN,Cincinnati Bengals,95,Healthy,,,True,2025-11-19 09:23:06
Jalen Davis,CB,CIN,Cincinnati Bengals,35,Healthy,,,True,2025-11-19 09:23:06
Isaiah Foskey,DE,CIN,Cincinnati Bengals,51,Healthy,,,True,2025-11-19 09:23:06
Javon Foster,OT,CIN,Cincinnati Bengals,,Healthy,,,True,2025-11-19 09:23:06
Jaxson Kirkland,G,CIN,Cincinnati Bengals,60,Out,Unknown,,False,2025-11-19 09:23:06
Bralyn Lux,CB,CIN,Cincinnati Bengals,21,Healthy,,,True,2025-11-19 09:23:06
Seth McLaughlin,C,CIN,Cincinnati Bengals,68,Healthy,,,True,2025-11-19 09:23:06
Kendall Milton,RB,CIN,Cincinnati Bengals,36,Healthy,,,True,2025-11-19 09:23:06
Jordan Moore,WR,CIN,Cincinnati Bengals,14,Healthy,,,True,2025-11-19 09:23:06
Antwaun Powell-Ryland Jr.,LB,CIN,Cincinnati Bengals,,Healthy,,,True,2025-11-19 09:23:06
Kendric Pryor,WR,CIN,Cincinnati Bengals,19,Healthy,,,True,2025-11-19 09:23:06
Russ Yeast,S,CIN,Cincinnati Bengals,,Healthy,,,True,2025-11-19 09:23:06
Brenden Bates,TE,CLE,Cleveland Browns,82,Healthy,,,True,2025-11-19 09:23:06
Joel Bitonio,G,CLE,Cleveland Browns,75,Healthy,,,True,2025-11-19 09:23:06
Isaiah Bond,WR,CLE,Cleveland Browns,16,Healthy,,,True,2025-11-19 09:23:06
Jack Conklin,OT,CLE,Cleveland Browns,78,Questionable,Unknown,,True,2025-11-19 09:23:06
Malachi Corley,WR,CLE,Cleveland Browns,83,Healthy,,,True,2025-11-19 09:23:06
Harold Fannin Jr.,TE,CLE,Cleveland Browns,44,Healthy,,,True,2025-11-19 09:23:06
Jerome Ford,RB,CLE,Cleveland Browns,34,Healthy,,,True,2025-11-19 09:23:06
Dillon Gabriel,QB,CLE,Cleveland Browns,8,Questionable,Unknown,,True,2025-11-19 09:23:06
Teven Jenkins,G,CLE,Cleveland Browns,74,Healthy,,,True,2025-11-19 09:23:06
Jerry Jeudy,WR,CLE,Cleveland Browns,3,Healthy,,,True,2025-11-19 09:23:06
Quinshon Judkins,RB,CLE,Cleveland Browns,10,Healthy,,,True,2025-11-19 09:23:06
Gage Larvadain,WR,CLE,Cleveland Browns,84,Healthy,,,True,2025-11-19 09:23:06
KT Leveston,OT,CLE,Cleveland Browns,72,Healthy,,,True,2025-11-19 09:23:06
Cornelius Lucas,OT,CLE,Cleveland Browns,71,Healthy,,,True,2025-11-19 09:23:06
David Njoku,TE,CLE,Cleveland Browns,85,Healthy,,,True,2025-11-19 09:23:06
Ethan Pocic,C,CLE,Cleveland Browns,55,Healthy,,,True,2025-11-19 09:23:06
Cam Robinson,OT,CLE,Cleveland Browns,68,Questionable,Unknown,,True,2025-11-19 09:23:06
Dylan Sampson,RB,CLE,Cleveland Browns,22,Healthy,,,True,2025-11-19 09:23:06
Raheim Sanders,RB,CLE,Cleveland Browns,35,Healthy,,,True,2025-11-19 09:23:06
Shedeur Sanders,QB,CLE,Cleveland Browns,12,Healthy,,,True,2025-11-19 09:23:06
Wyatt Teller,G,CLE,Cleveland Browns,77,Healthy,,,True,2025-11-19 09:23:06
Jamari Thrash,WR,CLE,Cleveland Browns,80,Healthy,,,True,2025-11-19 09:23:06
Cedric Tillman,WR,CLE,Cleveland Browns,19,Healthy,,,True,2025-11-19 09:23:06
Blake Whiteheart,TE,CLE,Cleveland Browns,86,Healthy,,,True,2025-11-19 09:23:06
Luke Wypler,C,CLE,Cleveland Browns,56,Healthy,,,True,2025-11-19 09:23:06
Zak Zinter,G,CLE,Cleveland Browns,70,Healthy,,,True,2025-11-19 09:23:06
Jerome Baker,LB,CLE,Cleveland Browns,17,Healthy,,,True,2025-11-19 09:23:06
Devin Bush,LB,CLE,Cleveland Browns,30,Healthy,,,True,2025-11-19 09:23:06
Tyson Campbell,CB,CLE,Cleveland Browns,7,Healthy,,,True,2025-11-19 09:23:06
Maliek Collins,DT,CLE,Cleveland Browns,96,Healthy,,,True,2025-11-19 09:23:06
Grant Delpit,S,CLE,Cleveland Browns,9,Healthy,,,True,2025-11-19 09:23:06
Mohamoud Diabate,LB,CLE,Cleveland Browns,43,Healthy,,,True,2025-11-19 09:23:06
Christopher Edmonds,S,CLE,Cleveland Browns,41,Healthy,,,True,2025-11-19 09:23:06
Myles Garrett,DE,CLE,Cleveland Browns,95,Healthy,,,True,2025-11-19 09:23:06
Mason Graham,DT,CLE,Cleveland Browns,94,Healthy,,,True,2025-11-19 09:23:06
Mike Hall Jr.,DT,CLE,Cleveland Browns,51,Healthy,,,True,2025-11-19 09:23:06
Myles Harden,CB,CLE,Cleveland Browns,26,Healthy,,,True,2025-11-19 09:23:06
Shelby Harris,DT,CLE,Cleveland Browns,93,Healthy,,,True,2025-11-19 09:23:06
Ronnie Hickman,S,CLE,Cleveland Browns,33,Healthy,,,True,2025-11-19 09:23:06
Adin Huntington,DE,CLE,Cleveland Browns,98,Healthy,,,True,2025-11-19 09:23:06
Rayshawn Jenkins,S,CLE,Cleveland Browns,5,Healthy,,,True,2025-11-19 09:23:06
Easton Mascarenas-Arnold,LB,CLE,Cleveland Browns,42,Healthy,,,True,2025-11-19 09:23:06
Isaiah McGuire,DE,CLE,Cleveland Browns,57,Healthy,,,True,2025-11-19 09:23:06
Donovan McMillon,S,CLE,Cleveland Browns,31,Healthy,,,True,2025-11-19 09:23:06
Carson Schwesinger,LB,CLE,Cleveland Browns,49,Healthy,,,True,2025-11-19 09:23:06
Cameron Thomas,DE,CLE,Cleveland Browns,99,Healthy,,,True,2025-11-19 09:23:06
Denzel Ward,CB,CLE,Cleveland Browns,21,Healthy,,,True,2025-11-19 09:23:06
Alex Wright,DE,CLE,Cleveland Browns,91,Questionable,Unknown,,True,2025-11-19 09:23:06
Corey Bojorquez,P,CLE,Cleveland Browns,13,Healthy,,,True,2025-11-19 09:23:06
Rex Sunahara,LS,CLE,Cleveland Browns,50,Healthy,,,True,2025-11-19 09:23:06
Andre Szmyt,PK,CLE,Cleveland Browns,25,Healthy,,,True,2025-11-19 09:23:06
DeAndre Carter,WR,CLE,Cleveland Browns,2,Injured Reserve,Unknown,,False,2025-11-19 09:23:06
Martin Emerson Jr.,CB,CLE,Cleveland Browns,1,Injured Reserve,Unknown,,False,2025-11-19 09:23:06
Dawand Jones,OT,CLE,Cleveland Browns,79,Injured Reserve,Unknown,,False,2025-11-19 09:23:06
Dom Jones,CB,CLE,Cleveland Browns,37,Injured Reserve,Unknown,,False,2025-11-19 09:23:06
Anthony Kendall,CB,CLE,Cleveland Browns,44,Injured Reserve,Unknown,,False,2025-11-19 09:23:06
Justin Osborne,C,CLE,Cleveland Browns,62,Injured Reserve,Unknown,,False,2025-11-19 09:23:06
Jeremiah Owusu-Koramoah,LB,CLE,Cleveland Browns,6,Out,Unknown,,False,2025-11-19 09:23:06
Winston Reid,LB,CLE,Cleveland Browns,59,Injured Reserve,Unknown,,False,2025-11-19 09:23:06
Deshaun Watson,QB,CLE,Cleveland Browns,4,Out,Unknown,,False,2025-11-19 09:23:06
Nathaniel Watson,LB,CLE,Cleveland Browns,40,Injured Reserve,Unknown,,False,2025-11-19 09:23:06
Eugene Asante,LB,CLE,Cleveland Browns,36,Healthy,,,True,2025-11-19 09:23:06
Tre Avery,CB,CLE,Cleveland Browns,28,Healthy,,,True,2025-11-19 09:23:06
Sal Cannella,TE,CLE,Cleveland Browns,,Healthy,,,True,2025-11-19 09:23:06
Garrett Dellinger,G,CLE,Cleveland Browns,,Healthy,,,True,2025-11-19 09:23:06
Luke Floriea,WR,CLE,Cleveland Browns,37,Healthy,,,True,2025-11-19 09:23:06
KJ Henry,DE,CLE,Cleveland Browns,52,Healthy,,,True,2025-11-19 09:23:06
Sam Kamara,DT,CLE,Cleveland Browns,92,Healthy,,,True,2025-11-19 09:23:06
Ochaun Mathis,LB,CLE,Cleveland Browns,,Healthy,,,True,2025-11-19 09:23:06
Cameron McGrone,LB,CLE,Cleveland Browns,48,Questionable,Unknown,,True,2025-11-19 09:23:06
Thayer Munford Jr.,OT,CLE,Cleveland Browns,64,Healthy,,,True,2025-11-19 09:23:06
Julian Okwara,LB,CLE,Cleveland Browns,53,Healthy,,,True,2025-11-19 09:23:06
Tyre Phillips,OT,CLE,Cleveland Browns,,Healthy,,,True,2025-11-19 09:23:06
Caden Prieskorn,TE,CLE,Cleveland Browns,,Healthy,,,True,2025-11-19 09:23:06
Edefuan Ulofoshio,LB,CLE,Cleveland Browns,44,Healthy,,,True,2025-11-19 09:23:06
Dee Williams,CB,CLE,Cleveland Browns,,Healthy,,,True,2025-11-19 09:23:06
Bailey Zappe,QB,CLE,Cleveland Browns,11,Healthy,,,True,2025-11-19 09:23:06
Hakeem Adeniji,OT,DAL,Dallas Cowboys,75,Healthy,,,True,2025-11-19 09:23:06
T.J. Bass,G,DAL,Dallas Cowboys,66,Healthy,,,True,2025-11-19 09:23:06
Cooper Beebe,C,DAL,Dallas Cowboys,56,Healthy,,,True,2025-11-19 09:23:06
Jaydon Blue,RB,DAL,Dallas Cowboys,23,Healthy,,,True,2025-11-19 09:23:06
Tyler Booker,G,DAL,Dallas Cowboys,52,Healthy,,,True,2025-11-19 09:23:06
Jake Ferguson,TE,DAL,Dallas Cowboys,87,Healthy,,,True,2025-11-19 09:23:06
Ryan Flournoy,WR,DAL,Dallas Cowboys,19,Healthy,,,True,2025-11-19 09:23:06
Tyler Guyton,OT,DAL,Dallas Cowboys,60,Healthy,,,True,2025-11-19 09:23:06
Brock Hoffman,C,DAL,Dallas Cowboys,67,Healthy,,,True,2025-11-19 09:23:06
CeeDee Lamb,WR,DAL,Dallas Cowboys,88,Healthy,,,True,2025-11-19 09:23:06
Hunter Luepke,RB,DAL,Dallas Cowboys,40,Healthy,,,True,2025-11-19 09:23:06
Joe Milton III,QB,DAL,Dallas Cowboys,10,Healthy,,,True,2025-11-19 09:23:06
Jonathan Mingo,WR,DAL,Dallas Cowboys,81,Healthy,,,True,2025-11-19 09:23:06
George Pickens,WR,DAL,Dallas Cowboys,3,Healthy,,,True,2025-11-19 09:23:06
Dak Prescott,QB,DAL,Dallas Cowboys,4,Healthy,,,True,2025-11-19 09:23:06
Luke Schoonmaker,TE,DAL,Dallas Cowboys,86,Healthy,,,True,2025-11-19 09:23:06
Tyler Smith,G,DAL,Dallas Cowboys,73,Healthy,,,True,2025-11-19 09:23:06
Brevyn Spann-Ford,TE,DAL,Dallas Cowboys,89,Healthy,,,True,2025-11-19 09:23:06
Terence Steele,OT,DAL,Dallas Cowboys,78,Healthy,,,True,2025-11-19 09:23:06
Nate Thomas,OT,DAL,Dallas Cowboys,71,Healthy,,,True,2025-11-19 09:23:06
Jalen Tolbert,WR,DAL,Dallas Cowboys,1,Healthy,,,True,2025-11-19 09:23:06
KaVontae Turpin,WR,DAL,Dallas Cowboys,9,Healthy,,,True,2025-11-19 09:23:06
Javonte Williams,RB,DAL,Dallas Cowboys,33,Healthy,,,True,2025-11-19 09:23:06
Markquese Bell,S,DAL,Dallas Cowboys,14,Healthy,,,True,2025-11-19 09:23:06
DaRon Bland,CB,DAL,Dallas Cowboys,26,Healthy,,,True,2025-11-19 09:23:06
Trikweze Bridges,CB,DAL,Dallas Cowboys,25,Healthy,,,True,2025-11-19 09:23:06
Caelen Carson,CB,DAL,Dallas Cowboys,21,Healthy,,,True,2025-11-19 09:23:06
Alijah Clark,S,DAL,Dallas Cowboys,38,Healthy,,,True,2025-11-19 09:23:06
Kenny Clark,DT,DAL,Dallas Cowboys,95,Healthy,,,True,2025-11-19 09:23:06
Jadeveon Clowney,DE,DAL,Dallas Cowboys,42,Healthy,,,True,2025-11-19 09:23:06
Kaiir Elam,CB,DAL,Dallas Cowboys,20,Healthy,,,True,2025-11-19 09:23:06
Donovan Ezeiruaku,DE,DAL,Dallas Cowboys,41,Healthy,,,True,2025-11-19 09:23:06
Dante Fowler Jr.,DE,DAL,Dallas Cowboys,13,Healthy,,,True,2025-11-19 09:23:06
C.J. Goodwin,CB,DAL,Dallas Cowboys,29,Healthy,,,True,2025-11-19 09:23:06
Malik Hooker,S,DAL,Dallas Cowboys,28,Healthy,,,True,2025-11-19 09:23:06
James Houston,DE,DAL,Dallas Cowboys,53,Healthy,,,True,2025-11-19 09:23:06
Shemar James,LB,DAL,Dallas Cowboys,50,Healthy,,,True,2025-11-19 09:23:06
Marist Liufau,LB,DAL,Dallas Cowboys,35,Healthy,,,True,2025-11-19 09:23:06
Kenneth Murray Jr.,LB,DAL,Dallas Cowboys,59,Healthy,,,True,2025-11-19 09:23:06
Osa Odighizuwa,DT,DAL,Dallas Cowboys,97,Healthy,,,True,2025-11-19 09:23:06
DeMarvion Overshown,LB,DAL,Dallas Cowboys,0,Healthy,,,True,2025-11-19 09:23:06
Shavon Revel Jr.,CB,DAL,Dallas Cowboys,34,Healthy,,,True,2025-11-19 09:23:06
Reddy Steward,CB,DAL,Dallas Cowboys,27,Healthy,,,True,2025-11-19 09:23:06
Solomon Thomas,DT,DAL,Dallas Cowboys,90,Questionable,Unknown,,True,2025-11-19 09:23:06
Jay Toia,DT,DAL,Dallas Cowboys,93,Healthy,,,True,2025-11-19 09:23:06
Quinnen Williams,DT,DAL,Dallas Cowboys,92,Healthy,,,True,2025-11-19 09:23:06
Sam Williams,DE,DAL,Dallas Cowboys,54,Healthy,,,True,2025-11-19 09:23:06
Donovan Wilson,S,DAL,Dallas Cowboys,6,Healthy,,,True,2025-11-19 09:23:06
Logan Wilson,LB,DAL,Dallas Cowboys,55,Healthy,,,True,2025-11-19 09:23:06
Perrion Winfrey,DT,DAL,Dallas Cowboys,99,Healthy,,,True,2025-11-19 09:23:06
Bryan Anger,P,DAL,Dallas Cowboys,5,Healthy,,,True,2025-11-19 09:23:06
Brandon Aubrey,PK,DAL,Dallas Cowboys,17,Healthy,,,True,2025-11-19 09:23:06
Trent Sieg,LS,DAL,Dallas Cowboys,44,Healthy,,,True,2025-11-19 09:23:06
Josh Butler,CB,DAL,Dallas Cowboys,31,Out,Unknown,,False,2025-11-19 09:23:06
Ajani Cornelius,OT,DAL,Dallas Cowboys,69,Injured Reserve,Unknown,,False,2025-11-19 09:23:06
Trevon Diggs,CB,DAL,Dallas Cowboys,7,Injured Reserve,Unknown,,False,2025-11-19 09:23:06
Rob Jones,G,DAL,Dallas Cowboys,65,Injured Reserve,Unknown,,False,2025-11-19 09:23:06
Trevor Keegan,G,DAL,Dallas Cowboys,76,Injured Reserve,Unknown,,False,2025-11-19 09:23:06
Phil Mafah,RB,DAL,Dallas Cowboys,37,Injured Reserve,Unknown,,False,2025-11-19 09:23:06
Jack Sanborn,LB,DAL,Dallas Cowboys,57,Injured Reserve,Unknown,,False,2025-11-19 09:23:06
Miles Sanders,RB,DAL,Dallas Cowboys,24,Injured Reserve,Unknown,,False,2025-11-19 09:23:06
Juanyeh Thomas,S,DAL,Dallas Cowboys,2,Out,Unknown,,False,2025-11-19 09:23:06
Payton Turner,DE,DAL,Dallas Cowboys,98,Injured Reserve,Unknown,,False,2025-11-19 09:23:06
Corey Ballentine,CB,DAL,Dallas Cowboys,36,Healthy,,,True,2025-11-19 09:23:06
Justin Barron,LB,DAL,Dallas Cowboys,,Healthy,,,True,2025-11-19 09:23:06
Earnest Brown IV,DE,DAL,Dallas Cowboys,51,Healthy,,,True,2025-11-19 09:23:06
Parris Campbell,WR,DAL,Dallas Cowboys,11,Healthy,,,True,2025-11-19 09:23:06
Zion Childress,CB,DAL,Dallas Cowboys,48,Healthy,,,True,2025-11-19 09:23:06
Jalen Cropper,WR,DAL,Dallas Cowboys,16,Healthy,,,True,2025-11-19 09:23:06
Malik Davis,RB,DAL,Dallas Cowboys,21,Healthy,,,True,2025-11-19 09:23:06
Rivaldo Fairweather,TE,DAL,Dallas Cowboys,45,Healthy,,,True,2025-11-19 09:23:06
Princeton Fant,TE,DAL,Dallas Cowboys,85,Healthy,,,True,2025-11-19 09:23:06
Will Grier,QB,DAL,Dallas Cowboys,,Healthy,,,True,2025-11-19 09:23:06
Traeshon Holden,WR,DAL,Dallas Cowboys,7,Healthy,,,True,2025-11-19 09:23:06
Marcellus Johnson,OT,DAL,Dallas Cowboys,,Healthy,,,True,2025-11-19 09:23:06
Isaiah Land,LB,DAL,Dallas Cowboys,,Healthy,,,True,2025-11-19 09:23:06
Adedayo Odeleye,DB,DAL,Dallas Cowboys,,Healthy,,,True,2025-11-19 09:23:06
Robert Rochell,CB,DAL,Dallas Cowboys,30,Healthy,,,True,2025-11-19 09:23:06
Julius Wood,S,DAL,Dallas Cowboys,,Healthy,,,True,2025-11-19 09:23:06
Nate Adkins,TE,DEN,Denver Broncos,45,Out,Unknown,,False,2025-11-19 09:23:06
Tyler Badie,RB,DEN,Denver Broncos,28,Healthy,,,True,2025-11-19 09:23:06
Garett Bolles,OT,DEN,Denver Broncos,72,Healthy,,,True,2025-11-19 09:23:06
Pat Bryant,WR,DEN,Denver Broncos,13,Healthy,,,True,2025-11-19 09:23:06
Geron Christian,OT,DEN,Denver Broncos,75,Healthy,,,True,2025-11-19 09:23:06
Frank Crum,OT,DEN,Denver Broncos,73,Healthy,,,True,2025-11-19 09:23:06
Evan Engram,TE,DEN,Denver Broncos,1,Healthy,,,True,2025-11-19 09:23:06
Alex Forsyth,C,DEN,Denver Broncos,54,Healthy,,,True,2025-11-19 09:23:06
Troy Franklin,WR,DEN,Denver Broncos,11,Healthy,,,True,2025-11-19 09:23:06
RJ Harvey,RB,DEN,Denver Broncos,12,Healthy,,,True,2025-11-19 09:23:06
Lil'Jordan Humphrey,WR,DEN,Denver Broncos,17,Healthy,,,True,2025-11-19 09:23:06
Mike McGlinchey,OT,DEN,Denver Broncos,69,Healthy,,,True,2025-11-19 09:23:06
Jaleel McLaughlin,RB,DEN,Denver Broncos,38,Healthy,,,True,2025-11-19 09:23:06
Quinn Meinerz,G,DEN,Denver Broncos,77,Healthy,,,True,2025-11-19 09:23:06
Marvin Mims Jr.,WR,DEN,Denver Broncos,19,Healthy,,,True,2025-11-19 09:23:06
Bo Nix,QB,DEN,Denver Broncos,10,Healthy,,,True,2025-11-19 09:23:06
Alex Palczewski,OT,DEN,Denver Broncos,63,Healthy,,,True,2025-11-19 09:23:06
Adam Prentice,FB,DEN,Denver Broncos,46,Healthy,,,True,2025-11-19 09:23:06
Jarrett Stidham,QB,DEN,Denver Broncos,8,Healthy,,,True,2025-11-19 09:23:06
Courtland Sutton,WR,DEN,Denver Broncos,14,Healthy,,,True,2025-11-19 09:23:06
Calvin Throckmorton,G,DEN,Denver Broncos,76,Healthy,,,True,2025-11-19 09:23:06
Adam Trautman,TE,DEN,Denver Broncos,82,Healthy,,,True,2025-11-19 09:23:06
Luke Wattenberg,C,DEN,Denver Broncos,60,Healthy,,,True,2025-11-19 09:23:06
Kris Abrams-Draine,CB,DEN,Denver Broncos,31,Healthy,,,True,2025-11-19 09:23:06
Zach Allen,DE,DEN,Denver Broncos,99,Healthy,,,True,2025-11-19 09:23:06
Jahdae Barron,CB,DEN,Denver Broncos,23,Healthy,,,True,2025-11-19 09:23:06
Nik Bonitto,LB,DEN,Denver Broncos,15,Healthy,,,True,2025-11-19 09:23:06
Jonathon Cooper,LB,DEN,Denver Broncos,0,Healthy,,,True,2025-11-19 09:23:06
Jonah Elliss,LB,DEN,Denver Broncos,52,Out,Unknown,,False,2025-11-19 09:23:06
John Franklin-Myers,DE,DEN,Denver Broncos,98,Healthy,,,True,2025-11-19 09:23:06
Dre Greenlaw,LB,DEN,Denver Broncos,57,Healthy,,,True,2025-11-19 09:23:06
Talanoa Hufanga,S,DEN,Denver Broncos,9,Healthy,,,True,2025-11-19 09:23:06
Jordan Jackson,DT,DEN,Denver Broncos,94,Healthy,,,True,2025-11-19 09:23:06
Brandon Jones,S,DEN,Denver Broncos,22,Healthy,,,True,2025-11-19 09:23:06
D.J. Jones,DT,DEN,Denver Broncos,93,Healthy,,,True,2025-11-19 09:23:06
Sai'vion Jones,DE,DEN,Denver Broncos,95,Healthy,,,True,2025-11-19 09:23:06
Devon Key,S,DEN,Denver Broncos,26,Healthy,,,True,2025-11-19 09:23:06
P.J. Locke,S,DEN,Denver Broncos,6,Healthy,,,True,2025-11-19 09:23:06
Ja'Quan McMillian,CB,DEN,Denver Broncos,29,Healthy,,,True,2025-11-19 09:23:06
Riley Moss,CB,DEN,Denver Broncos,21,Healthy,,,True,2025-11-19 09:23:06
Malcolm Roach,DT,DEN,Denver Broncos,97,Healthy,,,True,2025-11-19 09:23:06
Que Robinson,LB,DEN,Denver Broncos,51,Healthy,,,True,2025-11-19 09:23:06
Alex Singleton,LB,DEN,Denver Broncos,49,Out,Unknown,,False,2025-11-19 09:23:06
JL Skinner,S,DEN,Denver Broncos,34,Healthy,,,True,2025-11-19 09:23:06
Justin Strnad,LB,DEN,Denver Broncos,40,Healthy,,,True,2025-11-19 09:23:06
Pat Surtain II,CB,DEN,Denver Broncos,2,Out,Unknown,,False,2025-11-19 09:23:06
Reese Taylor,CB,DEN,Denver Broncos,35,Healthy,,,True,2025-11-19 09:23:06
Dondrea Tillman,LB,DEN,Denver Broncos,92,Healthy,,,True,2025-11-19 09:23:06
Eyioma Uwazurike,DE,DEN,Denver Broncos,96,Healthy,,,True,2025-11-19 09:23:06
Garret Wallow,LB,DEN,Denver Broncos,50,Healthy,,,True,2025-11-19 09:23:06
Jeremy Crawshaw,P,DEN,Denver Broncos,16,Healthy,,,True,2025-11-19 09:23:06
Mitchell Fraboni,LS,DEN,Denver Broncos,48,Healthy,,,True,2025-11-19 09:23:06
Wil Lutz,PK,DEN,Denver Broncos,3,Healthy,,,True,2025-11-19 09:23:06
Michael Burton,FB,DEN,Denver Broncos,20,Injured Reserve,Unknown,,False,2025-11-19 09:23:06
J.K. Dobbins,RB,DEN,Denver Broncos,27,Injured Reserve,Unknown,,False,2025-11-19 09:23:06
Nick Gargiulo,G,DEN,Denver Broncos,66,Injured Reserve,Unknown,,False,2025-11-19 09:23:06
Matt Henningsen,DE,DEN,Denver Broncos,91,Injured Reserve,Unknown,,False,2025-11-19 09:23:06
Lucas Krull,TE,DEN,Denver Broncos,85,Injured Reserve,Unknown,,False,2025-11-19 09:23:06
Matt Peart,OT,DEN,Denver Broncos,79,Injured Reserve,Unknown,,False,2025-11-19 09:23:06
Ben Powers,G,DEN,Denver Broncos,74,Injured Reserve,Unknown,,False,2025-11-19 09:23:06
Karene Reid,LB,DEN,Denver Broncos,47,Injured Reserve,Unknown,,False,2025-11-19 09:23:06
Drew Sanders,LB,DEN,Denver Broncos,41,Injured Reserve,Unknown,,False,2025-11-19 09:23:06
Johnny Walker Jr.,LB,DEN,Denver Broncos,59,Injured Reserve,Unknown,,False,2025-11-19 09:23:06
Levelle Bailey,LB,DEN,Denver Broncos,56,Healthy,,,True,2025-11-19 09:23:06
Michael Bandy,WR,DEN,Denver Broncos,83,Healthy,,,True,2025-11-19 09:23:06
Sam Ehlinger,QB,DEN,Denver Broncos,4,Healthy,,,True,2025-11-19 09:23:06
Marcedes Lewis,TE,DEN,Denver Broncos,89,Healthy,,,True,2025-11-19 09:23:06
Caleb Lohner,TE,DEN,Denver Broncos,84,Healthy,,,True,2025-11-19 09:23:06
Joe Michalski,C,DEN,Denver Broncos,,Healthy,,,True,2025-11-19 09:23:06
Jordan Miller,DT,DEN,Denver Broncos,90,Healthy,,,True,2025-11-19 09:23:06
Patrick Murtagh,TE,DEN,Denver Broncos,,Healthy,,,True,2025-11-19 09:23:06
Garrett Nelson,DE,DEN,Denver Broncos,,Healthy,,,True,2025-11-19 09:23:06
A.T. Perry,WR,DEN,Denver Broncos,87,Healthy,,,True,2025-11-19 09:23:06
Jaden Robinson,CB,DEN,Denver Broncos,33,Healthy,,,True,2025-11-19 09:23:06
Kyrese Rowan,WR,DEN,Denver Broncos,39,Healthy,,,True,2025-11-19 09:23:06
Keidron Smith,S,DEN,Denver Broncos,,Healthy,,,True,2025-11-19 09:23:06
Jordan Turner,LB,DEN,Denver Broncos,55,Healthy,,,True,2025-11-19 09:23:06
Delarrin Turner-Yell,S,DEN,Denver Broncos,,Healthy,,,True,2025-11-19 09:23:06
Deuce Vaughn,RB,DEN,Denver Broncos,,Healthy,,,True,2025-11-19 09:23:06
Kyle Allen,QB,DET,Detroit Lions,8,Healthy,,,True,2025-11-19 09:23:06
Kayode Awosika,G,DET,Detroit Lions,74,Healthy,,,True,2025-11-19 09:23:06
Trystan Colon,C,DET,Detroit Lions,57,Healthy,,,True,2025-11-19 09:23:06
Taylor Decker,OT,DET,Detroit Lions,68,Healthy,,,True,2025-11-19 09:23:06
Ross Dwelley,TE,DET,Detroit Lions,82,Healthy,,,True,2025-11-19 09:23:06
Jahmyr Gibbs,RB,DET,Detroit Lions,0,Healthy,,,True,2025-11-19 09:23:06
Graham Glasgow,G,DET,Detroit Lions,60,Healthy,,,True,2025-11-19 09:23:06
Jared Goff,QB,DET,Detroit Lions,16,Healthy,,,True,2025-11-19 09:23:06
Justin Jackson,RB,DET,Detroit Lions,38,Healthy,,,True,2025-11-19 09:23:06
Dominic Lovett,WR,DET,Detroit Lions,19,Healthy,,,True,2025-11-19 09:23:06
David Montgomery,RB,DET,Detroit Lions,5,Healthy,,,True,2025-11-19 09:23:06
Michael Niese,G,DET,Detroit Lions,62,Healthy,,,True,2025-11-19 09:23:06
Tate Ratledge,G,DET,Detroit Lions,69,Healthy,,,True,2025-11-19 09:23:06
Kalif Raymond,WR,DET,Detroit Lions,11,Questionable,Unknown,,True,2025-11-19 09:23:06
Craig Reynolds,RB,DET,Detroit Lions,13,Healthy,,,True,2025-11-19 09:23:06
Jacob Saylors,RB,DET,Detroit Lions,25,Healthy,,,True,2025-11-19 09:23:06
Penei Sewell,OT,DET,Detroit Lions,58,Healthy,,,True,2025-11-19 09:23:06
Dan Skipper,OT,DET,Detroit Lions,70,Healthy,,,True,2025-11-19 09:23:06
Amon-Ra St. Brown,WR,DET,Detroit Lions,14,Healthy,,,True,2025-11-19 09:23:06
Isaac TeSlaa,WR,DET,Detroit Lions,18,Healthy,,,True,2025-11-19 09:23:06
Sione Vaki,RB,DET,Detroit Lions,33,Healthy,,,True,2025-11-19 09:23:06
Jameson Williams,WR,DET,Detroit Lions,1,Healthy,,,True,2025-11-19 09:23:06
Brock Wright,TE,DET,Detroit Lions,89,Healthy,,,True,2025-11-19 09:23:06
Alex Anzalone,LB,DET,Detroit Lions,34,Healthy,,,True,2025-11-19 09:23:06
Terrion Arnold,CB,DET,Detroit Lions,6,Questionable,Unknown,,True,2025-11-19 09:23:06
Derrick Barnes,LB,DET,Detroit Lions,55,Healthy,,,True,2025-11-19 09:23:06
Brian Branch,S,DET,Detroit Lions,32,Healthy,,,True,2025-11-19 09:23:06
Jack Campbell,LB,DET,Detroit Lions,46,Healthy,,,True,2025-11-19 09:23:06
Erick Hallett,S,DET,Detroit Lions,36,Healthy,,,True,2025-11-19 09:23:06
Thomas Harper,S,DET,Detroit Lions,12,Healthy,,,True,2025-11-19 09:23:06
Aidan Hutchinson,DE,DET,Detroit Lions,97,Healthy,,,True,2025-11-19 09:23:06
Quinton Jefferson,DT,DET,Detroit Lions,79,Healthy,,,True,2025-11-19 09:23:06
Kerby Joseph,S,DET,Detroit Lions,31,Questionable,Unknown,,True,2025-11-19 09:23:06
Tyler Lacy,DT,DET,Detroit Lions,78,Healthy,,,True,2025-11-19 09:23:06
Roy Lopez,DT,DET,Detroit Lions,51,Healthy,,,True,2025-11-19 09:23:06
Avonte Maddox,CB,DET,Detroit Lions,29,Healthy,,,True,2025-11-19 09:23:06
Arthur Maulet,CB,DET,Detroit Lions,27,Healthy,,,True,2025-11-19 09:23:06
Alim McNeill,DT,DET,Detroit Lions,54,Healthy,,,True,2025-11-19 09:23:06
Al-Quadin Muhammad,LB,DET,Detroit Lions,96,Healthy,,,True,2025-11-19 09:23:06
Trevor Nowaske,LB,DET,Detroit Lions,53,Healthy,,,True,2025-11-19 09:23:06
DJ Reader,DT,DET,Detroit Lions,98,Healthy,,,True,2025-11-19 09:23:06
Amik Robertson,CB,DET,Detroit Lions,21,Healthy,,,True,2025-11-19 09:23:06
Malcolm Rodriguez,LB,DET,Detroit Lions,44,Healthy,,,True,2025-11-19 09:23:06
Grant Stuard,LB,DET,Detroit Lions,15,Healthy,,,True,2025-11-19 09:23:06
Ty Summers,LB,DET,Detroit Lions,42,Healthy,,,True,2025-11-19 09:23:06
Daniel Thomas,S,DET,Detroit Lions,2,Healthy,,,True,2025-11-19 09:23:06
Tyrus Wheat,DE,DET,Detroit Lions,99,Healthy,,,True,2025-11-19 09:23:06
Nick Whiteside,CB,DET,Detroit Lions,38,Healthy,,,True,2025-11-19 09:23:06
Tyleik Williams,DT,DET,Detroit Lions,91,Healthy,,,True,2025-11-19 09:23:06
Mekhi Wingo,DT,DET,Detroit Lions,94,Healthy,,,True,2025-11-19 09:23:06
Rock Ya-Sin,CB,DET,Detroit Lions,23,Healthy,,,True,2025-11-19 09:23:06
Jake Bates,PK,DET,Detroit Lions,39,Healthy,,,True,2025-11-19 09:23:06
Jack Fox,P,DET,Detroit Lions,3,Healthy,,,True,2025-11-19 09:23:06
Hogan Hatten,LS,DET,Detroit Lions,49,Healthy,,,True,2025-11-19 09:23:06
Zach Cunningham,LB,DET,Detroit Lions,52,Injured Reserve,Unknown,,False,2025-11-19 09:23:06
Marcus Davenport,DE,DET,Detroit Lions,92,Injured Reserve,Unknown,,False,2025-11-19 09:23:06
Khalil Dorsey,CB,DET,Detroit Lions,30,Injured Reserve,Unknown,,False,2025-11-19 09:23:06
Miles Frazier,G,DET,Detroit Lions,71,Out,Unknown,,False,2025-11-19 09:23:06
Dan Jackson,S,DET,Detroit Lions,28,Injured Reserve,Unknown,,False,2025-11-19 09:23:06
Jamarco Jones,OT,DET,Detroit Lions,72,Injured Reserve,Unknown,,False,2025-11-19 09:23:06
Sam LaPorta,TE,DET,Detroit Lions,87,Injured Reserve,Unknown,,False,2025-11-19 09:23:06
Christian Mahogany,G,DET,Detroit Lions,73,Injured Reserve,Unknown,,False,2025-11-19 09:23:06
Giovanni Manu,OT,DET,Detroit Lions,59,Injured Reserve,Unknown,,False,2025-11-19 09:23:06
Levi Onwuzurike,DE,DET,Detroit Lions,78,Out,Unknown,,False,2025-11-19 09:23:06
Josh Paschal,DE,DET,Detroit Lions,93,Out,Unknown,,False,2025-11-19 09:23:06
Ennis Rakestraw Jr.,CB,DET,Detroit Lions,9,Injured Reserve,Unknown,,False,2025-11-19 09:23:06
D.J. Reed,CB,DET,Detroit Lions,4,Injured Reserve,Unknown,,False,2025-11-19 09:23:06
Kye Robichaux,RB,DET,Detroit Lions,25,Injured Reserve,Unknown,,False,2025-11-19 09:23:06
Colby Sorsdal,OT,DET,Detroit Lions,75,Injured Reserve,Unknown,,False,2025-11-19 09:23:06
Ezekiel Turner,LB,DET,Detroit Lions,47,Injured Reserve,Unknown,,False,2025-11-19 09:23:06
Shane Zylstra,TE,DET,Detroit Lions,84,Injured Reserve,Unknown,,False,2025-11-19 09:23:06
Myles Adams,DE,DET,Detroit Lions,,Healthy,,,True,2025-11-19 09:23:06
C.J. Beathard,QB,DET,Detroit Lions,17,Healthy,,,True,2025-11-19 09:23:06
Devin Cochran,OT,DET,Detroit Lions,77,Healthy,,,True,2025-11-19 09:23:06
Malik Cunningham,WR,DET,Detroit Lions,,Healthy,,,True,2025-11-19 09:23:06
Kingsley Eguakun,C,DET,Detroit Lions,65,Healthy,,,True,2025-11-19 09:23:06
Anthony Firkser,TE,DET,Detroit Lions,,Healthy,,,True,2025-11-19 09:23:06
Tre Flowers,CB,DET,Detroit Lions,26,Healthy,,,True,2025-11-19 09:23:06
Ahmed Hassanein,DE,DET,Detroit Lions,61,Healthy,,,True,2025-11-19 09:23:06
Zach Horton,TE,DET,Detroit Lions,40,Healthy,,,True,2025-11-19 09:23:06
Chris Hubbard,G,DET,Detroit Lions,70,Healthy,,,True,2025-11-19 09:23:06
Tom Kennedy,WR,DET,Detroit Lions,85,Healthy,,,True,2025-11-19 09:23:06
Jackson Meeks,WR,DET,Detroit Lions,83,Healthy,,,True,2025-11-19 09:23:06
Mason Miller,OT,DET,Detroit Lions,63,Healthy,,,True,2025-11-19 09:23:06
Netane Muti,G,DET,Detroit Lions,52,Healthy,,,True,2025-11-19 09:23:06
Chris Smith,DT,DET,Detroit Lions,90,Healthy,,,True,2025-11-19 09:23:06
Loren Strickland,S,DET,Detroit Lions,24,Healthy,,,True,2025-11-19 09:23:06
Aaron Banks,G,GB,Green Bay Packers,65,Healthy,,,True,2025-11-19 09:23:06
Anthony Belton,OT,GB,Green Bay Packers,71,Healthy,,,True,2025-11-19 09:23:06
Chris Brooks,RB,GB,Green Bay Packers,30,Healthy,,,True,2025-11-19 09:23:06
Romeo Doubs,WR,GB,Green Bay Packers,87,Healthy,,,True,2025-11-19 09:23:06
John FitzPatrick,TE,GB,Green Bay Packers,86,Healthy,,,True,2025-11-19 09:23:06
Matthew Golden,WR,GB,Green Bay Packers,0,Healthy,,,True,2025-11-19 09:23:06
Malik Heath,WR,GB,Green Bay Packers,18,Healthy,,,True,2025-11-19 09:23:06
Josh Jacobs,RB,GB,Green Bay Packers,8,Questionable,Unknown,,True,2025-11-19 09:23:06
Donovan Jennings,G,GB,Green Bay Packers,67,Healthy,,,True,2025-11-19 09:23:06
Darian Kinnard,OT,GB,Green Bay Packers,70,Healthy,,,True,2025-11-19 09:23:06
Jordan Love,QB,GB,Green Bay Packers,10,Healthy,,,True,2025-11-19 09:23:06
Jacob Monk,C,GB,Green Bay Packers,62,Healthy,,,True,2025-11-19 09:23:06
Jordan Morgan,OT,GB,Green Bay Packers,77,Healthy,,,True,2025-11-19 09:23:06
Luke Musgrave,TE,GB,Green Bay Packers,88,Healthy,,,True,2025-11-19 09:23:06
Sean Rhyan,G,GB,Green Bay Packers,75,Healthy,,,True,2025-11-19 09:23:06
Zach Tom,OT,GB,Green Bay Packers,50,Healthy,,,True,2025-11-19 09:23:06
Rasheed Walker,OT,GB,Green Bay Packers,63,Healthy,,,True,2025-11-19 09:23:06
Christian Watson,WR,GB,Green Bay Packers,9,Healthy,,,True,2025-11-19 09:23:06
Josh Whyle,TE,GB,Green Bay Packers,81,Healthy,,,True,2025-11-19 09:23:06
Dontayvion Wicks,WR,GB,Green Bay Packers,13,Healthy,,,True,2025-11-19 09:23:06
Savion Williams,WR,GB,Green Bay Packers,83,Healthy,,,True,2025-11-19 09:23:06
Malik Willis,QB,GB,Green Bay Packers,2,Healthy,,,True,2025-11-19 09:23:06
Emanuel Wilson,RB,GB,Green Bay Packers,23,Healthy,,,True,2025-11-19 09:23:06
Zayne Anderson,S,GB,Green Bay Packers,39,Healthy,,,True,2025-11-19 09:23:06
Warren Brinson,DT,GB,Green Bay Packers,91,Healthy,,,True,2025-11-19 09:23:06
Karl Brooks,DE,GB,Green Bay Packers,94,Healthy,,,True,2025-11-19 09:23:06
Javon Bullard,S,GB,Green Bay Packers,20,Healthy,,,True,2025-11-19 09:23:06
Edgerrin Cooper,LB,GB,Green Bay Packers,56,Healthy,,,True,2025-11-19 09:23:06
Kingsley Enagbare,DE,GB,Green Bay Packers,55,Healthy,,,True,2025-11-19 09:23:06
Rashan Gary,DE,GB,Green Bay Packers,52,Healthy,,,True,2025-11-19 09:23:06
Kamal Hadden,CB,GB,Green Bay Packers,36,Healthy,,,True,2025-11-19 09:23:06
Nate Hobbs,CB,GB,Green Bay Packers,21,Questionable,Unknown,,True,2025-11-19 09:23:06
Ty'Ron Hopper,LB,GB,Green Bay Packers,59,Healthy,,,True,2025-11-19 09:23:06
Isaiah McDuffie,LB,GB,Green Bay Packers,58,Healthy,,,True,2025-11-19 09:23:06
Xavier McKinney,S,GB,Green Bay Packers,29,Healthy,,,True,2025-11-19 09:23:06
Bo Melton,CB,GB,Green Bay Packers,16,Healthy,,,True,2025-11-19 09:23:06
Arron Mosby,DE,GB,Green Bay Packers,53,Healthy,,,True,2025-11-19 09:23:06
Keisean Nixon,CB,GB,Green Bay Packers,25,Healthy,,,True,2025-11-19 09:23:06
Kitan Oladapo,S,GB,Green Bay Packers,27,Healthy,,,True,2025-11-19 09:23:06
Micah Parsons,DE,GB,Green Bay Packers,1,Healthy,,,True,2025-11-19 09:23:06
Barryn Sorrell,DE,GB,Green Bay Packers,99,Healthy,,,True,2025-11-19 09:23:06
Nazir Stackhouse,DT,GB,Green Bay Packers,93,Healthy,,,True,2025-11-19 09:23:06
Carrington Valentine,CB,GB,Green Bay Packers,24,Healthy,,,True,2025-11-19 09:23:06
Lukas Van Ness,DE,GB,Green Bay Packers,90,Questionable,Unknown,,True,2025-11-19 09:23:06
Quay Walker,LB,GB,Green Bay Packers,7,Questionable,Unknown,,True,2025-11-19 09:23:06
Kristian Welch,LB,GB,Green Bay Packers,54,Healthy,,,True,2025-11-19 09:23:06
Evan Williams,S,GB,Green Bay Packers,33,Healthy,,,True,2025-11-19 09:23:06
Colby Wooden,DT,GB,Green Bay Packers,96,Healthy,,,True,2025-11-19 09:23:06
Devonte Wyatt,DT,GB,Green Bay Packers,95,Healthy,,,True,2025-11-19 09:23:06
Lucas Havrisik,PK,GB,Green Bay Packers,35,Healthy,,,True,2025-11-19 09:23:06
Brandon McManus,PK,GB,Green Bay Packers,17,Questionable,Unknown,,True,2025-11-19 09:23:06
Matt Orzech,LS,GB,Green Bay Packers,42,Healthy,,,True,2025-11-19 09:23:06
Daniel Whelan,P,GB,Green Bay Packers,19,Healthy,,,True,2025-11-19 09:23:06
Brenton Cox Jr.,DE,GB,Green Bay Packers,57,Injured Reserve,Unknown,,False,2025-11-19 09:23:06
Travis Glover,OT,GB,Green Bay Packers,79,Injured Reserve,Unknown,,False,2025-11-19 09:23:06
Elgton Jenkins,G,GB,Green Bay Packers,74,Injured Reserve,Unknown,,False,2025-11-19 09:23:06
Tucker Kraft,TE,GB,Green Bay Packers,85,Injured Reserve,Unknown,,False,2025-11-19 09:23:06
MarShawn Lloyd,RB,GB,Green Bay Packers,32,Injured Reserve,Unknown,,False,2025-11-19 09:23:06
Nick Niemann,LB,GB,Green Bay Packers,31,Injured Reserve,Unknown,,False,2025-11-19 09:23:06
Collin Oliver,DE,GB,Green Bay Packers,45,Out,Unknown,,False,2025-11-19 09:23:06
Jayden Reed,WR,GB,Green Bay Packers,11,Injured Reserve,Unknown,,False,2025-11-19 09:23:06
John Williams,G,GB,Green Bay Packers,73,Out,Unknown,,False,2025-11-19 09:23:06
Johnathan Baldwin,CB,GB,Green Bay Packers,37,Healthy,,,True,2025-11-19 09:23:06
Brant Banks,OT,GB,Green Bay Packers,76,Healthy,,,True,2025-11-19 09:23:06
Dante Barnett,DT,GB,Green Bay Packers,69,Healthy,,,True,2025-11-19 09:23:06
McCallan Castles,TE,GB,Green Bay Packers,,Healthy,,,True,2025-11-19 09:23:06
Dalton Cooper,OT,GB,Green Bay Packers,,Healthy,,,True,2025-11-19 09:23:06
Drake Dabney,TE,GB,Green Bay Packers,,Healthy,,,True,2025-11-19 09:23:06
James Ester,DT,GB,Green Bay Packers,98,Healthy,,,True,2025-11-19 09:23:06
Tyron Herring,CB,GB,Green Bay Packers,46,Healthy,,,True,2025-11-19 09:23:06
Jamon Johnson,LB,GB,Green Bay Packers,48,Healthy,,,True,2025-11-19 09:23:06
Jakobie Keeney-James,WR,GB,Green Bay Packers,,Healthy,,,True,2025-11-19 09:23:06
Isaiah Neyor,WR,GB,Green Bay Packers,80,Healthy,,,True,2025-11-19 09:23:06
Will Sheppard,WR,GB,Green Bay Packers,82,Healthy,,,True,2025-11-19 09:23:06
Jaylin Simpson,S,GB,Green Bay Packers,38,Healthy,,,True,2025-11-19 09:23:06
Lecitus Smith,G,GB,Green Bay Packers,68,Healthy,,,True,2025-11-19 09:23:06
Pierre Strong Jr.,RB,GB,Green Bay Packers,22,Healthy,,,True,2025-11-19 09:23:06
Clayton Tune,QB,GB,Green Bay Packers,,Healthy,,,True,2025-11-19 09:23:06
Michael Woods II,WR,GB,Green Bay Packers,,Healthy,,,True,2025-11-19 09:23:06
Jake Andrews,C,HOU,Houston Texans,60,Healthy,,,True,2025-11-19 09:23:06
Braxton Berrios,WR,HOU,Houston Texans,17,Healthy,,,True,2025-11-19 09:23:06
British Brooks,RB,HOU,Houston Texans,44,Healthy,,,True,2025-11-19 09:23:06
Trent Brown,OT,HOU,Houston Texans,77,Questionable,Unknown,,True,2025-11-19 09:23:06
Nick Chubb,RB,HOU,Houston Texans,21,Healthy,,,True,2025-11-19 09:23:06
Nico Collins,WR,HOU,Houston Texans,12,Healthy,,,True,2025-11-19 09:23:06
Aireontae Ersery,OT,HOU,Houston Texans,79,Healthy,,,True,2025-11-19 09:23:06
Blake Fisher,OT,HOU,Houston Texans,57,Healthy,,,True,2025-11-19 09:23:06
Jayden Higgins,WR,HOU,Houston Texans,81,Healthy,,,True,2025-11-19 09:23:06
Tytus Howard,OT,HOU,Houston Texans,71,Questionable,Unknown,,True,2025-11-19 09:23:06
Xavier Hutchinson,WR,HOU,Houston Texans,19,Healthy,,,True,2025-11-19 09:23:06
Ed Ingram,G,HOU,Houston Texans,69,Healthy,,,True,2025-11-19 09:23:06
Jakob Johnson,FB,HOU,Houston Texans,43,Healthy,,,True,2025-11-19 09:23:06
Jarrett Kingston,G,HOU,Houston Texans,63,Healthy,,,True,2025-11-19 09:23:06
Christian Kirk,WR,HOU,Houston Texans,13,Healthy,,,True,2025-11-19 09:23:06
Woody Marks,RB,HOU,Houston Texans,27,Healthy,,,True,2025-11-19 09:23:06
Graham Mertz,QB,HOU,Houston Texans,18,Healthy,,,True,2025-11-19 09:23:06
Davis Mills,QB,HOU,Houston Texans,10,Healthy,,,True,2025-11-19 09:23:06
Jaylin Noel,WR,HOU,Houston Texans,14,Healthy,,,True,2025-11-19 09:23:06
Dare Ogunbowale,RB,HOU,Houston Texans,33,Healthy,,,True,2025-11-19 09:23:06
Jarrett Patterson,C,HOU,Houston Texans,54,Healthy,,,True,2025-11-19 09:23:06
Dameon Pierce,RB,HOU,Houston Texans,31,Healthy,,,True,2025-11-19 09:23:06
Dalton Schultz,TE,HOU,Houston Texans,86,Healthy,,,True,2025-11-19 09:23:06
Juice Scruggs,C,HOU,Houston Texans,70,Healthy,,,True,2025-11-19 09:23:06
Cade Stover,TE,HOU,Houston Texans,87,Healthy,,,True,2025-11-19 09:23:06
C.J. Stroud,QB,HOU,Houston Texans,7,Out,Unknown,,False,2025-11-19 09:23:06
Laken Tomlinson,G,HOU,Houston Texans,75,Healthy,,,True,2025-11-19 09:23:06
Azeez Al-Shaair,LB,HOU,Houston Texans,0,Questionable,Unknown,,True,2025-11-19 09:23:06
Will Anderson Jr.,DE,HOU,Houston Texans,51,Questionable,Unknown,,True,2025-11-19 09:23:06
Denico Autry,DE,HOU,Houston Texans,96,Questionable,Unknown,,True,2025-11-19 09:23:06
Derek Barnett,DE,HOU,Houston Texans,95,Healthy,,,True,2025-11-19 09:23:06
Myles Bryant,CB,HOU,Houston Texans,25,Healthy,,,True,2025-11-19 09:23:06
Calen Bullock,S,HOU,Houston Texans,2,Healthy,,,True,2025-11-19 09:23:06
Mario Edwards Jr.,DT,HOU,Houston Texans,97,Healthy,,,True,2025-11-19 09:23:06
Jake Hansen,LB,HOU,Houston Texans,35,Healthy,,,True,2025-11-19 09:23:06
Christian Harris,LB,HOU,Houston Texans,48,Healthy,,,True,2025-11-19 09:23:06
Jamal Hill,LB,HOU,Houston Texans,56,Questionable,Unknown,,True,2025-11-19 09:23:06
Dylan Horton,DE,HOU,Houston Texans,92,Healthy,,,True,2025-11-19 09:23:06
Danielle Hunter,DE,HOU,Houston Texans,55,Healthy,,,True,2025-11-19 09:23:06
Kamari Lassiter,CB,HOU,Houston Texans,4,Healthy,,,True,2025-11-19 09:23:06
Jalen Pitre,S,HOU,Houston Texans,5,Out,Unknown,,False,2025-11-19 09:23:06
Sheldon Rankins,DT,HOU,Houston Texans,90,Healthy,,,True,2025-11-19 09:23:06
Jaylen Reed,S,HOU,Houston Texans,23,Healthy,,,True,2025-11-19 09:23:06
Tim Settle Jr.,DT,HOU,Houston Texans,98,Healthy,,,True,2025-11-19 09:23:06
Tremon Smith,CB,HOU,Houston Texans,11,Healthy,,,True,2025-11-19 09:23:06
E.J. Speed,LB,HOU,Houston Texans,45,Healthy,,,True,2025-11-19 09:23:06
Derek Stingley Jr.,CB,HOU,Houston Texans,24,Healthy,,,True,2025-11-19 09:23:06
Henry To'oTo'o,LB,HOU,Houston Texans,39,Healthy,,,True,2025-11-19 09:23:06
Tommy Togiai,DT,HOU,Houston Texans,72,Healthy,,,True,2025-11-19 09:23:06
Austin Brinkman,LS,HOU,Houston Texans,40,Healthy,,,True,2025-11-19 09:23:06
Ka'imi Fairbairn,PK,HOU,Houston Texans,15,Healthy,,,True,2025-11-19 09:23:06
Tommy Townsend,P,HOU,Houston Texans,6,Healthy,,,True,2025-11-19 09:23:06
Matthew Wright,PK,HOU,Houston Texans,42,Healthy,,,True,2025-11-19 09:23:06
Harrison Bryant,TE,HOU,Houston Texans,88,Injured Reserve,Unknown,,False,2025-11-19 09:23:06
Tank Dell,WR,HOU,Houston Texans,3,Out,Unknown,,False,2025-11-19 09:23:06
Folorunso Fatukasi,DT,HOU,Houston Texans,91,Injured Reserve,Unknown,,False,2025-11-19 09:23:06
Kyonte Hamilton,DT,HOU,Houston Texans,58,Injured Reserve,Unknown,,False,2025-11-19 09:23:06
Kurt Hinish,DT,HOU,Houston Texans,93,Out,Unknown,,False,2025-11-19 09:23:06
Brevin Jordan,TE,HOU,Houston Texans,9,Injured Reserve,Unknown,,False,2025-11-19 09:23:06
Joe Mixon,RB,HOU,Houston Texans,28,Out,Unknown,,False,2025-11-19 09:23:06
Jaylin Smith,CB,HOU,Houston Texans,22,Injured Reserve,Unknown,,False,2025-11-19 09:23:06
M.J. Stewart,S,HOU,Houston Texans,29,Injured Reserve,Unknown,,False,2025-11-19 09:23:06
Darrell Taylor,DE,HOU,Houston Texans,52,Injured Reserve,Unknown,,False,2025-11-19 09:23:06
Jimmie Ward,S,HOU,Houston Texans,20,Out,Unknown,,False,2025-11-19 09:23:06
Justin Watson,WR,HOU,Houston Texans,84,Injured Reserve,Unknown,,False,2025-11-19 09:23:06
Solomon Byrd,DE,HOU,Houston Texans,,Healthy,,,True,2025-11-19 09:23:06
Ajani Carter,CB,HOU,Houston Texans,34,Healthy,,,True,2025-11-19 09:23:06
Quintez Cephus,WR,HOU,Houston Texans,14,Healthy,,,True,2025-11-19 09:23:06
Eli Cox,C,HOU,Houston Texans,,Healthy,,,True,2025-11-19 09:23:06
Marlon Davidson,DT,HOU,Houston Texans,90,Healthy,,,True,2025-11-19 09:23:06
Alijah Huzzie,CB,HOU,Houston Texans,36,Healthy,,,True,2025-11-19 09:23:06
Jawhar Jordan,RB,HOU,Houston Texans,,Healthy,,,True,2025-11-19 09:23:06
Josh Kelly,WR,HOU,Houston Texans,,Healthy,,,True,2025-11-19 09:23:06
Luke Lachey,TE,HOU,Houston Texans,42,Healthy,,,True,2025-11-19 09:23:06
Jalen Mills,S,HOU,Houston Texans,30,Healthy,,,True,2025-11-19 09:23:06
Haggai Ndubuisi,DT,HOU,Houston Texans,,Healthy,,,True,2025-11-19 09:23:06
Layne Pryor,TE,HOU,Houston Texans,,Healthy,,,True,2025-11-19 09:23:06
D'Angelo Ross,CB,HOU,Houston Texans,37,Healthy,,,True,2025-11-19 09:23:06
Sidy Sow,G,HOU,Houston Texans,,Healthy,,,True,2025-11-19 09:23:06
Junior Tafuna,DT,HOU,Houston Texans,,Healthy,,,True,2025-11-19 09:23:06
K'Von Wallace,S,HOU,Houston Texans,,Healthy,,,True,2025-11-19 09:23:06
Jared Wayne,WR,HOU,Houston Texans,89,Healthy,,,True,2025-11-19 09:23:06
Jackson Woodard,LB,HOU,Houston Texans,46,Healthy,,,True,2025-11-19 09:23:06
Ameer Abdullah,RB,IND,Indianapolis Colts,26,Healthy,,,True,2025-11-19 09:23:06
Mo Alie-Cox,TE,IND,Indianapolis Colts,81,Healthy,,,True,2025-11-19 09:23:06
Tanor Bortolini,C,IND,Indianapolis Colts,60,Healthy,,,True,2025-11-19 09:23:06
Josh Downs,WR,IND,Indianapolis Colts,2,Healthy,,,True,2025-11-19 09:23:06
Ashton Dulin,WR,IND,Indianapolis Colts,16,Healthy,,,True,2025-11-19 09:23:06
DJ Giddens,RB,IND,Indianapolis Colts,21,Healthy,,,True,2025-11-19 09:23:06
Matt Goncalves,G,IND,Indianapolis Colts,71,Healthy,,,True,2025-11-19 09:23:06
Tyler Goodson,RB,IND,Indianapolis Colts,31,Healthy,,,True,2025-11-19 09:23:06
Anthony Gould,WR,IND,Indianapolis Colts,6,Questionable,Unknown,,True,2025-11-19 09:23:06
Daniel Jones,QB,IND,Indianapolis Colts,17,Healthy,,,True,2025-11-19 09:23:06
Riley Leonard,QB,IND,Indianapolis Colts,15,Healthy,,,True,2025-11-19 09:23:06
Will Mallory,TE,IND,Indianapolis Colts,86,Healthy,,,True,2025-11-19 09:23:06
Quenton Nelson,G,IND,Indianapolis Colts,56,Healthy,,,True,2025-11-19 09:23:06
Drew Ogletree,TE,IND,Indianapolis Colts,85,Healthy,,,True,2025-11-19 09:23:06
Alec Pierce,WR,IND,Indianapolis Colts,14,Healthy,,,True,2025-11-19 09:23:06
Danny Pinter,C,IND,Indianapolis Colts,63,Healthy,,,True,2025-11-19 09:23:06
Michael Pittman Jr.,WR,IND,Indianapolis Colts,11,Healthy,,,True,2025-11-19 09:23:06
Bernhard Raimann,OT,IND,Indianapolis Colts,79,Healthy,,,True,2025-11-19 09:23:06
Braden Smith,OT,IND,Indianapolis Colts,72,Healthy,,,True,2025-11-19 09:23:06
Jonathan Taylor,RB,IND,Indianapolis Colts,28,Healthy,,,True,2025-11-19 09:23:06
Luke Tenuta,OT,IND,Indianapolis Colts,67,Healthy,,,True,2025-11-19 09:23:06
Jalen Travis,OT,IND,Indianapolis Colts,75,Healthy,,,True,2025-11-19 09:23:06
Laquon Treadwell,WR,IND,Indianapolis Colts,13,Healthy,,,True,2025-11-19 09:23:06
Dalton Tucker,G,IND,Indianapolis Colts,68,Healthy,,,True,2025-11-19 09:23:06
Tyler Warren,TE,IND,Indianapolis Colts,84,Healthy,,,True,2025-11-19 09:23:06
Adetomiwa Adebawore,DT,IND,Indianapolis Colts,95,Healthy,,,True,2025-11-19 09:23:06
Austin Ajiake,LB,IND,Indianapolis Colts,58,Healthy,,,True,2025-11-19 09:23:06
Mekhi Blackmon,CB,IND,Indianapolis Colts,29,Healthy,,,True,2025-11-19 09:23:06
Cam Bynum,S,IND,Indianapolis Colts,0,Healthy,,,True,2025-11-19 09:23:06
Nick Cross,S,IND,Indianapolis Colts,20,Healthy,,,True,2025-11-19 09:23:06
Samson Ebukam,DE,IND,Indianapolis Colts,52,Questionable,Unknown,,True,2025-11-19 09:23:06
Johnathan Edwards,CB,IND,Indianapolis Colts,35,Healthy,,,True,2025-11-19 09:23:06
Zaire Franklin,LB,IND,Indianapolis Colts,44,Healthy,,,True,2025-11-19 09:23:06
Neville Gallimore,DT,IND,Indianapolis Colts,92,Healthy,,,True,2025-11-19 09:23:06
Sauce Gardner,CB,IND,Indianapolis Colts,1,Healthy,,,True,2025-11-19 09:23:06
Buddy Johnson,LB,IND,Indianapolis Colts,59,Healthy,,,True,2025-11-19 09:23:06
Eric Johnson II,DT,IND,Indianapolis Colts,98,Healthy,,,True,2025-11-19 09:23:06
Jaylon Jones,CB,IND,Indianapolis Colts,40,Healthy,,,True,2025-11-19 09:23:06
Chris Lammons,CB,IND,Indianapolis Colts,38,Healthy,,,True,2025-11-19 09:23:06
Laiatu Latu,DE,IND,Indianapolis Colts,97,Healthy,,,True,2025-11-19 09:23:06
Tyquan Lewis,DE,IND,Indianapolis Colts,94,Questionable,Unknown,,True,2025-11-19 09:23:06
Reuben Lowery III,S,IND,Indianapolis Colts,36,Healthy,,,True,2025-11-19 09:23:06
Cameron Mitchell,CB,IND,Indianapolis Colts,43,Healthy,,,True,2025-11-19 09:23:06
Kenny Moore II,CB,IND,Indianapolis Colts,23,Healthy,,,True,2025-11-19 09:23:06
Segun Olubi,LB,IND,Indianapolis Colts,50,Healthy,,,True,2025-11-19 09:23:06
Kwity Paye,DE,IND,Indianapolis Colts,51,Healthy,,,True,2025-11-19 09:23:06
Germaine Pratt,LB,IND,Indianapolis Colts,53,Healthy,,,True,2025-11-19 09:23:06
Grover Stewart,DT,IND,Indianapolis Colts,90,Healthy,,,True,2025-11-19 09:23:06
Rodney Thomas II,S,IND,Indianapolis Colts,25,Healthy,,,True,2025-11-19 09:23:06
JT Tuimoloau,DE,IND,Indianapolis Colts,91,Healthy,,,True,2025-11-19 09:23:06
Michael Badgley,PK,IND,Indianapolis Colts,12,Healthy,,,True,2025-11-19 09:23:06
Luke Rhodes,LS,IND,Indianapolis Colts,46,Healthy,,,True,2025-11-19 09:23:06
Rigoberto Sanchez,P,IND,Indianapolis Colts,8,Healthy,,,True,2025-11-19 09:23:06
Salvon Ahmed,RB,IND,Indianapolis Colts,36,Injured Reserve,Unknown,,False,2025-11-19 09:23:06
DeForest Buckner,DT,IND,Indianapolis Colts,99,Injured Reserve,Unknown,,False,2025-11-19 09:23:06
Jaylon Carlies,LB,IND,Indianapolis Colts,57,Injured Reserve,Unknown,,False,2025-11-19 09:23:06
Blake Freeland,OT,IND,Indianapolis Colts,73,Injured Reserve,Unknown,,False,2025-11-19 09:23:06
D.J. Montgomery,WR,IND,Indianapolis Colts,2,Injured Reserve,Unknown,,False,2025-11-19 09:23:06
Jacob Phillips,LB,IND,Indianapolis Colts,54,Injured Reserve,Unknown,,False,2025-11-19 09:23:06
Anthony Richardson Sr.,QB,IND,Indianapolis Colts,5,Injured Reserve,Unknown,,False,2025-11-19 09:23:06
Daniel Scott,S,IND,Indianapolis Colts,32,Injured Reserve,Unknown,,False,2025-11-19 09:23:06
Spencer Shrader,PK,IND,Indianapolis Colts,3,Injured Reserve,Unknown,,False,2025-11-19 09:23:06
Justin Walley,CB,IND,Indianapolis Colts,27,Injured Reserve,Unknown,,False,2025-11-19 09:23:06
Charvarius Ward,CB,IND,Indianapolis Colts,7,Injured Reserve,Unknown,,False,2025-11-19 09:23:06
Jack Wilson,OT,IND,Indianapolis Colts,76,Injured Reserve,Unknown,,False,2025-11-19 09:23:06
Hunter Wohler,S,IND,Indianapolis Colts,30,Injured Reserve,Unknown,,False,2025-11-19 09:23:06
Ulysses Bentley IV,RB,IND,Indianapolis Colts,37,Healthy,,,True,2025-11-19 09:23:06
Viliami Fehoko Jr.,DE,IND,Indianapolis Colts,,Healthy,,,True,2025-11-19 09:23:06
Mike Hilton,CB,IND,Indianapolis Colts,33,Out,Unknown,,False,2025-11-19 09:23:06
Bayron Matos,OT,IND,Indianapolis Colts,,Healthy,,,True,2025-11-19 09:23:06
Sean McKeon,TE,IND,Indianapolis Colts,49,Healthy,,,True,2025-11-19 09:23:06
Jimmy Morrissey,C,IND,Indianapolis Colts,,Healthy,,,True,2025-11-19 09:23:06
Chad Muma,LB,IND,Indianapolis Colts,55,Healthy,,,True,2025-11-19 09:23:06
Durell Nchami,DE,IND,Indianapolis Colts,74,Healthy,,,True,2025-11-19 09:23:06
Ben Nikkel,S,IND,Indianapolis Colts,,Healthy,,,True,2025-11-19 09:23:06
George Odum,S,IND,Indianapolis Colts,,Healthy,,,True,2025-11-19 09:23:06
Coleman Owen,WR,IND,Indianapolis Colts,3,Healthy,,,True,2025-11-19 09:23:06
Eli Pancol,WR,IND,Indianapolis Colts,,Healthy,,,True,2025-11-19 09:23:06
Brett Rypien,QB,IND,Indianapolis Colts,4,Healthy,,,True,2025-11-19 09:23:06
Josh Sills,G,IND,Indianapolis Colts,66,Healthy,,,True,2025-11-19 09:23:06
Tim Smith,DT,IND,Indianapolis Colts,,Healthy,,,True,2025-11-19 09:23:06
Anthony Walker Jr.,LB,IND,Indianapolis Colts,,Healthy,,,True,2025-11-19 09:23:06
Trey Washington,S,IND,Indianapolis Colts,41,Healthy,,,True,2025-11-19 09:23:06
Chris Wormley,DE,IND,Indianapolis Colts,,Healthy,,,True,2025-11-19 09:23:06
LeQuint Allen Jr.,RB,JAX,Jacksonville Jaguars,36,Healthy,,,True,2025-11-19 09:23:06
Dyami Brown,WR,JAX,Jacksonville Jaguars,5,Healthy,,,True,2025-11-19 09:23:06
Ezra Cleveland,G,JAX,Jacksonville Jaguars,76,Healthy,,,True,2025-11-19 09:23:06
Chuma Edoga,G,JAX,Jacksonville Jaguars,55,Healthy,,,True,2025-11-19 09:23:06
Travis Etienne Jr.,RB,JAX,Jacksonville Jaguars,1,Healthy,,,True,2025-11-19 09:23:06
Robert Hainsey,C,JAX,Jacksonville Jaguars,73,Healthy,,,True,2025-11-19 09:23:06
Anton Harrison,OT,JAX,Jacksonville Jaguars,77,Questionable,Unknown,,True,2025-11-19 09:23:06
Trevor Lawrence,QB,JAX,Jacksonville Jaguars,16,Healthy,,,True,2025-11-19 09:23:06
Walker Little,OT,JAX,Jacksonville Jaguars,72,Healthy,,,True,2025-11-19 09:23:06
Hunter Long,TE,JAX,Jacksonville Jaguars,84,Questionable,Unknown,,True,2025-11-19 09:23:06
Patrick Mekari,G,JAX,Jacksonville Jaguars,65,Healthy,,,True,2025-11-19 09:23:06
Jakobi Meyers,WR,JAX,Jacksonville Jaguars,3,Healthy,,,True,2025-11-19 09:23:06
Wyatt Milum,G,JAX,Jacksonville Jaguars,64,Healthy,,,True,2025-11-19 09:23:06
Jonah Monheim,C,JAX,Jacksonville Jaguars,60,Healthy,,,True,2025-11-19 09:23:06
Quintin Morris,TE,JAX,Jacksonville Jaguars,80,Healthy,,,True,2025-11-19 09:23:06
Nick Mullens,QB,JAX,Jacksonville Jaguars,14,Healthy,,,True,2025-11-19 09:23:06
Johnny Mundt,TE,JAX,Jacksonville Jaguars,86,Healthy,,,True,2025-11-19 09:23:06
Tim Patrick,WR,JAX,Jacksonville Jaguars,17,Healthy,,,True,2025-11-19 09:23:06
Cody Schrader,RB,JAX,Jacksonville Jaguars,32,Healthy,,,True,2025-11-19 09:23:06
Brian Thomas Jr.,WR,JAX,Jacksonville Jaguars,7,Questionable,Unknown,,True,2025-11-19 09:23:06
Austin Trammell,WR,JAX,Jacksonville Jaguars,81,Healthy,,,True,2025-11-19 09:23:06
Bhayshul Tuten,RB,JAX,Jacksonville Jaguars,33,Questionable,Unknown,,True,2025-11-19 09:23:06
Cole Van Lanen,OT,JAX,Jacksonville Jaguars,70,Healthy,,,True,2025-11-19 09:23:06
Parker Washington,WR,JAX,Jacksonville Jaguars,11,Healthy,,,True,2025-11-19 09:23:06
Yasir Abdullah,LB,JAX,Jacksonville Jaguars,56,Healthy,,,True,2025-11-19 09:23:06
Arik Armstead,DT,JAX,Jacksonville Jaguars,91,Healthy,,,True,2025-11-19 09:23:06
Christian Braswell,CB,JAX,Jacksonville Jaguars,21,Healthy,,,True,2025-11-19 09:23:06
Montaric Brown,CB,JAX,Jacksonville Jaguars,30,Healthy,,,True,2025-11-19 09:23:06
Branson Combs,LB,JAX,Jacksonville Jaguars,50,Healthy,,,True,2025-11-19 09:23:06
Dennis Gardeck,LB,JAX,Jacksonville Jaguars,47,Healthy,,,True,2025-11-19 09:23:06
BJ Green II,DE,JAX,Jacksonville Jaguars,95,Healthy,,,True,2025-11-19 09:23:06
DaVon Hamilton,DT,JAX,Jacksonville Jaguars,52,Healthy,,,True,2025-11-19 09:23:06
Josh Hines-Allen,DE,JAX,Jacksonville Jaguars,41,Healthy,,,True,2025-11-19 09:23:06
Antonio Johnson,S,JAX,Jacksonville Jaguars,26,Healthy,,,True,2025-11-19 09:23:06
Austin Johnson,DT,JAX,Jacksonville Jaguars,99,Healthy,,,True,2025-11-19 09:23:06
Jarrian Jones,CB,JAX,Jacksonville Jaguars,22,Healthy,,,True,2025-11-19 09:23:06
Jack Kiser,LB,JAX,Jacksonville Jaguars,54,Healthy,,,True,2025-11-19 09:23:06
Rayuan Lane III,S,JAX,Jacksonville Jaguars,25,Healthy,,,True,2025-11-19 09:23:06
Jourdan Lewis,CB,JAX,Jacksonville Jaguars,2,Questionable,Unknown,,True,2025-11-19 09:23:06
Devin Lloyd,LB,JAX,Jacksonville Jaguars,0,Healthy,,,True,2025-11-19 09:23:06
Ventrell Miller,LB,JAX,Jacksonville Jaguars,51,Healthy,,,True,2025-11-19 09:23:06
Greg Newsome II,CB,JAX,Jacksonville Jaguars,6,Questionable,Unknown,,True,2025-11-19 09:23:06
Emmanuel Ogbah,DE,JAX,Jacksonville Jaguars,90,Healthy,,,True,2025-11-19 09:23:06
Foyesade Oluokun,LB,JAX,Jacksonville Jaguars,23,Healthy,,,True,2025-11-19 09:23:06
Maason Smith,DT,JAX,Jacksonville Jaguars,94,Healthy,,,True,2025-11-19 09:23:06
Dawuane Smoot,DE,JAX,Jacksonville Jaguars,98,Healthy,,,True,2025-11-19 09:23:06
Danny Striggow,DE,JAX,Jacksonville Jaguars,92,Healthy,,,True,2025-11-19 09:23:06
Travon Walker,DE,JAX,Jacksonville Jaguars,44,Questionable,Unknown,,True,2025-11-19 09:23:06
Andrew Wingard,S,JAX,Jacksonville Jaguars,42,Healthy,,,True,2025-11-19 09:23:06
Logan Cooke,P,JAX,Jacksonville Jaguars,9,Healthy,,,True,2025-11-19 09:23:06
Cam Little,PK,JAX,Jacksonville Jaguars,39,Healthy,,,True,2025-11-19 09:23:06
Ross Matiscik,LS,JAX,Jacksonville Jaguars,46,Healthy,,,True,2025-11-19 09:23:06
Joshua Cephus,WR,JAX,Jacksonville Jaguars,18,Injured Reserve,Unknown,,False,2025-11-19 09:23:06
Cooper Hodges,OT,JAX,Jacksonville Jaguars,75,Out,Unknown,,False,2025-11-19 09:23:06
Travis Hunter,WR,JAX,Jacksonville Jaguars,12,Injured Reserve,Unknown,,False,2025-11-19 09:23:06
Jalen McLeod,LB,JAX,Jacksonville Jaguars,35,Injured Reserve,Unknown,,False,2025-11-19 09:23:06
Eric Murray,S,JAX,Jacksonville Jaguars,29,Injured Reserve,Unknown,,False,2025-11-19 09:23:06
Caleb Ransaw,CB,JAX,Jacksonville Jaguars,27,Injured Reserve,Unknown,,False,2025-11-19 09:23:06
Brenton Strange,TE,JAX,Jacksonville Jaguars,85,Injured Reserve,Unknown,,False,2025-11-19 09:23:06
Jordan Akins,TE,JAX,Jacksonville Jaguars,,Healthy,,,True,2025-11-19 09:23:06
Carter Bradley,QB,JAX,Jacksonville Jaguars,,Healthy,,,True,2025-11-19 09:23:06
Chandler Brayboy,WR,JAX,Jacksonville Jaguars,15,Healthy,,,True,2025-11-19 09:23:06
Jerome Carvin,C,JAX,Jacksonville Jaguars,79,Healthy,,,True,2025-11-19 09:23:06
Matt Dickerson,DE,JAX,Jacksonville Jaguars,93,Healthy,,,True,2025-11-19 09:23:06
Patrick Herbert,TE,JAX,Jacksonville Jaguars,47,Healthy,,,True,2025-11-19 09:23:06
Qadir Ismail,TE,JAX,Jacksonville Jaguars,,Healthy,,,True,2025-11-19 09:23:06
Ja'Quinden Jackson,RB,JAX,Jacksonville Jaguars,38,Healthy,,,True,2025-11-19 09:23:06
Tim Jones,WR,JAX,Jacksonville Jaguars,13,Healthy,,,True,2025-11-19 09:23:06
Ricky Lee,OT,JAX,Jacksonville Jaguars,66,Healthy,,,True,2025-11-19 09:23:06
Keni-H Lovely,CB,JAX,Jacksonville Jaguars,31,Healthy,,,True,2025-11-19 09:23:06
Jabbar Muhammad,CB,JAX,Jacksonville Jaguars,37,Healthy,,,True,2025-11-19 09:23:06
Keivie Rose,DT,JAX,Jacksonville Jaguars,97,Healthy,,,True,2025-11-19 09:23:06
Cam'Ron Silmon-Craig,S,JAX,Jacksonville Jaguars,32,Healthy,,,True,2025-11-19 09:23:06
Juan Thornhill,S,JAX,Jacksonville Jaguars,22,Healthy,,,True,2025-11-19 09:23:06
Sal Wormley,G,JAX,Jacksonville Jaguars,61,Healthy,,,True,2025-11-19 09:23:06
Kilian Zierer,OT,JAX,Jacksonville Jaguars,,Healthy,,,True,2025-11-19 09:23:06
Hollywood Brown,WR,KC,Kansas City Chiefs,5,Healthy,,,True,2025-11-19 09:23:06
Mike Caliendo,G,KC,Kansas City Chiefs,66,Healthy,,,True,2025-11-19 09:23:06
Noah Gray,TE,KC,Kansas City Chiefs,83,Healthy,,,True,2025-11-19 09:23:06
Creed Humphrey,C,KC,Kansas City Chiefs,52,Healthy,,,True,2025-11-19 09:23:06
Kareem Hunt,RB,KC,Kansas City Chiefs,29,Healthy,,,True,2025-11-19 09:23:06
Travis Kelce,TE,KC,Kansas City Chiefs,87,Healthy,,,True,2025-11-19 09:23:06
Patrick Mahomes,QB,KC,Kansas City Chiefs,15,Healthy,,,True,2025-11-19 09:23:06
Gardner Minshew,QB,KC,Kansas City Chiefs,17,Healthy,,,True,2025-11-19 09:23:06
Elijah Mitchell,RB,KC,Kansas City Chiefs,25,Healthy,,,True,2025-11-19 09:23:06
Jaylon Moore,G,KC,Kansas City Chiefs,77,Healthy,,,True,2025-11-19 09:23:06
Wanya Morris,OT,KC,Kansas City Chiefs,64,Healthy,,,True,2025-11-19 09:23:06
Hunter Nourzad,C,KC,Kansas City Chiefs,60,Healthy,,,True,2025-11-19 09:23:06
Isiah Pacheco,RB,KC,Kansas City Chiefs,10,Questionable,Unknown,,True,2025-11-19 09:23:06
Nikko Remigio,WR,KC,Kansas City Chiefs,81,Healthy,,,True,2025-11-19 09:23:06
Rashee Rice,WR,KC,Kansas City Chiefs,4,Healthy,,,True,2025-11-19 09:23:06
Jalen Royals,WR,KC,Kansas City Chiefs,11,Healthy,,,True,2025-11-19 09:23:06
Josh Simmons,OT,KC,Kansas City Chiefs,71,Healthy,,,True,2025-11-19 09:23:06
Brashard Smith,RB,KC,Kansas City Chiefs,24,Healthy,,,True,2025-11-19 09:23:06
Trey Smith,G,KC,Kansas City Chiefs,65,Healthy,,,True,2025-11-19 09:23:06
JuJu Smith-Schuster,WR,KC,Kansas City Chiefs,9,Healthy,,,True,2025-11-19 09:23:06
Kingsley Suamataia,OT,KC,Kansas City Chiefs,76,Questionable,Unknown,,True,2025-11-19 09:23:06
Jawaan Taylor,OT,KC,Kansas City Chiefs,74,Healthy,,,True,2025-11-19 09:23:06
Tyquan Thornton,WR,KC,Kansas City Chiefs,80,Healthy,,,True,2025-11-19 09:23:06
Robert Tonyan,TE,KC,Kansas City Chiefs,85,Healthy,,,True,2025-11-19 09:23:06
Jared Wiley,TE,KC,Kansas City Chiefs,12,Healthy,,,True,2025-11-19 09:23:06
Xavier Worthy,WR,KC,Kansas City Chiefs,1,Healthy,,,True,2025-11-19 09:23:06
Jeffrey Bassa,LB,KC,Kansas City Chiefs,31,Healthy,,,True,2025-11-19 09:23:06
Nick Bolton,LB,KC,Kansas City Chiefs,32,Healthy,,,True,2025-11-19 09:23:06
Leo Chenal,LB,KC,Kansas City Chiefs,54,Healthy,,,True,2025-11-19 09:23:06
Jack Cochrane,LB,KC,Kansas City Chiefs,43,Healthy,,,True,2025-11-19 09:23:06
Chamarri Conner,S,KC,Kansas City Chiefs,27,Healthy,,,True,2025-11-19 09:23:06
Bryan Cook,S,KC,Kansas City Chiefs,6,Healthy,,,True,2025-11-19 09:23:06
Mike Danna,DE,KC,Kansas City Chiefs,51,Healthy,,,True,2025-11-19 09:23:06
Kristian Fulton,CB,KC,Kansas City Chiefs,8,Healthy,,,True,2025-11-19 09:23:06
Ashton Gillotte,DE,KC,Kansas City Chiefs,97,Healthy,,,True,2025-11-19 09:23:06
Jaden Hicks,S,KC,Kansas City Chiefs,21,Healthy,,,True,2025-11-19 09:23:06
Chris Jones,DT,KC,Kansas City Chiefs,95,Healthy,,,True,2025-11-19 09:23:06
George Karlaftis,DE,KC,Kansas City Chiefs,56,Healthy,,,True,2025-11-19 09:23:06
Kevin Knowles,CB,KC,Kansas City Chiefs,38,Healthy,,,True,2025-11-19 09:23:06
Cooper McDonald,LB,KC,Kansas City Chiefs,59,Healthy,,,True,2025-11-19 09:23:06
Trent McDuffie,CB,KC,Kansas City Chiefs,22,Healthy,,,True,2025-11-19 09:23:06
Derrick Nnadi,DT,KC,Kansas City Chiefs,92,Healthy,,,True,2025-11-19 09:23:06
Charles Omenihu,DE,KC,Kansas City Chiefs,90,Healthy,,,True,2025-11-19 09:23:06
Mike Pennel,DT,KC,Kansas City Chiefs,69,Healthy,,,True,2025-11-19 09:23:06
Chris Roland-Wallace,CB,KC,Kansas City Chiefs,30,Healthy,,,True,2025-11-19 09:23:06
Jerry Tillery,DT,KC,Kansas City Chiefs,99,Healthy,,,True,2025-11-19 09:23:06
Drue Tranquill,LB,KC,Kansas City Chiefs,23,Healthy,,,True,2025-11-19 09:23:06
Jaylen Watson,CB,KC,Kansas City Chiefs,35,Healthy,,,True,2025-11-19 09:23:06
Joshua Williams,CB,KC,Kansas City Chiefs,2,Healthy,,,True,2025-11-19 09:23:06
Nohl Williams,CB,KC,Kansas City Chiefs,20,Healthy,,,True,2025-11-19 09:23:06
Matt Araiza,P,KC,Kansas City Chiefs,14,Healthy,,,True,2025-11-19 09:23:06
Harrison Butker,PK,KC,Kansas City Chiefs,7,Healthy,,,True,2025-11-19 09:23:06
James Winchester,LS,KC,Kansas City Chiefs,41,Healthy,,,True,2025-11-19 09:23:06
Felix Anudike-Uzomah,DE,KC,Kansas City Chiefs,91,Injured Reserve,Unknown,,False,2025-11-19 09:23:06
Jake Briningstool,TE,KC,Kansas City Chiefs,88,Injured Reserve,Unknown,,False,2025-11-19 09:23:06
Deon Bush,S,KC,Kansas City Chiefs,26,Injured Reserve,Unknown,,False,2025-11-19 09:23:06
Ethan Driskell,OT,KC,Kansas City Chiefs,75,Out,Unknown,,False,2025-11-19 09:23:06
Brandon George,LB,KC,Kansas City Chiefs,50,Injured Reserve,Unknown,,False,2025-11-19 09:23:06
Keaontay Ingram,RB,KC,Kansas City Chiefs,30,Injured Reserve,Unknown,,False,2025-11-19 09:23:06
Nazeeh Johnson,S,KC,Kansas City Chiefs,13,Injured Reserve,Unknown,,False,2025-11-19 09:23:06
Omarr Norman-Lott,DT,KC,Kansas City Chiefs,55,Injured Reserve,Unknown,,False,2025-11-19 09:23:06
Janarius Robinson,DE,KC,Kansas City Chiefs,98,Injured Reserve,Unknown,,False,2025-11-19 09:23:06
Eric Scott Jr.,CB,KC,Kansas City Chiefs,45,Injured Reserve,Unknown,,False,2025-11-19 09:23:06
Jason Brownlee,WR,KC,Kansas City Chiefs,89,Healthy,,,True,2025-11-19 09:23:06
Cole Christiansen,LB,KC,Kansas City Chiefs,,Healthy,,,True,2025-11-19 09:23:06
Ethan Downs,DE,KC,Kansas City Chiefs,,Healthy,,,True,2025-11-19 09:23:06
Mike Edwards,S,KC,Kansas City Chiefs,34,Healthy,,,True,2025-11-19 09:23:06
Clyde Edwards-Helaire,RB,KC,Kansas City Chiefs,44,Healthy,,,True,2025-11-19 09:23:06
Chukwuebuka Godrick,OT,KC,Kansas City Chiefs,72,Healthy,,,True,2025-11-19 09:23:06
C.J. Hanson,G,KC,Kansas City Chiefs,61,Healthy,,,True,2025-11-19 09:23:06
Malik Herring,DE,KC,Kansas City Chiefs,94,Healthy,,,True,2025-11-19 09:23:06
Jimmy Holiday,WR,KC,Kansas City Chiefs,,Healthy,,,True,2025-11-19 09:23:06
Chris Oladokun,QB,KC,Kansas City Chiefs,19,Healthy,,,True,2025-11-19 09:23:06
Zacch Pickens,DT,KC,Kansas City Chiefs,,Healthy,,,True,2025-11-19 09:23:06
Esa Pole,OT,KC,Kansas City Chiefs,,Healthy,,,True,2025-11-19 09:23:06
Tyreke Smith,LB,KC,Kansas City Chiefs,,Healthy,,,True,2025-11-19 09:23:06
Melvin Smith Jr.,CB,KC,Kansas City Chiefs,39,Healthy,,,True,2025-11-19 09:23:06
Carson Steele,FB,KC,Kansas City Chiefs,42,Healthy,,,True,2025-11-19 09:23:06
Marlon Tuipulotu,DT,KC,Kansas City Chiefs,96,Healthy,,,True,2025-11-19 09:23:06
Tre Watson,TE,KC,Kansas City Chiefs,49,Healthy,,,True,2025-11-19 09:23:06
Alex Bachman,WR,LV,Las Vegas Raiders,81,Healthy,,,True,2025-11-19 09:23:06
Jack Bech,WR,LV,Las Vegas Raiders,18,Healthy,,,True,2025-11-19 09:23:06
Brock Bowers,TE,LV,Las Vegas Raiders,89,Healthy,,,True,2025-11-19 09:23:06
Alex Cappa,G,LV,Las Vegas Raiders,65,Healthy,,,True,2025-11-19 09:23:06
Stone Forsythe,OT,LV,Las Vegas Raiders,70,Healthy,,,True,2025-11-19 09:23:06
DJ Glaze,OT,LV,Las Vegas Raiders,71,Healthy,,,True,2025-11-19 09:23:06
Charles Grant,OT,LV,Las Vegas Raiders,60,Healthy,,,True,2025-11-19 09:23:06
Ashton Jeanty,RB,LV,Las Vegas Raiders,2,Healthy,,,True,2025-11-19 09:23:06
Dylan Laube,RB,LV,Las Vegas Raiders,23,Healthy,,,True,2025-11-19 09:23:06
Tyler Lockett,WR,LV,Las Vegas Raiders,17,Healthy,,,True,2025-11-19 09:23:06
Michael Mayer,TE,LV,Las Vegas Raiders,87,Healthy,,,True,2025-11-19 09:23:06
Jordan Meredith,G,LV,Las Vegas Raiders,61,Healthy,,,True,2025-11-19 09:23:06
Raheem Mostert,RB,LV,Las Vegas Raiders,31,Healthy,,,True,2025-11-19 09:23:06
Dylan Parham,G,LV,Las Vegas Raiders,66,Healthy,,,True,2025-11-19 09:23:06
Kenny Pickett,QB,LV,Las Vegas Raiders,15,Healthy,,,True,2025-11-19 09:23:06
Will Putnam,C,LV,Las Vegas Raiders,67,Healthy,,,True,2025-11-19 09:23:06
Caleb Rogers,G,LV,Las Vegas Raiders,76,Healthy,,,True,2025-11-19 09:23:06
Carter Runyon,TE,LV,Las Vegas Raiders,46,Healthy,,,True,2025-11-19 09:23:06
Geno Smith,QB,LV,Las Vegas Raiders,7,Healthy,,,True,2025-11-19 09:23:06
Ian Thomas,TE,LV,Las Vegas Raiders,80,Healthy,,,True,2025-11-19 09:23:06
Dont'e Thornton Jr.,WR,LV,Las Vegas Raiders,10,Healthy,,,True,2025-11-19 09:23:06
Tre Tucker,WR,LV,Las Vegas Raiders,1,Healthy,,,True,2025-11-19 09:23:06
Zamir White,RB,LV,Las Vegas Raiders,3,Healthy,,,True,2025-11-19 09:23:06
Jamal Adams,LB,LV,Las Vegas Raiders,33,Healthy,,,True,2025-11-19 09:23:06
Thomas Booker IV,DT,LV,Las Vegas Raiders,99,Healthy,,,True,2025-11-19 09:23:06
Adam Butler,DT,LV,Las Vegas Raiders,69,Healthy,,,True,2025-11-19 09:23:06
Jeremy Chinn,S,LV,Las Vegas Raiders,11,Healthy,,,True,2025-11-19 09:23:06
Maxx Crosby,DE,LV,Las Vegas Raiders,98,Healthy,,,True,2025-11-19 09:23:06
Jamin Davis,LB,LV,Las Vegas Raiders,48,Healthy,,,True,2025-11-19 09:23:06
Tommy Eichenberg,LB,LV,Las Vegas Raiders,44,Healthy,,,True,2025-11-19 09:23:06
Leki Fotu,DT,LV,Las Vegas Raiders,95,Healthy,,,True,2025-11-19 09:23:06
Tonka Hemingway,DT,LV,Las Vegas Raiders,97,Healthy,,,True,2025-11-19 09:23:06
Darnay Holmes,CB,LV,Las Vegas Raiders,30,Healthy,,,True,2025-11-19 09:23:06
Lonnie Johnson Jr.,S,LV,Las Vegas Raiders,32,Healthy,,,True,2025-11-19 09:23:06
Kyu Blu Kelly,CB,LV,Las Vegas Raiders,36,Healthy,,,True,2025-11-19 09:23:06
Malcolm Koonce,DE,LV,Las Vegas Raiders,51,Healthy,,,True,2025-11-19 09:23:06
Jonah Laulu,DT,LV,Las Vegas Raiders,96,Questionable,Unknown,,True,2025-11-19 09:23:06
Cody Lindenberg,LB,LV,Las Vegas Raiders,55,Healthy,,,True,2025-11-19 09:23:06
Tristin McCollum,S,LV,Las Vegas Raiders,27,Healthy,,,True,2025-11-19 09:23:06
JJ Pegues,DT,LV,Las Vegas Raiders,92,Healthy,,,True,2025-11-19 09:23:06
Isaiah Pola-Mao,S,LV,Las Vegas Raiders,20,Healthy,,,True,2025-11-19 09:23:06
Darien Porter,CB,LV,Las Vegas Raiders,26,Healthy,,,True,2025-11-19 09:23:06
Jon Rhattigan,LB,LV,Las Vegas Raiders,59,Healthy,,,True,2025-11-19 09:23:06
Decamerion Richardson,CB,LV,Las Vegas Raiders,25,Healthy,,,True,2025-11-19 09:23:06
Elandon Roberts,LB,LV,Las Vegas Raiders,52,Healthy,,,True,2025-11-19 09:23:06
Charles Snowden,DE,LV,Las Vegas Raiders,49,Healthy,,,True,2025-11-19 09:23:06
Eric Stokes,CB,LV,Las Vegas Raiders,22,Healthy,,,True,2025-11-19 09:23:06
Devin White,LB,LV,Las Vegas Raiders,45,Healthy,,,True,2025-11-19 09:23:06
Tyree Wilson,DE,LV,Las Vegas Raiders,9,Healthy,,,True,2025-11-19 09:23:06
Jacob Bobenmoyer,LS,LV,Las Vegas Raiders,50,Healthy,,,True,2025-11-19 09:23:06
Daniel Carlson,PK,LV,Las Vegas Raiders,8,Healthy,,,True,2025-11-19 09:23:06
AJ Cole,P,LV,Las Vegas Raiders,6,Healthy,,,True,2025-11-19 09:23:06
Brennan Jackson,LB,LV,Las Vegas Raiders,54,Injured Reserve,Unknown,,False,2025-11-19 09:23:06
Kolton Miller,OT,LV,Las Vegas Raiders,74,Injured Reserve,Unknown,,False,2025-11-19 09:23:06
Aidan O'Connell,QB,LV,Las Vegas Raiders,12,Injured Reserve,Unknown,,False,2025-11-19 09:23:06
Jackson Powers-Johnson,C,LV,Las Vegas Raiders,58,Injured Reserve,Unknown,,False,2025-11-19 09:23:06
Chris Collier,RB,LV,Las Vegas Raiders,35,Healthy,,,True,2025-11-19 09:23:06
Phillip Dorsett II,WR,LV,Las Vegas Raiders,13,Healthy,,,True,2025-11-19 09:23:06
Terrell Edmunds,S,LV,Las Vegas Raiders,28,Healthy,,,True,2025-11-19 09:23:06
Jahfari Harvey,DE,LV,Las Vegas Raiders,,Healthy,,,True,2025-11-19 09:23:06
Shedrick Jackson,WR,LV,Las Vegas Raiders,4,Healthy,,,True,2025-11-19 09:23:06
Greg Joseph,KR,LV,Las Vegas Raiders,,Healthy,,,True,2025-11-19 09:23:06
Treven Ma'ae,DT,LV,Las Vegas Raiders,,Healthy,,,True,2025-11-19 09:23:06
Atonio Mafi,G,LV,Las Vegas Raiders,56,Healthy,,,True,2025-11-19 09:23:06
Cam Miller,QB,LV,Las Vegas Raiders,5,Healthy,,,True,2025-11-19 09:23:06
Albert Okwuegbunam Jr.,TE,LV,Las Vegas Raiders,86,Healthy,,,True,2025-11-19 09:23:06
Layden Robinson,G,LV,Las Vegas Raiders,,Healthy,,,True,2025-11-19 09:23:06
Justin Shorter,WR,LV,Las Vegas Raiders,88,Healthy,,,True,2025-11-19 09:23:06
Laki Tasi,OT,LV,Las Vegas Raiders,79,Healthy,,,True,2025-11-19 09:23:06
DJ Turner,WR,LV,Las Vegas Raiders,19,Healthy,,,True,2025-11-19 09:23:06
Greedy Vance,CB,LV,Las Vegas Raiders,41,Healthy,,,True,2025-11-19 09:23:06
Dalton Wagner,OT,LV,Las Vegas Raiders,,Healthy,,,True,2025-11-19 09:23:06
Keenan Allen,WR,LAC,Los Angeles Chargers,13,Healthy,,,True,2025-11-19 09:23:06
Mekhi Becton,G,LAC,Los Angeles Chargers,73,Healthy,,,True,2025-11-19 09:23:06
Bradley Bozeman,C,LAC,Los Angeles Chargers,75,Healthy,,,True,2025-11-19 09:23:06
Tyler Conklin,TE,LAC,Los Angeles Chargers,83,Healthy,,,True,2025-11-19 09:23:06
Derius Davis,WR,LAC,Los Angeles Chargers,12,Healthy,,,True,2025-11-19 09:23:06
Austin Deculus,OT,LAC,Los Angeles Chargers,74,Healthy,,,True,2025-11-19 09:23:06
Will Dissly,TE,LAC,Los Angeles Chargers,89,Healthy,,,True,2025-11-19 09:23:06
Tucker Fisk,TE,LAC,Los Angeles Chargers,42,Healthy,,,True,2025-11-19 09:23:06
Oronde Gadsden II,TE,LAC,Los Angeles Chargers,86,Healthy,,,True,2025-11-19 09:23:06
Tre' Harris,WR,LAC,Los Angeles Chargers,9,Healthy,,,True,2025-11-19 09:23:06
Bobby Hart,OT,LAC,Los Angeles Chargers,66,Out,Unknown,,False,2025-11-19 09:23:06
Justin Herbert,QB,LAC,Los Angeles Chargers,10,Healthy,,,True,2025-11-19 09:23:06
Andre James,C,LAC,Los Angeles Chargers,78,Healthy,,,True,2025-11-19 09:23:06
Zion Johnson,G,LAC,Los Angeles Chargers,77,Healthy,,,True,2025-11-19 09:23:06
Quentin Johnston,WR,LAC,Los Angeles Chargers,1,Healthy,,,True,2025-11-19 09:23:06
KeAndre Lambert-Smith,WR,LAC,Los Angeles Chargers,84,Healthy,,,True,2025-11-19 09:23:06
Trey Lance,QB,LAC,Los Angeles Chargers,5,Healthy,,,True,2025-11-19 09:23:06
Scott Matlock,FB,LAC,Los Angeles Chargers,44,Healthy,,,True,2025-11-19 09:23:06
Ladd McConkey,WR,LAC,Los Angeles Chargers,15,Healthy,,,True,2025-11-19 09:23:06
Trevor Penning,OT,LAC,Los Angeles Chargers,64,Healthy,,,True,2025-11-19 09:23:06
Trey Pipkins III,G,LAC,Los Angeles Chargers,79,Healthy,,,True,2025-11-19 09:23:06
Jamaree Salyer,G,LAC,Los Angeles Chargers,68,Healthy,,,True,2025-11-19 09:23:06
Foster Sarell,OT,LAC,Los Angeles Chargers,67,Healthy,,,True,2025-11-19 09:23:06
Kimani Vidal,RB,LAC,Los Angeles Chargers,30,Healthy,,,True,2025-11-19 09:23:06
Jamaree Caldwell,DT,LAC,Los Angeles Chargers,99,Healthy,,,True,2025-11-19 09:23:06
Bud Dupree,LB,LAC,Los Angeles Chargers,48,Healthy,,,True,2025-11-19 09:23:06
Troy Dye,LB,LAC,Los Angeles Chargers,43,Healthy,,,True,2025-11-19 09:23:06
Justin Eboigbe,DT,LAC,Los Angeles Chargers,92,Healthy,,,True,2025-11-19 09:23:06
Da'Shawn Hand,DT,LAC,Los Angeles Chargers,91,Healthy,,,True,2025-11-19 09:23:06
Cam Hart,CB,LAC,Los Angeles Chargers,20,Healthy,,,True,2025-11-19 09:23:06
Daiyan Henley,LB,LAC,Los Angeles Chargers,0,Healthy,,,True,2025-11-19 09:23:06
Donte Jackson,CB,LAC,Los Angeles Chargers,26,Healthy,,,True,2025-11-19 09:23:06
Derwin James Jr.,S,LAC,Los Angeles Chargers,3,Healthy,,,True,2025-11-19 09:23:06
Tony Jefferson,S,LAC,Los Angeles Chargers,23,Healthy,,,True,2025-11-19 09:23:06
Naquan Jones,DT,LAC,Los Angeles Chargers,96,Healthy,,,True,2025-11-19 09:23:06
Kyle Kennard,LB,LAC,Los Angeles Chargers,54,Healthy,,,True,2025-11-19 09:23:06
Deane Leonard,CB,LAC,Los Angeles Chargers,33,Healthy,,,True,2025-11-19 09:23:06
Khalil Mack,LB,LAC,Los Angeles Chargers,52,Healthy,,,True,2025-11-19 09:23:06
RJ Mickens,S,LAC,Los Angeles Chargers,27,Healthy,,,True,2025-11-19 09:23:06
Elijah Molden,CB,LAC,Los Angeles Chargers,2,Healthy,,,True,2025-11-19 09:23:06
Odafe Oweh,LB,LAC,Los Angeles Chargers,98,Healthy,,,True,2025-11-19 09:23:06
Denzel Perryman,LB,LAC,Los Angeles Chargers,6,Healthy,,,True,2025-11-19 09:23:06
Del'Shawn Phillips,LB,LAC,Los Angeles Chargers,53,Healthy,,,True,2025-11-19 09:23:06
Nikko Reed,CB,LAC,Los Angeles Chargers,46,Healthy,,,True,2025-11-19 09:23:06
Benjamin St-Juste,CB,LAC,Los Angeles Chargers,24,Healthy,,,True,2025-11-19 09:23:06
Tarheeb Still,CB,LAC,Los Angeles Chargers,29,Healthy,,,True,2025-11-19 09:23:06
Teair Tart,DT,LAC,Los Angeles Chargers,90,Healthy,,,True,2025-11-19 09:23:06
Tuli Tuipulotu,LB,LAC,Los Angeles Chargers,45,Healthy,,,True,2025-11-19 09:23:06
Marlowe Wax,LB,LAC,Los Angeles Chargers,58,Healthy,,,True,2025-11-19 09:23:06
Kendall Williamson,S,LAC,Los Angeles Chargers,40,Healthy,,,True,2025-11-19 09:23:06
Cameron Dicker,PK,LAC,Los Angeles Chargers,11,Healthy,,,True,2025-11-19 09:23:06
Josh Harris,LS,LAC,Los Angeles Chargers,47,Healthy,,,True,2025-11-19 09:23:06
JK Scott,P,LAC,Los Angeles Chargers,16,Healthy,,,True,2025-11-19 09:23:06
Joe Alt,OT,LAC,Los Angeles Chargers,76,Injured Reserve,Unknown,,False,2025-11-19 09:23:06
Junior Colson,LB,LAC,Los Angeles Chargers,25,Injured Reserve,Unknown,,False,2025-11-19 09:23:06
Josh Fuga,DT,LAC,Los Angeles Chargers,69,Injured Reserve,Unknown,,False,2025-11-19 09:23:06
Omarion Hampton,RB,LAC,Los Angeles Chargers,8,Injured Reserve,Unknown,,False,2025-11-19 09:23:06
Najee Harris,RB,LAC,Los Angeles Chargers,22,Injured Reserve,Unknown,,False,2025-11-19 09:23:06
Hassan Haskins,RB,LAC,Los Angeles Chargers,28,Injured Reserve,Unknown,,False,2025-11-19 09:23:06
Rick Lovato,LS,LAC,Los Angeles Chargers,41,Reserve-Ret,Unknown,,True,2025-11-19 09:23:06
Otito Ogbonnia,DT,LAC,Los Angeles Chargers,93,Injured Reserve,Unknown,,False,2025-11-19 09:23:06
Jordan Oladokun,CB,LAC,Los Angeles Chargers,37,Injured Reserve,Unknown,,False,2025-11-19 09:23:06
Eric Rogers,CB,LAC,Los Angeles Chargers,39,Injured Reserve,Unknown,,False,2025-11-19 09:23:06
Rashawn Slater,OT,LAC,Los Angeles Chargers,70,Injured Reserve,Unknown,,False,2025-11-19 09:23:06
Dalevon Campbell,WR,LAC,Los Angeles Chargers,38,Healthy,,,True,2025-11-19 09:23:06
TeRah Edwards,DT,LAC,Los Angeles Chargers,,Healthy,,,True,2025-11-19 09:23:06
Luke Grimm,WR,LAC,Los Angeles Chargers,,Healthy,,,True,2025-11-19 09:23:06
JaQuae Jackson,WR,LAC,Los Angeles Chargers,27,Healthy,,,True,2025-11-19 09:23:06
Amar Johnson,RB,LAC,Los Angeles Chargers,34,Healthy,,,True,2025-11-19 09:23:06
Emany Johnson,LB,LAC,Los Angeles Chargers,38,Healthy,,,True,2025-11-19 09:23:06
Sam Mustipher,C,LAC,Los Angeles Chargers,,Healthy,,,True,2025-11-19 09:23:06
Jaret Patterson,RB,LAC,Los Angeles Chargers,32,Healthy,,,True,2025-11-19 09:23:06
Kyle Peko,DT,LAC,Los Angeles Chargers,,Healthy,,,True,2025-11-19 09:23:06
Garmon Randolph,LB,LAC,Los Angeles Chargers,97,Healthy,,,True,2025-11-19 09:23:06
David Sharpe,OT,LAC,Los Angeles Chargers,72,Healthy,,,True,2025-11-19 09:23:06
Branson Taylor,G,LAC,Los Angeles Chargers,71,Healthy,,,True,2025-11-19 09:23:06
DJ Uiagalelei,QB,LAC,Los Angeles Chargers,13,Healthy,,,True,2025-11-19 09:23:06
Isas Waxter,CB,LAC,Los Angeles Chargers,,Healthy,,,True,2025-11-19 09:23:06
Marcus Williams,S,LAC,Los Angeles Chargers,,Healthy,,,True,2025-11-19 09:23:06
Trayveon Williams,RB,LAC,Los Angeles Chargers,38,Healthy,,,True,2025-11-19 09:23:06
Thomas Yassmin,TE,LAC,Los Angeles Chargers,49,Healthy,,,True,2025-11-19 09:23:06
Davante Adams,WR,LAR,Los Angeles Rams,17,Healthy,,,True,2025-11-19 09:23:06
Davis Allen,TE,LAR,Los Angeles Rams,87,Healthy,,,True,2025-11-19 09:23:06
Steve Avila,G,LAR,Los Angeles Rams,73,Healthy,,,True,2025-11-19 09:23:06
Stetson Bennett IV,QB,LAR,Los Angeles Rams,13,Healthy,,,True,2025-11-19 09:23:06
Blake Corum,RB,LAR,Los Angeles Rams,22,Healthy,,,True,2025-11-19 09:23:06
Justin Dedich,G,LAR,Los Angeles Rams,67,Healthy,,,True,2025-11-19 09:23:06
Kevin Dotson,G,LAR,Los Angeles Rams,69,Healthy,,,True,2025-11-19 09:23:06
Terrance Ferguson,TE,LAR,Los Angeles Rams,18,Healthy,,,True,2025-11-19 09:23:06
Jimmy Garoppolo,QB,LAR,Los Angeles Rams,11,Healthy,,,True,2025-11-19 09:23:06
Rob Havenstein,OT,LAR,Los Angeles Rams,79,Healthy,,,True,2025-11-19 09:23:06
Tyler Higbee,TE,LAR,Los Angeles Rams,89,Questionable,Unknown,,True,2025-11-19 09:23:06
D.J. Humphries,OT,LAR,Los Angeles Rams,72,Healthy,,,True,2025-11-19 09:23:06
Jarquez Hunter,RB,LAR,Los Angeles Rams,27,Healthy,,,True,2025-11-19 09:23:06
Alaric Jackson,OT,LAR,Los Angeles Rams,77,Healthy,,,True,2025-11-19 09:23:06
Beaux Limmer,C,LAR,Los Angeles Rams,50,Healthy,,,True,2025-11-19 09:23:06
Warren McClendon Jr.,OT,LAR,Los Angeles Rams,71,Healthy,,,True,2025-11-19 09:23:06
Konata Mumpfield,WR,LAR,Los Angeles Rams,15,Healthy,,,True,2025-11-19 09:23:06
Puka Nacua,WR,LAR,Los Angeles Rams,12,Healthy,,,True,2025-11-19 09:23:06
Colby Parkinson,TE,LAR,Los Angeles Rams,84,Healthy,,,True,2025-11-19 09:23:06
David Quessenberry,OT,LAR,Los Angeles Rams,68,Healthy,,,True,2025-11-19 09:23:06
Ronnie Rivers,RB,LAR,Los Angeles Rams,20,Healthy,,,True,2025-11-19 09:23:06
Coleman Shelton,C,LAR,Los Angeles Rams,65,Healthy,,,True,2025-11-19 09:23:06
Xavier Smith,WR,LAR,Los Angeles Rams,19,Questionable,Unknown,,True,2025-11-19 09:23:06
Matthew Stafford,QB,LAR,Los Angeles Rams,9,Healthy,,,True,2025-11-19 09:23:06
Jordan Whittington,WR,LAR,Los Angeles Rams,88,Healthy,,,True,2025-11-19 09:23:06
Kyren Williams,RB,LAR,Los Angeles Rams,23,Healthy,,,True,2025-11-19 09:23:06
Kam Curl,S,LAR,Los Angeles Rams,3,Healthy,,,True,2025-11-19 09:23:06
Tyler Davis,DE,LAR,Los Angeles Rams,90,Healthy,,,True,2025-11-19 09:23:06
Shaun Dolac,LB,LAR,Los Angeles Rams,56,Healthy,,,True,2025-11-19 09:23:06
Cobie Durant,CB,LAR,Los Angeles Rams,14,Healthy,,,True,2025-11-19 09:23:06
Braden Fiske,DE,LAR,Los Angeles Rams,55,Healthy,,,True,2025-11-19 09:23:06
Emmanuel Forbes Jr.,CB,LAR,Los Angeles Rams,1,Healthy,,,True,2025-11-19 09:23:06
Poona Ford,DT,LAR,Los Angeles Rams,95,Healthy,,,True,2025-11-19 09:23:06
Ty Hamilton,DT,LAR,Los Angeles Rams,57,Healthy,,,True,2025-11-19 09:23:06
Nick Hampton,LB,LAR,Los Angeles Rams,6,Healthy,,,True,2025-11-19 09:23:06
Desjuan Johnson,DE,LAR,Los Angeles Rams,94,Healthy,,,True,2025-11-19 09:23:06
Kamren Kinchens,S,LAR,Los Angeles Rams,26,Healthy,,,True,2025-11-19 09:23:06
Quentin Lake,S,LAR,Los Angeles Rams,37,Doubtful,Unknown,,False,2025-11-19 09:23:06
Nate Landman,LB,LAR,Los Angeles Rams,53,Healthy,,,True,2025-11-19 09:23:06
Jaylen McCollough,S,LAR,Los Angeles Rams,2,Healthy,,,True,2025-11-19 09:23:06
Roger McCreary,CB,LAR,Los Angeles Rams,25,Healthy,,,True,2025-11-19 09:23:06
Larrell Murchison,DE,LAR,Los Angeles Rams,52,Healthy,,,True,2025-11-19 09:23:06
Elias Neal,LB,LAR,Los Angeles Rams,24,Healthy,,,True,2025-11-19 09:23:06
Troy Reeder,LB,LAR,Los Angeles Rams,51,Healthy,,,True,2025-11-19 09:23:06
Omar Speights,LB,LAR,Los Angeles Rams,48,Healthy,,,True,2025-11-19 09:23:06
Josaiah Stewart,LB,LAR,Los Angeles Rams,10,Healthy,,,True,2025-11-19 09:23:06
Kobie Turner,DE,LAR,Los Angeles Rams,91,Healthy,,,True,2025-11-19 09:23:06
Jared Verse,LB,LAR,Los Angeles Rams,8,Healthy,,,True,2025-11-19 09:23:06
Josh Wallace,CB,LAR,Los Angeles Rams,30,Healthy,,,True,2025-11-19 09:23:06
Darious Williams,CB,LAR,Los Angeles Rams,31,Healthy,,,True,2025-11-19 09:23:06
Byron Young,LB,LAR,Los Angeles Rams,0,Healthy,,,True,2025-11-19 09:23:06
Ethan Evans,P,LAR,Los Angeles Rams,42,Healthy,,,True,2025-11-19 09:23:06
Joshua Karty,PK,LAR,Los Angeles Rams,16,Healthy,,,True,2025-11-19 09:23:06
Jake McQuaide,LS,LAR,Los Angeles Rams,44,Healthy,,,True,2025-11-19 09:23:06
Tutu Atwell,WR,LAR,Los Angeles Rams,5,Injured Reserve,Unknown,,False,2025-11-19 09:23:06
Keir Thomas,LB,LAR,Los Angeles Rams,96,Injured Reserve,Unknown,,False,2025-11-19 09:23:06
Ahkello Witherspoon,CB,LAR,Los Angeles Rams,4,Injured Reserve,Unknown,,False,2025-11-19 09:23:06
AJ Arcuri,OT,LAR,Los Angeles Rams,61,Healthy,,,True,2025-11-19 09:23:06
Tru Edwards,WR,LAR,Los Angeles Rams,82,Healthy,,,True,2025-11-19 09:23:06
A.J. Green,CB,LAR,Los Angeles Rams,21,Healthy,,,True,2025-11-19 09:23:06
Jack Heflin,DT,LAR,Los Angeles Rams,,Healthy,,,True,2025-11-19 09:23:06
Tanner Ingle,S,LAR,Los Angeles Rams,,Healthy,,,True,2025-11-19 09:23:06
Cam Lampkin,CB,LAR,Los Angeles Rams,33,Healthy,,,True,2025-11-19 09:23:06
Jesse Luketa,LB,LAR,Los Angeles Rams,,Healthy,,,True,2025-11-19 09:23:06
Dylan McMahon,C,LAR,Los Angeles Rams,63,Healthy,,,True,2025-11-19 09:23:06
Harrison Mevis,PK,LAR,Los Angeles Rams,92,Healthy,,,True,2025-11-19 09:23:06
Nick Muse,TE,LAR,Los Angeles Rams,,Healthy,,,True,2025-11-19 09:23:06
Bill Norton,DT,LAR,Los Angeles Rams,,Healthy,,,True,2025-11-19 09:23:06
Brennan Presley,WR,LAR,Los Angeles Rams,81,Healthy,,,True,2025-11-19 09:23:06
Tyler Scott,WR,LAR,Los Angeles Rams,,Healthy,,,True,2025-11-19 09:23:06
Nate Valcarcel,S,LAR,Los Angeles Rams,43,Healthy,,,True,2025-11-19 09:23:06
De'Von Achane,RB,MIA,Miami Dolphins,28,Healthy,,,True,2025-11-19 09:23:06
Larry Borom,OT,MIA,Miami Dolphins,79,Healthy,,,True,2025-11-19 09:23:06
Aaron Brewer,G,MIA,Miami Dolphins,55,Healthy,,,True,2025-11-19 09:23:06
Daniel Brunskill,OT,MIA,Miami Dolphins,64,Healthy,,,True,2025-11-19 09:23:06
Greg Dulcich,TE,MIA,Miami Dolphins,85,Healthy,,,True,2025-11-19 09:23:06
Dee Eskridge,WR,MIA,Miami Dolphins,82,Out,Unknown,,False,2025-11-19 09:23:06
Quinn Ewers,QB,MIA,Miami Dolphins,14,Healthy,,,True,2025-11-19 09:23:06
Ollie Gordon II,RB,MIA,Miami Dolphins,31,Healthy,,,True,2025-11-19 09:23:06
Julian Hill,TE,MIA,Miami Dolphins,89,Healthy,,,True,2025-11-19 09:23:06
Alec Ingold,FB,MIA,Miami Dolphins,30,Healthy,,,True,2025-11-19 09:23:06
Kendall Lamm,OT,MIA,Miami Dolphins,70,Healthy,,,True,2025-11-19 09:23:06
Patrick Paul,OT,MIA,Miami Dolphins,52,Healthy,,,True,2025-11-19 09:23:06
Hayden Rucci,TE,MIA,Miami Dolphins,87,Healthy,,,True,2025-11-19 09:23:06
Jonah Savaiinaea,G,MIA,Miami Dolphins,72,Healthy,,,True,2025-11-19 09:23:06
Kion Smith,OT,MIA,Miami Dolphins,71,Healthy,,,True,2025-11-19 09:23:06
Cole Strange,G,MIA,Miami Dolphins,69,Healthy,,,True,2025-11-19 09:23:06
Tua Tagovailoa,QB,MIA,Miami Dolphins,1,Healthy,,,True,2025-11-19 09:23:06
Jaylen Waddle,WR,MIA,Miami Dolphins,17,Healthy,,,True,2025-11-19 09:23:06
Malik Washington,WR,MIA,Miami Dolphins,6,Healthy,,,True,2025-11-19 09:23:06
Tahj Washington,WR,MIA,Miami Dolphins,84,Healthy,,,True,2025-11-19 09:23:06
Nick Westbrook-Ikhine,WR,MIA,Miami Dolphins,18,Healthy,,,True,2025-11-19 09:23:06
Zach Wilson,QB,MIA,Miami Dolphins,0,Healthy,,,True,2025-11-19 09:23:06
Cedrick Wilson Jr.,WR,MIA,Miami Dolphins,19,Healthy,,,True,2025-11-19 09:23:06
Jaylen Wright,RB,MIA,Miami Dolphins,5,Healthy,,,True,2025-11-19 09:23:06
Zeek Biggers,DT,MIA,Miami Dolphins,93,Healthy,,,True,2025-11-19 09:23:06
Ethan Bonner,CB,MIA,Miami Dolphins,27,Healthy,,,True,2025-11-19 09:23:06
JuJu Brents,CB,MIA,Miami Dolphins,32,Out,Unknown,,False,2025-11-19 09:23:06
K.J. Britt,LB,MIA,Miami Dolphins,3,Healthy,,,True,2025-11-19 09:23:06
Jordyn Brooks,LB,MIA,Miami Dolphins,20,Healthy,,,True,2025-11-19 09:23:06
Matthew Butler,DT,MIA,Miami Dolphins,91,Healthy,,,True,2025-11-19 09:23:06
Elijah Campbell,S,MIA,Miami Dolphins,22,Healthy,,,True,2025-11-19 09:23:06
Andre Carter II,LB,MIA,Miami Dolphins,50,Healthy,,,True,2025-11-19 09:23:06
Bradley Chubb,LB,MIA,Miami Dolphins,2,Healthy,,,True,2025-11-19 09:23:06
Jordan Colbert,S,MIA,Miami Dolphins,43,Questionable,Unknown,,True,2025-11-19 09:23:06
Ashtyn Davis,S,MIA,Miami Dolphins,21,Healthy,,,True,2025-11-19 09:23:06
Tyrel Dodson,LB,MIA,Miami Dolphins,25,Healthy,,,True,2025-11-19 09:23:06
Rasul Douglas,CB,MIA,Miami Dolphins,26,Out,Unknown,,False,2025-11-19 09:23:06
Minkah Fitzpatrick,S,MIA,Miami Dolphins,29,Healthy,,,True,2025-11-19 09:23:06
Willie Gay Jr.,LB,MIA,Miami Dolphins,40,Healthy,,,True,2025-11-19 09:23:06
Cameron Goode,LB,MIA,Miami Dolphins,53,Healthy,,,True,2025-11-19 09:23:06
Kenneth Grant,DT,MIA,Miami Dolphins,90,Healthy,,,True,2025-11-19 09:23:06
Benito Jones,DT,MIA,Miami Dolphins,95,Healthy,,,True,2025-11-19 09:23:06
Jack Jones,CB,MIA,Miami Dolphins,23,Healthy,,,True,2025-11-19 09:23:06
Matthew Judon,LB,MIA,Miami Dolphins,8,Healthy,,,True,2025-11-19 09:23:06
Jason Marshall Jr.,CB,MIA,Miami Dolphins,33,Healthy,,,True,2025-11-19 09:23:06
Ifeatu Melifonwu,S,MIA,Miami Dolphins,9,Healthy,,,True,2025-11-19 09:23:06
Jordan Phillips,DT,MIA,Miami Dolphins,94,Healthy,,,True,2025-11-19 09:23:06
Chop Robinson,LB,MIA,Miami Dolphins,44,Healthy,,,True,2025-11-19 09:23:06
Zach Sieler,DT,MIA,Miami Dolphins,92,Healthy,,,True,2025-11-19 09:23:06
Dante Trader Jr.,S,MIA,Miami Dolphins,11,Healthy,,,True,2025-11-19 09:23:06
Jake Bailey,P,MIA,Miami Dolphins,16,Healthy,,,True,2025-11-19 09:23:06
Joe Cardona,LS,MIA,Miami Dolphins,49,Healthy,,,True,2025-11-19 09:23:06
Riley Patterson,PK,MIA,Miami Dolphins,47,Healthy,,,True,2025-11-19 09:23:06
Artie Burns,CB,MIA,Miami Dolphins,23,Injured Reserve,Unknown,,False,2025-11-19 09:23:06
Yodny Cajuste,OT,MIA,Miami Dolphins,63,Injured Reserve,Unknown,,False,2025-11-19 09:23:06
Jalin Conyers,TE,MIA,Miami Dolphins,47,Injured Reserve,Unknown,,False,2025-11-19 09:23:06
James Daniels,G,MIA,Miami Dolphins,78,Injured Reserve,Unknown,,False,2025-11-19 09:23:06
Storm Duck,CB,MIA,Miami Dolphins,36,Injured Reserve,Unknown,,False,2025-11-19 09:23:06
Liam Eichenberg,OT,MIA,Miami Dolphins,74,Out,Unknown,,False,2025-11-19 09:23:06
Obinna Eze,OT,MIA,Miami Dolphins,62,Injured Reserve,Unknown,,False,2025-11-19 09:23:06
Tyreek Hill,WR,MIA,Miami Dolphins,10,Injured Reserve,Unknown,,False,2025-11-19 09:23:06
Germain Ifedi,G,MIA,Miami Dolphins,62,Injured Reserve,Unknown,,False,2025-11-19 09:23:06
Austin Jackson,G,MIA,Miami Dolphins,73,Injured Reserve,Unknown,,False,2025-11-19 09:23:06
Kader Kohou,CB,MIA,Miami Dolphins,4,Injured Reserve,Unknown,,False,2025-11-19 09:23:06
Jason Maitre,CB,MIA,Miami Dolphins,43,Injured Reserve,Unknown,,False,2025-11-19 09:23:06
Alexander Mattison,RB,MIA,Miami Dolphins,8,Injured Reserve,Unknown,,False,2025-11-19 09:23:06
Andrew Meyer,C,MIA,Miami Dolphins,60,Injured Reserve,Unknown,,False,2025-11-19 09:23:06
Jason Sanders,PK,MIA,Miami Dolphins,7,Injured Reserve,Unknown,,False,2025-11-19 09:23:06
Darren Waller,TE,MIA,Miami Dolphins,83,Injured Reserve,Unknown,,False,2025-11-19 09:23:06
Quinton Bell,LB,MIA,Miami Dolphins,56,Healthy,,,True,2025-11-19 09:23:06
Tanner Conner,TE,MIA,Miami Dolphins,80,Healthy,,,True,2025-11-19 09:23:06
Braeden Daniels,OT,MIA,Miami Dolphins,,Healthy,,,True,2025-11-19 09:23:06
JaMycal Hasty,RB,MIA,Miami Dolphins,,Healthy,,,True,2025-11-19 09:23:06
AJ Henning,WR,MIA,Miami Dolphins,88,Healthy,,,True,2025-11-19 09:23:06
Alex Huntley,DT,MIA,Miami Dolphins,,Healthy,,,True,2025-11-19 09:23:06
Caleb Johnson,LB,MIA,Miami Dolphins,,Healthy,,,True,2025-11-19 09:23:06
Isaiah Johnson,CB,MIA,Miami Dolphins,46,Healthy,,,True,2025-11-19 09:23:06
Clarence Lewis,CB,MIA,Miami Dolphins,,Healthy,,,True,2025-11-19 09:23:06
Roy Mbaeteka,OT,MIA,Miami Dolphins,,Healthy,,,True,2025-11-19 09:23:06
Derrick McLendon,LB,MIA,Miami Dolphins,,Healthy,,,True,2025-11-19 09:23:06
Chris Myarick,TE,MIA,Miami Dolphins,43,Healthy,,,True,2025-11-19 09:23:06
Josh Priebe,G,MIA,Miami Dolphins,,Healthy,,,True,2025-11-19 09:23:06
Ethan Robinson,CB,MIA,Miami Dolphins,46,Healthy,,,True,2025-11-19 09:23:06
Kendall Sheffield,CB,MIA,Miami Dolphins,41,Out,Unknown,,False,2025-11-19 09:23:06
Kadeem Telfort,OT,MIA,Miami Dolphins,76,Healthy,,,True,2025-11-19 09:23:06
Theo Wease Jr.,WR,MIA,Miami Dolphins,81,Healthy,,,True,2025-11-19 09:23:06
Jeff Wilson Jr.,RB,MIA,Miami Dolphins,34,Healthy,,,True,2025-11-19 09:23:06
Jordan Addison,WR,MIN,Minnesota Vikings,3,Healthy,,,True,2025-11-19 09:23:06
Blake Brandel,G,MIN,Minnesota Vikings,64,Healthy,,,True,2025-11-19 09:23:06
Max Brosmer,QB,MIN,Minnesota Vikings,12,Healthy,,,True,2025-11-19 09:23:06
Christian Darrisaw,OT,MIN,Minnesota Vikings,71,Healthy,,,True,2025-11-19 09:23:06
Tai Felton,WR,MIN,Minnesota Vikings,13,Healthy,,,True,2025-11-19 09:23:06
Will Fries,G,MIN,Minnesota Vikings,76,Healthy,,,True,2025-11-19 09:23:06
C.J. Ham,FB,MIN,Minnesota Vikings,30,Healthy,,,True,2025-11-19 09:23:06
T.J. Hockenson,TE,MIN,Minnesota Vikings,87,Healthy,,,True,2025-11-19 09:23:06
Joe Huber,G,MIN,Minnesota Vikings,60,Healthy,,,True,2025-11-19 09:23:06
Donovan Jackson,G,MIN,Minnesota Vikings,74,Healthy,,,True,2025-11-19 09:23:06
Justin Jefferson,WR,MIN,Minnesota Vikings,18,Healthy,,,True,2025-11-19 09:23:06
Aaron Jones Sr.,RB,MIN,Minnesota Vikings,33,Healthy,,,True,2025-11-19 09:23:06
Michael Jurgens,G,MIN,Minnesota Vikings,65,Healthy,,,True,2025-11-19 09:23:06
Jordan Mason,RB,MIN,Minnesota Vikings,27,Healthy,,,True,2025-11-19 09:23:06
J.J. McCarthy,QB,MIN,Minnesota Vikings,9,Healthy,,,True,2025-11-19 09:23:06
Jalen Nailor,WR,MIN,Minnesota Vikings,1,Healthy,,,True,2025-11-19 09:23:06
Brian O'Neill,OT,MIN,Minnesota Vikings,75,Healthy,,,True,2025-11-19 09:23:06
Josh Oliver,TE,MIN,Minnesota Vikings,84,Healthy,,,True,2025-11-19 09:23:06
Myles Price,WR,MIN,Minnesota Vikings,4,Healthy,,,True,2025-11-19 09:23:06
Walter Rouse,OT,MIN,Minnesota Vikings,73,Healthy,,,True,2025-11-19 09:23:06
Zavier Scott,RB,MIN,Minnesota Vikings,36,Healthy,,,True,2025-11-19 09:23:06
Ben Sims,TE,MIN,Minnesota Vikings,89,Healthy,,,True,2025-11-19 09:23:06
Justin Skule,OT,MIN,Minnesota Vikings,67,Healthy,,,True,2025-11-19 09:23:06
Adam Thielen,WR,MIN,Minnesota Vikings,19,Healthy,,,True,2025-11-19 09:23:06
Ben Yurosek,TE,MIN,Minnesota Vikings,85,Healthy,,,True,2025-11-19 09:23:06
Jonathan Allen,DT,MIN,Minnesota Vikings,93,Healthy,,,True,2025-11-19 09:23:06
Tyler Batty,LB,MIN,Minnesota Vikings,96,Healthy,,,True,2025-11-19 09:23:06
Blake Cashman,LB,MIN,Minnesota Vikings,51,Healthy,,,True,2025-11-19 09:23:06
Chaz Chambliss,LB,MIN,Minnesota Vikings,57,Healthy,,,True,2025-11-19 09:23:06
Jonathan Greenard,LB,MIN,Minnesota Vikings,58,Questionable,Unknown,,True,2025-11-19 09:23:06
Javon Hargrave,DT,MIN,Minnesota Vikings,97,Healthy,,,True,2025-11-19 09:23:06
Tyrion Ingram-Dawkins,DE,MIN,Minnesota Vikings,90,Healthy,,,True,2025-11-19 09:23:06
Theo Jackson,S,MIN,Minnesota Vikings,26,Healthy,,,True,2025-11-19 09:23:06
Austin Keys,LB,MIN,Minnesota Vikings,56,Healthy,,,True,2025-11-19 09:23:06
Dwight McGlothern,CB,MIN,Minnesota Vikings,6,Healthy,,,True,2025-11-19 09:23:06
Joshua Metellus,S,MIN,Minnesota Vikings,44,Healthy,,,True,2025-11-19 09:23:06
Fabian Moreau,CB,MIN,Minnesota Vikings,23,Healthy,,,True,2025-11-19 09:23:06
Byron Murphy Jr.,CB,MIN,Minnesota Vikings,7,Healthy,,,True,2025-11-19 09:23:06
Ivan Pace Jr.,LB,MIN,Minnesota Vikings,0,Healthy,,,True,2025-11-19 09:23:06
Jalen Redmond,DT,MIN,Minnesota Vikings,61,Healthy,,,True,2025-11-19 09:23:06
Bo Richter,LB,MIN,Minnesota Vikings,98,Healthy,,,True,2025-11-19 09:23:06
Isaiah Rodgers,CB,MIN,Minnesota Vikings,2,Healthy,,,True,2025-11-19 09:23:06
Levi Drake Rodriguez,DT,MIN,Minnesota Vikings,50,Healthy,,,True,2025-11-19 09:23:06
Harrison Smith,S,MIN,Minnesota Vikings,22,Healthy,,,True,2025-11-19 09:23:06
Tavierre Thomas,S,MIN,Minnesota Vikings,37,Healthy,,,True,2025-11-19 09:23:06
Dallas Turner,LB,MIN,Minnesota Vikings,15,Healthy,,,True,2025-11-19 09:23:06
Andrew Van Ginkel,LB,MIN,Minnesota Vikings,43,Healthy,,,True,2025-11-19 09:23:06
Jay Ward,S,MIN,Minnesota Vikings,24,Healthy,,,True,2025-11-19 09:23:06
Elijah Williams,DE,MIN,Minnesota Vikings,99,Healthy,,,True,2025-11-19 09:23:06
Eric Wilson,LB,MIN,Minnesota Vikings,55,Healthy,,,True,2025-11-19 09:23:06
Andrew DePaola,LS,MIN,Minnesota Vikings,42,Healthy,,,True,2025-11-19 09:23:06
Will Reichard,PK,MIN,Minnesota Vikings,16,Healthy,,,True,2025-11-19 09:23:06
Ryan Wright,P,MIN,Minnesota Vikings,17,Healthy,,,True,2025-11-19 09:23:06
Gavin Bartholomew,TE,MIN,Minnesota Vikings,86,Out,Unknown,,False,2025-11-19 09:23:06
Ty Chandler,RB,MIN,Minnesota Vikings,32,Injured Reserve,Unknown,,False,2025-11-19 09:23:06
Zeke Correll,C,MIN,Minnesota Vikings,63,Injured Reserve,Unknown,,False,2025-11-19 09:23:06
Ryan Kelly,C,MIN,Minnesota Vikings,78,Injured Reserve,Unknown,,False,2025-11-19 09:23:06
Rondale Moore,WR,MIN,Minnesota Vikings,4,Injured Reserve,Unknown,,False,2025-11-19 09:23:06
Matt Nelson,OT,MIN,Minnesota Vikings,69,Injured Reserve,Unknown,,False,2025-11-19 09:23:06
Jeff Okudah,CB,MIN,Minnesota Vikings,8,Injured Reserve,Unknown,,False,2025-11-19 09:23:06
Carson Wentz,QB,MIN,Minnesota Vikings,11,Injured Reserve,Unknown,,False,2025-11-19 09:23:06
Cam Akers,RB,MIN,Minnesota Vikings,31,Healthy,,,True,2025-11-19 09:23:06
Shemar Bartholomew,CB,MIN,Minnesota Vikings,,Healthy,,,True,2025-11-19 09:23:06
Henry Byrd,G,MIN,Minnesota Vikings,68,Healthy,,,True,2025-11-19 09:23:06
Dontae Fleming,WR,MIN,Minnesota Vikings,19,Healthy,,,True,2025-11-19 09:23:06
Tyrek Funderburk,CB,MIN,Minnesota Vikings,,Healthy,,,True,2025-11-19 09:23:06
Jonathan Harris,DE,MIN,Minnesota Vikings,92,Healthy,,,True,2025-11-19 09:23:06
Jeshaun Jones,WR,MIN,Minnesota Vikings,82,Healthy,,,True,2025-11-19 09:23:06
Corey Kiner,RB,MIN,Minnesota Vikings,,Healthy,,,True,2025-11-19 09:23:06
Vershon Lee,G,MIN,Minnesota Vikings,66,Healthy,,,True,2025-11-19 09:23:06
Gabriel Murphy,LB,MIN,Minnesota Vikings,59,Questionable,Unknown,,True,2025-11-19 09:23:06
Bryson Nesbit,TE,MIN,Minnesota Vikings,46,Healthy,,,True,2025-11-19 09:23:06
Max Pircher,OT,MIN,Minnesota Vikings,,Healthy,,,True,2025-11-19 09:23:06
Taki Taimani,DT,MIN,Minnesota Vikings,94,Healthy,,,True,2025-11-19 09:23:06
Sione Takitaki,LB,MIN,Minnesota Vikings,,Healthy,,,True,2025-11-19 09:23:06
Nick Vannett,TE,MIN,Minnesota Vikings,81,Healthy,,,True,2025-11-19 09:23:06
Zemaiah Vaughn,CB,MIN,Minnesota Vikings,,Healthy,,,True,2025-11-19 09:23:06
John Wolford,QB,MIN,Minnesota Vikings,,Healthy,,,True,2025-11-19 09:23:06
Kayshon Boutte,WR,NE,New England Patriots,9,Questionable,Unknown,,True,2025-11-19 09:23:06
Garrett Bradbury,C,NE,New England Patriots,65,Healthy,,,True,2025-11-19 09:23:06
Ben Brown,C,NE,New England Patriots,77,Healthy,,,True,2025-11-19 09:23:06
Marcus Bryant,OT,NE,New England Patriots,52,Healthy,,,True,2025-11-19 09:23:06
Will Campbell,OT,NE,New England Patriots,66,Healthy,,,True,2025-11-19 09:23:06
Efton Chism III,WR,NE,New England Patriots,86,Healthy,,,True,2025-11-19 09:23:06
Tommy DeVito,QB,NE,New England Patriots,16,Healthy,,,True,2025-11-19 09:23:06
Stefon Diggs,WR,NE,New England Patriots,8,Healthy,,,True,2025-11-19 09:23:06
CJ Dippre,TE,NE,New England Patriots,82,Healthy,,,True,2025-11-19 09:23:06
Joshua Dobbs,QB,NE,New England Patriots,11,Healthy,,,True,2025-11-19 09:23:06
DeMario Douglas,WR,NE,New England Patriots,3,Healthy,,,True,2025-11-19 09:23:06
TreVeyon Henderson,RB,NE,New England Patriots,32,Healthy,,,True,2025-11-19 09:23:06
Hunter Henry,TE,NE,New England Patriots,85,Healthy,,,True,2025-11-19 09:23:06
Mack Hollins,WR,NE,New England Patriots,13,Healthy,,,True,2025-11-19 09:23:06
Austin Hooper,TE,NE,New England Patriots,81,Questionable,Unknown,,True,2025-11-19 09:23:06
Jalen Hurd,WR,NE,New England Patriots,13,Healthy,,,True,2025-11-19 09:23:06
Terrell Jennings,RB,NE,New England Patriots,26,Healthy,,,True,2025-11-19 09:23:06
Vederian Lowe,OT,NE,New England Patriots,59,Healthy,,,True,2025-11-19 09:23:06
Drake Maye,QB,NE,New England Patriots,10,Healthy,,,True,2025-11-19 09:23:06
Morgan Moses,OT,NE,New England Patriots,76,Healthy,,,True,2025-11-19 09:23:06
Mike Onwenu,OT,NE,New England Patriots,71,Healthy,,,True,2025-11-19 09:23:06
Rhamondre Stevenson,RB,NE,New England Patriots,38,Questionable,Unknown,,True,2025-11-19 09:23:06
Caedan Wallace,OT,NE,New England Patriots,70,Healthy,,,True,2025-11-19 09:23:06
Jack Westover,TE,NE,New England Patriots,37,Healthy,,,True,2025-11-19 09:23:06
Kyle Williams,WR,NE,New England Patriots,18,Healthy,,,True,2025-11-19 09:23:06
Jared Wilson,C,NE,New England Patriots,58,Healthy,,,True,2025-11-19 09:23:06
Alex Austin,CB,NE,New England Patriots,28,Healthy,,,True,2025-11-19 09:23:06
Christian Barmore,DT,NE,New England Patriots,90,Healthy,,,True,2025-11-19 09:23:06
K'Lavon Chaisson,LB,NE,New England Patriots,44,Healthy,,,True,2025-11-19 09:23:06
Carlton Davis III,CB,NE,New England Patriots,7,Healthy,,,True,2025-11-19 09:23:06
Cory Durden,DT,NE,New England Patriots,94,Healthy,,,True,2025-11-19 09:23:06
Christian Elliss,LB,NE,New England Patriots,53,Questionable,Unknown,,True,2025-11-19 09:23:06
Joshua Farmer,DT,NE,New England Patriots,92,Questionable,Unknown,,True,2025-11-19 09:23:06
Jack Gibbens,LB,NE,New England Patriots,51,Healthy,,,True,2025-11-19 09:23:06
Christian Gonzalez,CB,NE,New England Patriots,0,Healthy,,,True,2025-11-19 09:23:06
Eric Gregory,DT,NE,New England Patriots,55,Healthy,,,True,2025-11-19 09:23:06
Jaylinn Hawkins,S,NE,New England Patriots,21,Healthy,,,True,2025-11-19 09:23:06
Anfernee Jennings,LB,NE,New England Patriots,33,Healthy,,,True,2025-11-19 09:23:06
Marcus Jones,CB,NE,New England Patriots,25,Healthy,,,True,2025-11-19 09:23:06
Harold Landry III,LB,NE,New England Patriots,2,Healthy,,,True,2025-11-19 09:23:06
Marte Mapu,LB,NE,New England Patriots,15,Healthy,,,True,2025-11-19 09:23:06
Caleb Murphy,LB,NE,New England Patriots,45,Healthy,,,True,2025-11-19 09:23:06
Dell Pettus,S,NE,New England Patriots,24,Healthy,,,True,2025-11-19 09:23:06
Elijah Ponder,LB,NE,New England Patriots,91,Healthy,,,True,2025-11-19 09:23:06
Brenden Schooler,S,NE,New England Patriots,41,Healthy,,,True,2025-11-19 09:23:06
Robert Spillane,LB,NE,New England Patriots,14,Healthy,,,True,2025-11-19 09:23:06
Bradyn Swinson,LB,NE,New England Patriots,43,Healthy,,,True,2025-11-19 09:23:06
Jahlani Tavai,LB,NE,New England Patriots,48,Healthy,,,True,2025-11-19 09:23:06
Khyiris Tonga,DT,NE,New England Patriots,95,Healthy,,,True,2025-11-19 09:23:06
Charles Woods,CB,NE,New England Patriots,22,Healthy,,,True,2025-11-19 09:23:06
Craig Woodson,S,NE,New England Patriots,31,Healthy,,,True,2025-11-19 09:23:06
Julian Ashby,LS,NE,New England Patriots,47,Healthy,,,True,2025-11-19 09:23:06
Bryce Baringer,P,NE,New England Patriots,17,Healthy,,,True,2025-11-19 09:23:06
Andy Borregales,PK,NE,New England Patriots,36,Healthy,,,True,2025-11-19 09:23:06
Marcellas Dial Jr.,CB,NE,New England Patriots,27,Injured Reserve,Unknown,,False,2025-11-19 09:23:06
Yasir Durant,OT,NE,New England Patriots,72,Injured Reserve,Unknown,,False,2025-11-19 09:23:06
Antonio Gibson,RB,NE,New England Patriots,4,Injured Reserve,Unknown,,False,2025-11-19 09:23:06
Isaiah Iton,DT,NE,New England Patriots,68,Injured Reserve,Unknown,,False,2025-11-19 09:23:06
Brock Lampe,FB,NE,New England Patriots,46,Injured Reserve,Unknown,,False,2025-11-19 09:23:06
Lan Larison,RB,NE,New England Patriots,34,Injured Reserve,Unknown,,False,2025-11-19 09:23:06
Deneric Prince,RB,NE,New England Patriots,,Injured Reserve,Unknown,,False,2025-11-19 09:23:06
Jaquelin Roy,DT,NE,New England Patriots,94,Injured Reserve,Unknown,,False,2025-11-19 09:23:06
Milton Williams,DE,NE,New England Patriots,97,Injured Reserve,Unknown,,False,2025-11-19 09:23:06
Rushawn Baker,RB,NE,New England Patriots,,Healthy,,,True,2025-11-19 09:23:06
Miles Battle,CB,NE,New England Patriots,35,Healthy,,,True,2025-11-19 09:23:06
Jashaun Corbin,RB,NE,New England Patriots,,Out,Unknown,,False,2025-11-19 09:23:06
Richie Grant,S,NE,New England Patriots,39,Healthy,,,True,2025-11-19 09:23:06
Sebastian Gutierrez,OT,NE,New England Patriots,,Healthy,,,True,2025-11-19 09:23:06
Darius Harris,LB,NE,New England Patriots,42,Out,Unknown,,False,2025-11-19 09:23:06
Brenden Jaimes,G,NE,New England Patriots,61,Healthy,,,True,2025-11-19 09:23:06
John Jiles,WR,NE,New England Patriots,83,Healthy,,,True,2025-11-19 09:23:06
D'Ernest Johnson,RB,NE,New England Patriots,34,Healthy,,,True,2025-11-19 09:23:06
Fabien Lovett Sr.,DT,NE,New England Patriots,,Healthy,,,True,2025-11-19 09:23:06
Kobee Minor,CB,NE,New England Patriots,19,Healthy,,,True,2025-11-19 09:23:06
Thomas Odukoya,TE,NE,New England Patriots,,Healthy,,,True,2025-11-19 09:23:06
Jeremiah Pharms Jr.,DT,NE,New England Patriots,98,Healthy,,,True,2025-11-19 09:23:06
Otis Reese IV,LB,NE,New England Patriots,,Healthy,,,True,2025-11-19 09:23:06
Andrew Rupcich,OT,NE,New England Patriots,,Healthy,,,True,2025-11-19 09:23:06
Leonard Taylor III,DT,NE,New England Patriots,,Healthy,,,True,2025-11-19 09:23:06
Jonathan Ward,RB,NE,New England Patriots,,Healthy,,,True,2025-11-19 09:23:06
Jeremiah Webb,WR,NE,New England Patriots,29,Healthy,,,True,2025-11-19 09:23:06
Kelvin Banks Jr.,OT,NO,New Orleans Saints,71,Healthy,,,True,2025-11-19 09:23:06
Brandin Cooks,WR,NO,New Orleans Saints,10,Healthy,,,True,2025-11-19 09:23:06
Audric Estime,RB,NO,New Orleans Saints,30,Healthy,,,True,2025-11-19 09:23:06
Luke Fortner,C,NO,New Orleans Saints,79,Healthy,,,True,2025-11-19 09:23:06
Taliese Fuaga,OT,NO,New Orleans Saints,75,Questionable,Unknown,,True,2025-11-19 09:23:06
Taysom Hill,QB,NO,New Orleans Saints,7,Healthy,,,True,2025-11-19 09:23:06
Juwan Johnson,TE,NO,New Orleans Saints,83,Healthy,,,True,2025-11-19 09:23:06
Alvin Kamara,RB,NO,New Orleans Saints,41,Healthy,,,True,2025-11-19 09:23:06
Zaire Mitchell-Paden,TE,NO,New Orleans Saints,84,Healthy,,,True,2025-11-19 09:23:06
Foster Moreau,TE,NO,New Orleans Saints,87,Healthy,,,True,2025-11-19 09:23:06
Devin Neal,RB,NO,New Orleans Saints,24,Healthy,,,True,2025-11-19 09:23:06
Chris Olave,WR,NO,New Orleans Saints,12,Healthy,,,True,2025-11-19 09:23:06
Dillon Radunz,OT,NO,New Orleans Saints,77,Healthy,,,True,2025-11-19 09:23:06
Spencer Rattler,QB,NO,New Orleans Saints,2,Healthy,,,True,2025-11-19 09:23:06
Asim Richards,OT,NO,New Orleans Saints,72,Healthy,,,True,2025-11-19 09:23:06
Cesar Ruiz,C,NO,New Orleans Saints,51,Healthy,,,True,2025-11-19 09:23:06
Tyler Shough,QB,NO,New Orleans Saints,6,Healthy,,,True,2025-11-19 09:23:06
Torricelli Simpkins III,G,NO,New Orleans Saints,68,Healthy,,,True,2025-11-19 09:23:06
Jack Stoll,TE,NO,New Orleans Saints,88,Questionable,Unknown,,True,2025-11-19 09:23:06
Mason Tipton,WR,NO,New Orleans Saints,15,Healthy,,,True,2025-11-19 09:23:06
Xavier Truss,OT,NO,New Orleans Saints,74,Healthy,,,True,2025-11-19 09:23:06
Devaughn Vele,WR,NO,New Orleans Saints,14,Healthy,,,True,2025-11-19 09:23:06
Ugo Amadi,S,NO,New Orleans Saints,0,Healthy,,,True,2025-11-19 09:23:06
Khristian Boyd,DT,NO,New Orleans Saints,97,Healthy,,,True,2025-11-19 09:23:06
Bryan Bresee,DT,NO,New Orleans Saints,90,Healthy,,,True,2025-11-19 09:23:06
Jonathan Bullard,DE,NO,New Orleans Saints,98,Healthy,,,True,2025-11-19 09:23:06
Terrell Burgess,S,NO,New Orleans Saints,26,Healthy,,,True,2025-11-19 09:23:06
Demario Davis,LB,NO,New Orleans Saints,56,Healthy,,,True,2025-11-19 09:23:06
Michael Davis,CB,NO,New Orleans Saints,43,Healthy,,,True,2025-11-19 09:23:06
Jaylan Ford,LB,NO,New Orleans Saints,53,Healthy,,,True,2025-11-19 09:23:06
Davon Godchaux,DT,NO,New Orleans Saints,92,Healthy,,,True,2025-11-19 09:23:06
Carl Granderson,DE,NO,New Orleans Saints,96,Healthy,,,True,2025-11-19 09:23:06
Jordan Howden,S,NO,New Orleans Saints,31,Healthy,,,True,2025-11-19 09:23:06
Cameron Jordan,DE,NO,New Orleans Saints,94,Healthy,,,True,2025-11-19 09:23:06
Kool-Aid McKinstry,CB,NO,New Orleans Saints,4,Healthy,,,True,2025-11-19 09:23:06
Justin Reid,S,NO,New Orleans Saints,21,Healthy,,,True,2025-11-19 09:23:06
John Ridgeway III,DT,NO,New Orleans Saints,95,Healthy,,,True,2025-11-19 09:23:06
Quincy Riley,CB,NO,New Orleans Saints,29,Healthy,,,True,2025-11-19 09:23:06
Chris Rumph II,DE,NO,New Orleans Saints,58,Healthy,,,True,2025-11-19 09:23:06
Jonas Sanker,S,NO,New Orleans Saints,33,Healthy,,,True,2025-11-19 09:23:06
Nephi Sewell,LB,NO,New Orleans Saints,45,Healthy,,,True,2025-11-19 09:23:06
Nathan Shepherd,DT,NO,New Orleans Saints,93,Healthy,,,True,2025-11-19 09:23:06
Isaiah Stalbird,LB,NO,New Orleans Saints,44,Healthy,,,True,2025-11-19 09:23:06
Danny Stutsman,LB,NO,New Orleans Saints,28,Healthy,,,True,2025-11-19 09:23:06
Alontae Taylor,CB,NO,New Orleans Saints,1,Healthy,,,True,2025-11-19 09:23:06
Pete Werner,LB,NO,New Orleans Saints,20,Healthy,,,True,2025-11-19 09:23:06
Jonah Williams,DE,NO,New Orleans Saints,54,Healthy,,,True,2025-11-19 09:23:06
Rejzohn Wright,CB,NO,New Orleans Saints,25,Healthy,,,True,2025-11-19 09:23:06
Isaac Yiadom,CB,NO,New Orleans Saints,27,Healthy,,,True,2025-11-19 09:23:06
Chase Young,DE,NO,New Orleans Saints,99,Healthy,,,True,2025-11-19 09:23:06
Blake Grupe,PK,NO,New Orleans Saints,19,Healthy,,,True,2025-11-19 09:23:06
Kai Kroeger,P,NO,New Orleans Saints,32,Healthy,,,True,2025-11-19 09:23:06
Zach Wood,LS,NO,New Orleans Saints,49,Healthy,,,True,2025-11-19 09:23:06
Julian Blackmon,S,NO,New Orleans Saints,23,Injured Reserve,Unknown,,False,2025-11-19 09:23:06
Vernon Broughton,DT,NO,New Orleans Saints,91,Injured Reserve,Unknown,,False,2025-11-19 09:23:06
Will Clapp,C,NO,New Orleans Saints,76,Injured Reserve,Unknown,,False,2025-11-19 09:23:06
Erik McCoy,C,NO,New Orleans Saints,78,Injured Reserve,Unknown,,False,2025-11-19 09:23:06
Bub Means,WR,NO,New Orleans Saints,16,Injured Reserve,Unknown,,False,2025-11-19 09:23:06
Kendre Miller,RB,NO,New Orleans Saints,5,Injured Reserve,Unknown,,False,2025-11-19 09:23:06
Trey Palmer,WR,NO,New Orleans Saints,17,Injured Reserve,Unknown,,False,2025-11-19 09:23:06
Mason Pline,TE,NO,New Orleans Saints,85,Injured Reserve,Unknown,,False,2025-11-19 09:23:06
Ja'Lynn Polk,WR,NO,New Orleans Saints,89,Injured Reserve,Unknown,,False,2025-11-19 09:23:06
Nick Saldiveri,OT,NO,New Orleans Saints,64,Injured Reserve,Unknown,,False,2025-11-19 09:23:06
Barry Wesley,OT,NO,New Orleans Saints,69,Injured Reserve,Unknown,,False,2025-11-19 09:23:06
Landon Young,OT,NO,New Orleans Saints,67,Injured Reserve,Unknown,,False,2025-11-19 09:23:06
Kevin Austin Jr.,WR,NO,New Orleans Saints,81,Healthy,,,True,2025-11-19 09:23:06
Dalys Beanum,CB,NO,New Orleans Saints,,Healthy,,,True,2025-11-19 09:23:06
Ronnie Bell,WR,NO,New Orleans Saints,,Healthy,,,True,2025-11-19 09:23:06
Elliott Davison,S,NO,New Orleans Saints,,Healthy,,,True,2025-11-19 09:23:06
Hunter Dekkers,QB,NO,New Orleans Saints,,Out,Unknown,,False,2025-11-19 09:23:06
Fadil Diggs,DE,NO,New Orleans Saints,40,Healthy,,,True,2025-11-19 09:23:06
Jake Haener,QB,NO,New Orleans Saints,3,Healthy,,,True,2025-11-19 09:23:06
Evan Hull,RB,NO,New Orleans Saints,,Healthy,,,True,2025-11-19 09:23:06
Coziah Izzard,DT,NO,New Orleans Saints,,Healthy,,,True,2025-11-19 09:23:06
Easton Kilty,OT,NO,New Orleans Saints,,Healthy,,,True,2025-11-19 09:23:06
Eku Leota,LB,NO,New Orleans Saints,55,Healthy,,,True,2025-11-19 09:23:06
Moliki Matavao,TE,NO,New Orleans Saints,80,Healthy,,,True,2025-11-19 09:23:06
Dante Pettis,WR,NO,New Orleans Saints,17,Healthy,,,True,2025-11-19 09:23:06
Jayden Price,CB,NO,New Orleans Saints,,Healthy,,,True,2025-11-19 09:23:06
Will Sherman,G,NO,New Orleans Saints,,Healthy,,,True,2025-11-19 09:23:06
Charlie Smyth,PK,NO,New Orleans Saints,39,Healthy,,,True,2025-11-19 09:23:06
Treyton Welch,TE,NO,New Orleans Saints,82,Healthy,,,True,2025-11-19 09:23:06
Daniel Bellinger,TE,NYG,New York Giants,82,Healthy,,,True,2025-11-19 09:23:06
Jaxson Dart,QB,NYG,New York Giants,6,Questionable,Unknown,,True,2025-11-19 09:23:06
Jermaine Eluemunor,OT,NYG,New York Giants,72,Healthy,,,True,2025-11-19 09:23:06
Thomas Fidone II,TE,NYG,New York Giants,86,Healthy,,,True,2025-11-19 09:23:06
Isaiah Hodgins,WR,NYG,New York Giants,89,Healthy,,,True,2025-11-19 09:23:06
James Hudson III,OT,NYG,New York Giants,55,Healthy,,,True,2025-11-19 09:23:06
Jalin Hyatt,WR,NYG,New York Giants,13,Healthy,,,True,2025-11-19 09:23:06
Theo Johnson,TE,NYG,New York Giants,84,Healthy,,,True,2025-11-19 09:23:06
Chris Manhertz,TE,NYG,New York Giants,85,Healthy,,,True,2025-11-19 09:23:06
Marcus Mbow,G,NYG,New York Giants,71,Healthy,,,True,2025-11-19 09:23:06
Gunner Olszewski,WR,NYG,New York Giants,80,Healthy,,,True,2025-11-19 09:23:06
Wan'Dale Robinson,WR,NYG,New York Giants,17,Healthy,,,True,2025-11-19 09:23:06
Jon Runyan,G,NYG,New York Giants,76,Healthy,,,True,2025-11-19 09:23:06
Austin Schlottmann,C,NYG,New York Giants,65,Healthy,,,True,2025-11-19 09:23:06
John Michael Schmitz Jr.,C,NYG,New York Giants,61,Healthy,,,True,2025-11-19 09:23:06
Devin Singletary,RB,NYG,New York Giants,26,Healthy,,,True,2025-11-19 09:23:06
Darius Slayton,WR,NYG,New York Giants,18,Questionable,Unknown,,True,2025-11-19 09:23:06
Aaron Stinnie,G,NYG,New York Giants,64,Healthy,,,True,2025-11-19 09:23:06
Andrew Thomas,OT,NYG,New York Giants,78,Healthy,,,True,2025-11-19 09:23:06
Tyrone Tracy Jr.,RB,NYG,New York Giants,29,Healthy,,,True,2025-11-19 09:23:06
Greg Van Roten,G,NYG,New York Giants,74,Healthy,,,True,2025-11-19 09:23:06
Russell Wilson,QB,NYG,New York Giants,3,Healthy,,,True,2025-11-19 09:23:06
Jameis Winston,QB,NYG,New York Giants,19,Healthy,,,True,2025-11-19 09:23:06
Paulson Adebo,CB,NYG,New York Giants,21,Questionable,Unknown,,True,2025-11-19 09:23:06
Darius Alexander,DT,NYG,New York Giants,91,Healthy,,,True,2025-11-19 09:23:06
Deonte Banks,CB,NYG,New York Giants,2,Healthy,,,True,2025-11-19 09:23:06
Zaire Barnes,LB,NYG,New York Giants,46,Healthy,,,True,2025-11-19 09:23:06
Dane Belton,S,NYG,New York Giants,24,Healthy,,,True,2025-11-19 09:23:06
Jarrick Bernard-Converse,CB,NYG,New York Giants,35,Healthy,,,True,2025-11-19 09:23:06
Korie Black,CB,NYG,New York Giants,38,Healthy,,,True,2025-11-19 09:23:06
Beau Brade,S,NYG,New York Giants,34,Healthy,,,True,2025-11-19 09:23:06
Brian Burns,LB,NYG,New York Giants,0,Healthy,,,True,2025-11-19 09:23:06
Abdul Carter,LB,NYG,New York Giants,51,Healthy,,,True,2025-11-19 09:23:06
D.J. Davidson,DT,NYG,New York Giants,98,Healthy,,,True,2025-11-19 09:23:06
Victor Dimukeje,LB,NYG,New York Giants,52,Healthy,,,True,2025-11-19 09:23:06
Demetrius Flannigan-Fowles,LB,NYG,New York Giants,33,Healthy,,,True,2025-11-19 09:23:06
Cor'Dale Flott,CB,NYG,New York Giants,28,Healthy,,,True,2025-11-19 09:23:06
Chauncey Golston,DE,NYG,New York Giants,57,Questionable,Unknown,,True,2025-11-19 09:23:06
Neville Hewitt,LB,NYG,New York Giants,47,Healthy,,,True,2025-11-19 09:23:06
Jevon Holland,S,NYG,New York Giants,8,Healthy,,,True,2025-11-19 09:23:06
Nic Jones,CB,NYG,New York Giants,31,Healthy,,,True,2025-11-19 09:23:06
Dexter Lawrence II,DT,NYG,New York Giants,97,Healthy,,,True,2025-11-19 09:23:06
Tyler Nubin,S,NYG,New York Giants,27,Questionable,Unknown,,True,2025-11-19 09:23:06
Rakeem Nunez-Roches,DT,NYG,New York Giants,93,Questionable,Unknown,,True,2025-11-19 09:23:06
Bobby Okereke,LB,NYG,New York Giants,58,Healthy,,,True,2025-11-19 09:23:06
Rico Payton,CB,NYG,New York Giants,36,Healthy,,,True,2025-11-19 09:23:06
Dru Phillips,CB,NYG,New York Giants,22,Healthy,,,True,2025-11-19 09:23:06
Roy Robertson-Harris,DT,NYG,New York Giants,95,Healthy,,,True,2025-11-19 09:23:06
Kayvon Thibodeaux,LB,NYG,New York Giants,5,Questionable,Unknown,,True,2025-11-19 09:23:06
Jamie Gillan,P,NYG,New York Giants,12,Healthy,,,True,2025-11-19 09:23:06
Younghoe Koo,PK,NYG,New York Giants,37,Healthy,,,True,2025-11-19 09:23:06
Casey Kreiter,LS,NYG,New York Giants,59,Healthy,,,True,2025-11-19 09:23:06
Chris Board,LB,NYG,New York Giants,49,Injured Reserve,Unknown,,False,2025-11-19 09:23:06
Beaux Collins,WR,NYG,New York Giants,81,Injured Reserve,Unknown,,False,2025-11-19 09:23:06
Joshua Ezeudu,G,NYG,New York Giants,75,Injured Reserve,Unknown,,False,2025-11-19 09:23:06
Da'Quan Felton,WR,NYG,New York Giants,9,Injured Reserve,Unknown,,False,2025-11-19 09:23:06
Bryce Ford-Wheaton,WR,NYG,New York Giants,88,Injured Reserve,Unknown,,False,2025-11-19 09:23:06
Graham Gano,PK,NYG,New York Giants,9,Injured Reserve,Unknown,,False,2025-11-19 09:23:06
Eric Gray,RB,NYG,New York Giants,20,Out,Unknown,,False,2025-11-19 09:23:06
Art Green,CB,NYG,New York Giants,23,Injured Reserve,Unknown,,False,2025-11-19 09:23:06
Anthony Johnson Jr.,S,NYG,New York Giants,23,Out,Unknown,,False,2025-11-19 09:23:06
Micah McFadden,LB,NYG,New York Giants,41,Injured Reserve,Unknown,,False,2025-11-19 09:23:06
TJ Moore,CB,NYG,New York Giants,30,Injured Reserve,Unknown,,False,2025-11-19 09:23:06
Darius Muasau,LB,NYG,New York Giants,53,Injured Reserve,Unknown,,False,2025-11-19 09:23:06
Malik Nabers,WR,NYG,New York Giants,1,Injured Reserve,Unknown,,False,2025-11-19 09:23:06
Evan Neal,OT,NYG,New York Giants,73,Injured Reserve,Unknown,,False,2025-11-19 09:23:06
Cam Skattebo,RB,NYG,New York Giants,44,Injured Reserve,Unknown,,False,2025-11-19 09:23:06
Swayze Bozeman,LB,NYG,New York Giants,54,Healthy,,,True,2025-11-19 09:23:06
Dalen Cambre,WR,NYG,New York Giants,83,Healthy,,,True,2025-11-19 09:23:06
Elijah Chatman,DT,NYG,New York Giants,94,Healthy,,,True,2025-11-19 09:23:06
Zach Davidson,TE,NYG,New York Giants,,Healthy,,,True,2025-11-19 09:23:06
Trace Ford,LB,NYG,New York Giants,,Healthy,,,True,2025-11-19 09:23:06
Reid Holskey,OT,NYG,New York Giants,,Healthy,,,True,2025-11-19 09:23:06
Bryan Hudson,C,NYG,New York Giants,,Healthy,,,True,2025-11-19 09:23:06
Jake Kubas,G,NYG,New York Giants,63,Healthy,,,True,2025-11-19 09:23:06
Raheem Layne,S,NYG,New York Giants,43,Healthy,,,True,2025-11-19 09:23:06
Jude McAtamney,PK,NYG,New York Giants,99,Healthy,,,True,2025-11-19 09:23:06
Ray-Ray McCloud III,WR,NYG,New York Giants,39,Healthy,,,True,2025-11-19 09:23:06
Dante Miller,RB,NYG,New York Giants,25,Healthy,,,True,2025-11-19 09:23:06
Jordon Riley,DT,NYG,New York Giants,99,Healthy,,,True,2025-11-19 09:23:06
Ben Sauls,PK,NYG,New York Giants,,Healthy,,,True,2025-11-19 09:23:06
Ihmir Smith-Marsette,WR,NYG,New York Giants,87,Healthy,,,True,2025-11-19 09:23:06
Andrew Beck,FB,NYJ,New York Jets,47,Healthy,,,True,2025-11-19 09:23:06
Isaiah Davis,RB,NYJ,New York Jets,32,Healthy,,,True,2025-11-19 09:23:06
Olu Fashanu,OT,NYJ,New York Jets,74,Healthy,,,True,2025-11-19 09:23:06
Justin Fields,QB,NYJ,New York Jets,7,Healthy,,,True,2025-11-19 09:23:06
Breece Hall,RB,NYJ,New York Jets,20,Healthy,,,True,2025-11-19 09:23:06
Khalil Herbert,RB,NYJ,New York Jets,36,Questionable,Unknown,,True,2025-11-19 09:23:06
Tyler Johnson,WR,NYJ,New York Jets,16,Healthy,,,True,2025-11-19 09:23:06
Allen Lazard,WR,NYJ,New York Jets,10,Healthy,,,True,2025-11-19 09:23:06
Kohl Levao,G,NYJ,New York Jets,,Healthy,,,True,2025-11-19 09:23:06
Armand Membou,OT,NYJ,New York Jets,70,Healthy,,,True,2025-11-19 09:23:06
John Metchie III,WR,NYJ,New York Jets,15,Healthy,,,True,2025-11-19 09:23:06
Adonai Mitchell,WR,NYJ,New York Jets,15,Healthy,,,True,2025-11-19 09:23:06
Max Mitchell,OT,NYJ,New York Jets,61,Healthy,,,True,2025-11-19 09:23:06
Josh Myers,C,NYJ,New York Jets,71,Healthy,,,True,2025-11-19 09:23:06
Xavier Newman,G,NYJ,New York Jets,65,Healthy,,,True,2025-11-19 09:23:06
Kene Nwangwu,RB,NYJ,New York Jets,34,Healthy,,,True,2025-11-19 09:23:06
Chukwuma Okorafor,OT,NYJ,New York Jets,79,Healthy,,,True,2025-11-19 09:23:06
Jeremy Ruckert,TE,NYJ,New York Jets,89,Healthy,,,True,2025-11-19 09:23:06
John Simpson,G,NYJ,New York Jets,76,Healthy,,,True,2025-11-19 09:23:06
Stone Smartt,TE,NYJ,New York Jets,84,Healthy,,,True,2025-11-19 09:23:06
Arian Smith,WR,NYJ,New York Jets,82,Healthy,,,True,2025-11-19 09:23:06
Mason Taylor,TE,NYJ,New York Jets,85,Healthy,,,True,2025-11-19 09:23:06
Tyrod Taylor,QB,NYJ,New York Jets,2,Healthy,,,True,2025-11-19 09:23:06
Joe Tippmann,C,NYJ,New York Jets,66,Healthy,,,True,2025-11-19 09:23:06
Isaiah Williams,WR,NYJ,New York Jets,18,Healthy,,,True,2025-11-19 09:23:06
Jelani Woods,TE,NYJ,New York Jets,86,Healthy,,,True,2025-11-19 09:23:06
Tony Adams,S,NYJ,New York Jets,22,Healthy,,,True,2025-11-19 09:23:06
Tyler Baron,DE,NYJ,New York Jets,94,Healthy,,,True,2025-11-19 09:23:06
Jowon Briggs,DT,NYJ,New York Jets,91,Healthy,,,True,2025-11-19 09:23:06
Jarvis Brownlee Jr.,CB,NYJ,New York Jets,29,Healthy,,,True,2025-11-19 09:23:06
Dean Clark,S,NYJ,New York Jets,35,Healthy,,,True,2025-11-19 09:23:06
Micheal Clemons,DE,NYJ,New York Jets,72,Healthy,,,True,2025-11-19 09:23:06
Jermaine Johnson,LB,NYJ,New York Jets,11,Healthy,,,True,2025-11-19 09:23:06
Kobe King,LB,NYJ,New York Jets,45,Healthy,,,True,2025-11-19 09:23:06
Kiko Mauigoa,LB,NYJ,New York Jets,51,Healthy,,,True,2025-11-19 09:23:06
Will McDonald IV,DE,NYJ,New York Jets,9,Healthy,,,True,2025-11-19 09:23:06
Braiden McGregor,DE,NYJ,New York Jets,55,Questionable,Unknown,,True,2025-11-19 09:23:06
Malachi Moore,S,NYJ,New York Jets,27,Healthy,,,True,2025-11-19 09:23:06
Isaiah Oliver,S,NYJ,New York Jets,26,Healthy,,,True,2025-11-19 09:23:06
Harrison Phillips,DT,NYJ,New York Jets,97,Healthy,,,True,2025-11-19 09:23:06
Khalen Saunders,DT,NYJ,New York Jets,99,Healthy,,,True,2025-11-19 09:23:06
Jamien Sherwood,LB,NYJ,New York Jets,44,Healthy,,,True,2025-11-19 09:23:06
Mazi Smith,DT,NYJ,New York Jets,98,Healthy,,,True,2025-11-19 09:23:06
Brandon Stephens,CB,NYJ,New York Jets,21,Healthy,,,True,2025-11-19 09:23:06
Qwan'tez Stiggers,CB,NYJ,New York Jets,37,Healthy,,,True,2025-11-19 09:23:06
Ja'Sir Taylor,CB,NYJ,New York Jets,36,Healthy,,,True,2025-11-19 09:23:06
Azareye'h Thomas,CB,NYJ,New York Jets,23,Questionable,Unknown,,True,2025-11-19 09:23:06
Jay Tufele,DT,NYJ,New York Jets,78,Healthy,,,True,2025-11-19 09:23:06
Mykal Walker,LB,NYJ,New York Jets,53,Healthy,,,True,2025-11-19 09:23:06
Ja'Markis Weston,LB,NYJ,New York Jets,54,Healthy,,,True,2025-11-19 09:23:06
Quincy Williams,LB,NYJ,New York Jets,56,Healthy,,,True,2025-11-19 09:23:06
Nick Folk,PK,NYJ,New York Jets,6,Healthy,,,True,2025-11-19 09:23:06
Thomas Hennessy,LS,NYJ,New York Jets,42,Healthy,,,True,2025-11-19 09:23:06
Austin McNamara,P,NYJ,New York Jets,14,Healthy,,,True,2025-11-19 09:23:06
Braelon Allen,RB,NYJ,New York Jets,0,Injured Reserve,Unknown,,False,2025-11-19 09:23:06
Kris Boyd,CB,NYJ,New York Jets,17,Injured Reserve,Unknown,,False,2025-11-19 09:23:06
Irvin Charles,WR,NYJ,New York Jets,19,Out,Unknown,,False,2025-11-19 09:23:06
Andre Cisco,S,NYJ,New York Jets,8,Injured Reserve,Unknown,,False,2025-11-19 09:23:06
Byron Cowart,DT,NYJ,New York Jets,93,Injured Reserve,Unknown,,False,2025-11-19 09:23:06
Gus Hartwig,C,NYJ,New York Jets,63,Injured Reserve,Unknown,,False,2025-11-19 09:23:06
Cam Jones,LB,NYJ,New York Jets,43,Injured Reserve,Unknown,,False,2025-11-19 09:23:06
Marcelino McCrary-Ball,LB,NYJ,New York Jets,41,Injured Reserve,Unknown,,False,2025-11-19 09:23:06
Josh Reynolds,WR,NYJ,New York Jets,83,Injured Reserve,Unknown,,False,2025-11-19 09:23:06
Alijah Vera-Tucker,G,NYJ,New York Jets,75,Injured Reserve,Unknown,,False,2025-11-19 09:23:06
Garrett Wilson,WR,NYJ,New York Jets,5,Injured Reserve,Unknown,,False,2025-11-19 09:23:06
Tre Brown,CB,NYJ,New York Jets,,Healthy,,,True,2025-11-19 09:23:06
Jordan Clark,CB,NYJ,New York Jets,,Healthy,,,True,2025-11-19 09:23:06
Brady Cook,QB,NYJ,New York Jets,4,Healthy,,,True,2025-11-19 09:23:06
Liam Fornadel,G,NYJ,New York Jets,50,Healthy,,,True,2025-11-19 09:23:06
Marquis Hayes,G,NYJ,New York Jets,,Healthy,,,True,2025-11-19 09:23:06
Trenton Irwin,WR,NYJ,New York Jets,,Healthy,,,True,2025-11-19 09:23:06
Jarius Monroe,S,NYJ,New York Jets,25,Healthy,,,True,2025-11-19 09:23:06
Fatorma Mulbah,DT,NYJ,New York Jets,62,Healthy,,,True,2025-11-19 09:23:06
Nik Needham,CB,NYJ,New York Jets,,Healthy,,,True,2025-11-19 09:23:06
Payton Page,DT,NYJ,New York Jets,69,Healthy,,,True,2025-11-19 09:23:06
Jamaal Pritchett,WR,NYJ,New York Jets,36,Healthy,,,True,2025-11-19 09:23:06
Keilan Robinson,RB,NYJ,New York Jets,,Out,Unknown,,False,2025-11-19 09:23:06
Jackson Sirmon,LB,NYJ,New York Jets,49,Healthy,,,True,2025-11-19 09:23:06
Quentin Skinner,WR,NYJ,New York Jets,39,Healthy,,,True,2025-11-19 09:23:06
Eric Watts,DE,NYJ,New York Jets,58,Healthy,,,True,2025-11-19 09:23:06
Leander Wiegand,G,NYJ,New York Jets,64,Healthy,,,True,2025-11-19 09:23:06
Saquon Barkley,RB,PHI,Philadelphia Eagles,26,Healthy,,,True,2025-11-19 09:23:06
Tank Bigsby,RB,PHI,Philadelphia Eagles,37,Healthy,,,True,2025-11-19 09:23:06
A.J. Brown,WR,PHI,Philadelphia Eagles,11,Healthy,,,True,2025-11-19 09:23:06
Grant Calcaterra,TE,PHI,Philadelphia Eagles,81,Healthy,,,True,2025-11-19 09:23:06
Darius Cooper,WR,PHI,Philadelphia Eagles,80,Healthy,,,True,2025-11-19 09:23:06
Landon Dickerson,G,PHI,Philadelphia Eagles,69,Healthy,,,True,2025-11-19 09:23:06
AJ Dillon,RB,PHI,Philadelphia Eagles,29,Healthy,,,True,2025-11-19 09:23:06
Jahan Dotson,WR,PHI,Philadelphia Eagles,2,Healthy,,,True,2025-11-19 09:23:06
Xavier Gipson,WR,PHI,Philadelphia Eagles,87,Healthy,,,True,2025-11-19 09:23:06
Dallas Goedert,TE,PHI,Philadelphia Eagles,88,Healthy,,,True,2025-11-19 09:23:06
Kylen Granson,TE,PHI,Philadelphia Eagles,83,Healthy,,,True,2025-11-19 09:23:06
Sam Howell,QB,PHI,Philadelphia Eagles,14,Healthy,,,True,2025-11-19 09:23:06
Jalen Hurts,QB,PHI,Philadelphia Eagles,1,Healthy,,,True,2025-11-19 09:23:06
Fred Johnson,OT,PHI,Philadelphia Eagles,74,Healthy,,,True,2025-11-19 09:23:06
Lane Johnson,OT,PHI,Philadelphia Eagles,65,Doubtful,Unknown,,False,2025-11-19 09:23:06
Cam Jurgens,C,PHI,Philadelphia Eagles,51,Healthy,,,True,2025-11-19 09:23:06
Drew Kendall,C,PHI,Philadelphia Eagles,66,Healthy,,,True,2025-11-19 09:23:06
Cameron Latu,TE,PHI,Philadelphia Eagles,36,Healthy,,,True,2025-11-19 09:23:06
Jordan Mailata,OT,PHI,Philadelphia Eagles,68,Healthy,,,True,2025-11-19 09:23:06
Tanner McKee,QB,PHI,Philadelphia Eagles,16,Healthy,,,True,2025-11-19 09:23:06
Matt Pryor,OT,PHI,Philadelphia Eagles,79,Healthy,,,True,2025-11-19 09:23:06
Will Shipley,RB,PHI,Philadelphia Eagles,28,Healthy,,,True,2025-11-19 09:23:06
DeVonta Smith,WR,PHI,Philadelphia Eagles,6,Healthy,,,True,2025-11-19 09:23:06
Tyler Steen,G,PHI,Philadelphia Eagles,56,Healthy,,,True,2025-11-19 09:23:06
Brett Toth,OT,PHI,Philadelphia Eagles,64,Healthy,,,True,2025-11-19 09:23:06
Zack Baun,LB,PHI,Philadelphia Eagles,53,Healthy,,,True,2025-11-19 09:23:06
Jakorian Bennett,CB,PHI,Philadelphia Eagles,23,Healthy,,,True,2025-11-19 09:23:06
Reed Blankenship,S,PHI,Philadelphia Eagles,32,Healthy,,,True,2025-11-19 09:23:06
Sydney Brown,S,PHI,Philadelphia Eagles,21,Healthy,,,True,2025-11-19 09:23:06
Jihaad Campbell,LB,PHI,Philadelphia Eagles,30,Healthy,,,True,2025-11-19 09:23:06
Jalen Carter,DT,PHI,Philadelphia Eagles,98,Healthy,,,True,2025-11-19 09:23:06
Michael Carter II,CB,PHI,Philadelphia Eagles,35,Healthy,,,True,2025-11-19 09:23:06
Jordan Davis,DT,PHI,Philadelphia Eagles,90,Healthy,,,True,2025-11-19 09:23:06
Nakobe Dean,LB,PHI,Philadelphia Eagles,17,Healthy,,,True,2025-11-19 09:23:06
Cooper DeJean,CB,PHI,Philadelphia Eagles,33,Healthy,,,True,2025-11-19 09:23:06
Brandon Graham,DE,PHI,Philadelphia Eagles,55,Healthy,,,True,2025-11-19 09:23:06
Jalyx Hunt,LB,PHI,Philadelphia Eagles,58,Healthy,,,True,2025-11-19 09:23:06
Adoree' Jackson,CB,PHI,Philadelphia Eagles,8,Healthy,,,True,2025-11-19 09:23:06
Mac McWilliams,CB,PHI,Philadelphia Eagles,22,Healthy,,,True,2025-11-19 09:23:06
Quinyon Mitchell,CB,PHI,Philadelphia Eagles,27,Healthy,,,True,2025-11-19 09:23:06
Smael Mondon Jr.,LB,PHI,Philadelphia Eagles,42,Healthy,,,True,2025-11-19 09:23:06
Andrew Mukuba,S,PHI,Philadelphia Eagles,24,Healthy,,,True,2025-11-19 09:23:06
Moro Ojomo,DT,PHI,Philadelphia Eagles,97,Healthy,,,True,2025-11-19 09:23:06
Jaelan Phillips,LB,PHI,Philadelphia Eagles,50,Healthy,,,True,2025-11-19 09:23:06
Kelee Ringo,CB,PHI,Philadelphia Eagles,7,Healthy,,,True,2025-11-19 09:23:06
Ty Robinson,DT,PHI,Philadelphia Eagles,95,Healthy,,,True,2025-11-19 09:23:06
Nolan Smith Jr.,LB,PHI,Philadelphia Eagles,3,Healthy,,,True,2025-11-19 09:23:06
Jeremiah Trotter Jr.,LB,PHI,Philadelphia Eagles,54,Healthy,,,True,2025-11-19 09:23:06
Joshua Uche,LB,PHI,Philadelphia Eagles,0,Healthy,,,True,2025-11-19 09:23:06
Byron Young,DT,PHI,Philadelphia Eagles,94,Healthy,,,True,2025-11-19 09:23:06
Cal Adomitis,LS,PHI,Philadelphia Eagles,57,Healthy,,,True,2025-11-19 09:23:06
Jake Elliott,PK,PHI,Philadelphia Eagles,4,Healthy,,,True,2025-11-19 09:23:06
Braden Mann,P,PHI,Philadelphia Eagles,10,Healthy,,,True,2025-11-19 09:23:06
Marcus Epps,S,PHI,Philadelphia Eagles,39,Injured Reserve,Unknown,,False,2025-11-19 09:23:06
Myles Hinton,OT,PHI,Philadelphia Eagles,78,Injured Reserve,Unknown,,False,2025-11-19 09:23:06
Charley Hughlett,LS,PHI,Philadelphia Eagles,47,Injured Reserve,Unknown,,False,2025-11-19 09:23:06
Willie Lampkin,C,PHI,Philadelphia Eagles,61,Injured Reserve,Unknown,,False,2025-11-19 09:23:06
Azeez Ojulari,LB,PHI,Philadelphia Eagles,13,Injured Reserve,Unknown,,False,2025-11-19 09:23:06
Ogbo Okoronkwo,DE,PHI,Philadelphia Eagles,45,Injured Reserve,Unknown,,False,2025-11-19 09:23:06
Ben VanSumeren,FB,PHI,Philadelphia Eagles,43,Injured Reserve,Unknown,,False,2025-11-19 09:23:06
Cameron Williams,OT,PHI,Philadelphia Eagles,73,Injured Reserve,Unknown,,False,2025-11-19 09:23:06
Johnny Wilson,WR,PHI,Philadelphia Eagles,89,Injured Reserve,Unknown,,False,2025-11-19 09:23:06
Chance Campbell,LB,PHI,Philadelphia Eagles,59,Healthy,,,True,2025-11-19 09:23:06
Tariq Castro-Fields,CB,PHI,Philadelphia Eagles,46,Healthy,,,True,2025-11-19 09:23:06
Britain Covey,WR,PHI,Philadelphia Eagles,,Healthy,,,True,2025-11-19 09:23:06
Luke Felix-Fualalo,OT,PHI,Philadelphia Eagles,,Healthy,,,True,2025-11-19 09:23:06
Ta'Quon Graham,DE,PHI,Philadelphia Eagles,,Healthy,,,True,2025-11-19 09:23:06
Danny Gray,WR,PHI,Philadelphia Eagles,80,Healthy,,,True,2025-11-19 09:23:06
Gabe Hall,DT,PHI,Philadelphia Eagles,96,Healthy,,,True,2025-11-19 09:23:06
E.J. Jenkins,TE,PHI,Philadelphia Eagles,84,Healthy,,,True,2025-11-19 09:23:06
Brandon Johnson,S,PHI,Philadelphia Eagles,35,Healthy,,,True,2025-11-19 09:23:06
Patrick Johnson,LB,PHI,Philadelphia Eagles,48,Healthy,,,True,2025-11-19 09:23:06
Jake Majors,C,PHI,Philadelphia Eagles,,Healthy,,,True,2025-11-19 09:23:06
Kyle McCord,QB,PHI,Philadelphia Eagles,19,Healthy,,,True,2025-11-19 09:23:06
Parry Nickerson,CB,PHI,Philadelphia Eagles,34,Healthy,,,True,2025-11-19 09:23:06
Hollin Pierce,OT,PHI,Philadelphia Eagles,,Healthy,,,True,2025-11-19 09:23:06
Eli Ricks,CB,PHI,Philadelphia Eagles,,Healthy,,,True,2025-11-19 09:23:06
Andre' Sam,S,PHI,Philadelphia Eagles,,Healthy,,,True,2025-11-19 09:23:06
Ambry Thomas,CB,PHI,Philadelphia Eagles,,Healthy,,,True,2025-11-19 09:23:06
Quez Watkins,WR,PHI,Philadelphia Eagles,,Questionable,Unknown,,True,2025-11-19 09:23:06
Calvin Anderson,OT,PIT,Pittsburgh Steelers,67,Healthy,,,True,2025-11-19 09:23:06
Spencer Anderson,G,PIT,Pittsburgh Steelers,74,Healthy,,,True,2025-11-19 09:23:06
Calvin Austin III,WR,PIT,Pittsburgh Steelers,19,Healthy,,,True,2025-11-19 09:23:06
Troy Fautanu,OT,PIT,Pittsburgh Steelers,76,Healthy,,,True,2025-11-19 09:23:06
Zach Frazier,C,PIT,Pittsburgh Steelers,54,Healthy,,,True,2025-11-19 09:23:06
Pat Freiermuth,TE,PIT,Pittsburgh Steelers,88,Healthy,,,True,2025-11-19 09:23:06
Kenneth Gainwell,RB,PIT,Pittsburgh Steelers,14,Healthy,,,True,2025-11-19 09:23:06
Connor Heyward,TE,PIT,Pittsburgh Steelers,83,Healthy,,,True,2025-11-19 09:23:06
Will Howard,QB,PIT,Pittsburgh Steelers,18,Healthy,,,True,2025-11-19 09:23:06
Kaleb Johnson,RB,PIT,Pittsburgh Steelers,20,Healthy,,,True,2025-11-19 09:23:06
Broderick Jones,OT,PIT,Pittsburgh Steelers,77,Healthy,,,True,2025-11-19 09:23:06
Ryan McCollum,C,PIT,Pittsburgh Steelers,62,Healthy,,,True,2025-11-19 09:23:06
Mason McCormick,G,PIT,Pittsburgh Steelers,66,Healthy,,,True,2025-11-19 09:23:06
DK Metcalf,WR,PIT,Pittsburgh Steelers,4,Healthy,,,True,2025-11-19 09:23:06
Scotty Miller,WR,PIT,Pittsburgh Steelers,13,Healthy,,,True,2025-11-19 09:23:06
Andrus Peat,G,PIT,Pittsburgh Steelers,71,Healthy,,,True,2025-11-19 09:23:06
Aaron Rodgers,QB,PIT,Pittsburgh Steelers,8,Questionable,Unknown,,True,2025-11-19 09:23:06
Mason Rudolph,QB,PIT,Pittsburgh Steelers,2,Healthy,,,True,2025-11-19 09:23:06
Isaac Seumalo,G,PIT,Pittsburgh Steelers,73,Healthy,,,True,2025-11-19 09:23:06
Ben Skowronek,WR,PIT,Pittsburgh Steelers,15,Healthy,,,True,2025-11-19 09:23:06
Jonnu Smith,TE,PIT,Pittsburgh Steelers,81,Healthy,,,True,2025-11-19 09:23:06
Jaylen Warren,RB,PIT,Pittsburgh Steelers,30,Questionable,Unknown,,True,2025-11-19 09:23:06
Darnell Washington,TE,PIT,Pittsburgh Steelers,80,Healthy,,,True,2025-11-19 09:23:06
Ke'Shawn Williams,WR,PIT,Pittsburgh Steelers,85,Questionable,Unknown,,True,2025-11-19 09:23:06
Roman Wilson,WR,PIT,Pittsburgh Steelers,10,Healthy,,,True,2025-11-19 09:23:06
Keeanu Benton,DT,PIT,Pittsburgh Steelers,95,Healthy,,,True,2025-11-19 09:23:06
Yahya Black,DE,PIT,Pittsburgh Steelers,94,Healthy,,,True,2025-11-19 09:23:06
Carson Bruener,LB,PIT,Pittsburgh Steelers,44,Healthy,,,True,2025-11-19 09:23:06
Sebastian Castro,S,PIT,Pittsburgh Steelers,29,Healthy,,,True,2025-11-19 09:23:06
Chuck Clark,S,PIT,Pittsburgh Steelers,21,Healthy,,,True,2025-11-19 09:23:06
Kyle Dugger,S,PIT,Pittsburgh Steelers,29,Healthy,,,True,2025-11-19 09:23:06
Brandin Echols,CB,PIT,Pittsburgh Steelers,26,Questionable,Unknown,,True,2025-11-19 09:23:06
Derrick Harmon,DT,PIT,Pittsburgh Steelers,99,Healthy,,,True,2025-11-19 09:23:06
Malik Harrison,LB,PIT,Pittsburgh Steelers,50,Healthy,,,True,2025-11-19 09:23:06
Nick Herbig,LB,PIT,Pittsburgh Steelers,51,Healthy,,,True,2025-11-19 09:23:06
Cameron Heyward,DT,PIT,Pittsburgh Steelers,97,Healthy,,,True,2025-11-19 09:23:06
Alex Highsmith,LB,PIT,Pittsburgh Steelers,56,Questionable,Unknown,,True,2025-11-19 09:23:06
Cole Holcomb,LB,PIT,Pittsburgh Steelers,55,Questionable,Unknown,,True,2025-11-19 09:23:06
Logan Lee,DT,PIT,Pittsburgh Steelers,91,Healthy,,,True,2025-11-19 09:23:06
Brodric Martin-Rhodes,DT,PIT,Pittsburgh Steelers,78,Healthy,,,True,2025-11-19 09:23:06
Esezi Otomewo,DE,PIT,Pittsburgh Steelers,93,Healthy,,,True,2025-11-19 09:23:06
Jabrill Peppers,S,PIT,Pittsburgh Steelers,40,Healthy,,,True,2025-11-19 09:23:06
James Pierre,CB,PIT,Pittsburgh Steelers,42,Healthy,,,True,2025-11-19 09:23:06
Joey Porter Jr.,CB,PIT,Pittsburgh Steelers,24,Healthy,,,True,2025-11-19 09:23:06
Patrick Queen,LB,PIT,Pittsburgh Steelers,6,Healthy,,,True,2025-11-19 09:23:06
Jalen Ramsey,CB,PIT,Pittsburgh Steelers,5,Healthy,,,True,2025-11-19 09:23:06
Jack Sawyer,LB,PIT,Pittsburgh Steelers,33,Healthy,,,True,2025-11-19 09:23:06
Darius Slay,CB,PIT,Pittsburgh Steelers,23,Questionable,Unknown,,True,2025-11-19 09:23:06
T.J. Watt,LB,PIT,Pittsburgh Steelers,90,Healthy,,,True,2025-11-19 09:23:06
Payton Wilson,LB,PIT,Pittsburgh Steelers,41,Healthy,,,True,2025-11-19 09:23:06
Chris Boswell,PK,PIT,Pittsburgh Steelers,9,Healthy,,,True,2025-11-19 09:23:06
Christian Kuntz,LS,PIT,Pittsburgh Steelers,46,Healthy,,,True,2025-11-19 09:23:06
Corliss Waitman,P,PIT,Pittsburgh Steelers,3,Healthy,,,True,2025-11-19 09:23:06
Daniel Ekuale,DT,PIT,Pittsburgh Steelers,96,Injured Reserve,Unknown,,False,2025-11-19 09:23:06
DeShon Elliott,S,PIT,Pittsburgh Steelers,25,Injured Reserve,Unknown,,False,2025-11-19 09:23:06
Donte Kent,CB,PIT,Pittsburgh Steelers,34,Injured Reserve,Unknown,,False,2025-11-19 09:23:06
Miles Killebrew,S,PIT,Pittsburgh Steelers,28,Injured Reserve,Unknown,,False,2025-11-19 09:23:06
Isaiahh Loudermilk,DT,PIT,Pittsburgh Steelers,92,Injured Reserve,Unknown,,False,2025-11-19 09:23:06
Dean Lowry,DT,PIT,Pittsburgh Steelers,94,Injured Reserve,Unknown,,False,2025-11-19 09:23:06
Donald Parham Jr.,TE,PIT,Pittsburgh Steelers,89,Injured Reserve,Unknown,,False,2025-11-19 09:23:06
Max Scharping,G,PIT,Pittsburgh Steelers,64,Injured Reserve,Unknown,,False,2025-11-19 09:23:06
Jacob Slade,DT,PIT,Pittsburgh Steelers,79,Injured Reserve,Unknown,,False,2025-11-19 09:23:06
Skylar Thompson,QB,PIT,Pittsburgh Steelers,17,Injured Reserve,Unknown,,False,2025-11-19 09:23:06
Cory Trice Jr.,CB,PIT,Pittsburgh Steelers,27,Injured Reserve,Unknown,,False,2025-11-19 09:23:06
Kyler Baugh,DT,PIT,Pittsburgh Steelers,,Healthy,,,True,2025-11-19 09:23:06
Dylan Cook,OT,PIT,Pittsburgh Steelers,,Healthy,,,True,2025-11-19 09:23:06
Jack Driscoll,OT,PIT,Pittsburgh Steelers,75,Healthy,,,True,2025-11-19 09:23:06
Daequan Hardy,CB,PIT,Pittsburgh Steelers,,Healthy,,,True,2025-11-19 09:23:06
Max Hurleman,RB,PIT,Pittsburgh Steelers,,Healthy,,,True,2025-11-19 09:23:06
D'Shawn Jamison,CB,PIT,Pittsburgh Steelers,38,Healthy,,,True,2025-11-19 09:23:06
Steven Jones,G,PIT,Pittsburgh Steelers,,Healthy,,,True,2025-11-19 09:23:06
DeMarvin Leal,DE,PIT,Pittsburgh Steelers,98,Healthy,,,True,2025-11-19 09:23:06
Lew Nichols,RB,PIT,Pittsburgh Steelers,35,Healthy,,,True,2025-11-19 09:23:06
Daryl Porter Jr.,CB,PIT,Pittsburgh Steelers,39,Healthy,,,True,2025-11-19 09:23:06
Mark Robinson,LB,PIT,Pittsburgh Steelers,57,Healthy,,,True,2025-11-19 09:23:06
Asante Samuel Jr.,CB,PIT,Pittsburgh Steelers,26,Healthy,,,True,2025-11-19 09:23:06
Trey Sermon,RB,PIT,Pittsburgh Steelers,37,Healthy,,,True,2025-11-19 09:23:06
Matt Sokol,TE,PIT,Pittsburgh Steelers,,Healthy,,,True,2025-11-19 09:23:06
Marquez Valdes-Scantling,WR,PIT,Pittsburgh Steelers,,Healthy,,,True,2025-11-19 09:23:06
Julius Welschof,LB,PIT,Pittsburgh Steelers,45,Healthy,,,True,2025-11-19 09:23:06
Ben Bartch,G,SF,San Francisco 49ers,78,Healthy,,,True,2025-11-19 09:23:06
Kendrick Bourne,WR,SF,San Francisco 49ers,84,Healthy,,,True,2025-11-19 09:23:06
Jake Brendel,C,SF,San Francisco 49ers,64,Healthy,,,True,2025-11-19 09:23:06
Spencer Burford,OT,SF,San Francisco 49ers,74,Healthy,,,True,2025-11-19 09:23:06
Connor Colby,G,SF,San Francisco 49ers,75,Healthy,,,True,2025-11-19 09:23:06
Luke Farrell,TE,SF,San Francisco 49ers,89,Healthy,,,True,2025-11-19 09:23:06
Isaac Guerendo,RB,SF,San Francisco 49ers,31,Healthy,,,True,2025-11-19 09:23:06
Matt Hennessy,C,SF,San Francisco 49ers,61,Healthy,,,True,2025-11-19 09:23:06
Jordan James,RB,SF,San Francisco 49ers,29,Healthy,,,True,2025-11-19 09:23:06
Jauan Jennings,WR,SF,San Francisco 49ers,15,Healthy,,,True,2025-11-19 09:23:06
Mac Jones,QB,SF,San Francisco 49ers,10,Healthy,,,True,2025-11-19 09:23:06
Kyle Juszczyk,FB,SF,San Francisco 49ers,44,Healthy,,,True,2025-11-19 09:23:06
George Kittle,TE,SF,San Francisco 49ers,85,Healthy,,,True,2025-11-19 09:23:06
Christian McCaffrey,RB,SF,San Francisco 49ers,23,Healthy,,,True,2025-11-19 09:23:06
Colton McKivitz,OT,SF,San Francisco 49ers,68,Healthy,,,True,2025-11-19 09:23:06
Skyy Moore,WR,SF,San Francisco 49ers,9,Healthy,,,True,2025-11-19 09:23:06
Ricky Pearsall,WR,SF,San Francisco 49ers,1,Healthy,,,True,2025-11-19 09:23:06
Austen Pleasants,OT,SF,San Francisco 49ers,62,Healthy,,,True,2025-11-19 09:23:06
Dominick Puni,G,SF,San Francisco 49ers,77,Healthy,,,True,2025-11-19 09:23:06
Brock Purdy,QB,SF,San Francisco 49ers,13,Healthy,,,True,2025-11-19 09:23:06
Demarcus Robinson,WR,SF,San Francisco 49ers,5,Healthy,,,True,2025-11-19 09:23:06
Brian Robinson Jr.,RB,SF,San Francisco 49ers,3,Healthy,,,True,2025-11-19 09:23:06
Jake Tonges,TE,SF,San Francisco 49ers,88,Healthy,,,True,2025-11-19 09:23:06
Jordan Watkins,WR,SF,San Francisco 49ers,17,Healthy,,,True,2025-11-19 09:23:06
Trent Williams,OT,SF,San Francisco 49ers,71,Healthy,,,True,2025-11-19 09:23:06
Robert Beal Jr.,DE,SF,San Francisco 49ers,51,Questionable,Unknown,,True,2025-11-19 09:23:06
Tatum Bethune,LB,SF,San Francisco 49ers,48,Doubtful,Unknown,,False,2025-11-19 09:23:06
Ji'Ayir Brown,S,SF,San Francisco 49ers,27,Healthy,,,True,2025-11-19 09:23:06
Alfred Collins,DT,SF,San Francisco 49ers,95,Healthy,,,True,2025-11-19 09:23:06
Kalia Davis,DT,SF,San Francisco 49ers,93,Healthy,,,True,2025-11-19 09:23:06
Jordan Elliott,DT,SF,San Francisco 49ers,92,Healthy,,,True,2025-11-19 09:23:06
Clelin Ferrell,DE,SF,San Francisco 49ers,96,Healthy,,,True,2025-11-19 09:23:06
Luke Gifford,LB,SF,San Francisco 49ers,57,Healthy,,,True,2025-11-19 09:23:06
Kevin Givens,DT,SF,San Francisco 49ers,90,Healthy,,,True,2025-11-19 09:23:06
Renardo Green,CB,SF,San Francisco 49ers,0,Healthy,,,True,2025-11-19 09:23:06
Bryce Huff,DE,SF,San Francisco 49ers,47,Healthy,,,True,2025-11-19 09:23:06
Deommodore Lenoir,CB,SF,San Francisco 49ers,2,Healthy,,,True,2025-11-19 09:23:06
Chase Lucas,CB,SF,San Francisco 49ers,26,Healthy,,,True,2025-11-19 09:23:06
Darrell Luter Jr.,CB,SF,San Francisco 49ers,28,Healthy,,,True,2025-11-19 09:23:06
Nick Martin,LB,SF,San Francisco 49ers,45,Healthy,,,True,2025-11-19 09:23:06
Malik Mustapha,S,SF,San Francisco 49ers,6,Healthy,,,True,2025-11-19 09:23:06
Siran Neal,CB,SF,San Francisco 49ers,33,Healthy,,,True,2025-11-19 09:23:06
Sam Okuayinonu,DT,SF,San Francisco 49ers,91,Healthy,,,True,2025-11-19 09:23:06
Jason Pinnock,S,SF,San Francisco 49ers,25,Healthy,,,True,2025-11-19 09:23:06
Curtis Robinson,LB,SF,San Francisco 49ers,59,Healthy,,,True,2025-11-19 09:23:06
Marques Sigle,S,SF,San Francisco 49ers,36,Healthy,,,True,2025-11-19 09:23:06
Upton Stout,CB,SF,San Francisco 49ers,20,Healthy,,,True,2025-11-19 09:23:06
CJ West,DT,SF,San Francisco 49ers,99,Healthy,,,True,2025-11-19 09:23:06
Keion White,DE,SF,San Francisco 49ers,56,Healthy,,,True,2025-11-19 09:23:06
Dee Winters,LB,SF,San Francisco 49ers,53,Healthy,,,True,2025-11-19 09:23:06
Thomas Morstead,P,SF,San Francisco 49ers,7,Healthy,,,True,2025-11-19 09:23:06
Eddy Pineiro,PK,SF,San Francisco 49ers,18,Questionable,Unknown,,True,2025-11-19 09:23:06
Jon Weeks,LS,SF,San Francisco 49ers,46,Healthy,,,True,2025-11-19 09:23:06
Brandon Aiyuk,WR,SF,San Francisco 49ers,11,Out,Unknown,,False,2025-11-19 09:23:06
Nick Bosa,DE,SF,San Francisco 49ers,97,Injured Reserve,Unknown,,False,2025-11-19 09:23:06
Jacob Cowing,WR,SF,San Francisco 49ers,19,Injured Reserve,Unknown,,False,2025-11-19 09:23:06
Yetur Gross-Matos,DE,SF,San Francisco 49ers,94,Injured Reserve,Unknown,,False,2025-11-19 09:23:06
Tarron Jackson,DE,SF,San Francisco 49ers,56,Injured Reserve,Unknown,,False,2025-11-19 09:23:06
Jakob Robinson,CB,SF,San Francisco 49ers,49,Injured Reserve,Unknown,,False,2025-11-19 09:23:06
Kurtis Rourke,QB,SF,San Francisco 49ers,4,Out,Unknown,,False,2025-11-19 09:23:06
Trent Taylor,WR,SF,San Francisco 49ers,81,Injured Reserve,Unknown,,False,2025-11-19 09:23:06
Patrick Taylor Jr.,RB,SF,San Francisco 49ers,32,Injured Reserve,Unknown,,False,2025-11-19 09:23:06
Tre Tomlinson,CB,SF,San Francisco 49ers,35,Injured Reserve,Unknown,,False,2025-11-19 09:23:06
Fred Warner,LB,SF,San Francisco 49ers,54,Injured Reserve,Unknown,,False,2025-11-19 09:23:06
Mykel Williams,DE,SF,San Francisco 49ers,98,Injured Reserve,Unknown,,False,2025-11-19 09:23:06
Isaac Alarcon,OT,SF,San Francisco 49ers,67,Healthy,,,True,2025-11-19 09:23:06
Evan Anderson,DT,SF,San Francisco 49ers,58,Healthy,,,True,2025-11-19 09:23:06
Eli Apple,CB,SF,San Francisco 49ers,30,Healthy,,,True,2025-11-19 09:23:06
Junior Bergen,WR,SF,San Francisco 49ers,86,Healthy,,,True,2025-11-19 09:23:06
William Bradley-King,DE,SF,San Francisco 49ers,,Healthy,,,True,2025-11-19 09:23:06
Derrick Canteen,CB,SF,San Francisco 49ers,,Healthy,,,True,2025-11-19 09:23:06
Andrew Farmer,LB,SF,San Francisco 49ers,53,Healthy,,,True,2025-11-19 09:23:06
Russell Gage Jr.,WR,SF,San Francisco 49ers,14,Healthy,,,True,2025-11-19 09:23:06
Jalen Graham,LB,SF,San Francisco 49ers,41,Healthy,,,True,2025-11-19 09:23:06
Adrian Martinez,QB,SF,San Francisco 49ers,4,Healthy,,,True,2025-11-19 09:23:06
Drake Nugent,C,SF,San Francisco 49ers,66,Healthy,,,True,2025-11-19 09:23:06
Brandon Parker,OT,SF,San Francisco 49ers,75,Healthy,,,True,2025-11-19 09:23:06
Malik Turner,WR,SF,San Francisco 49ers,18,Healthy,,,True,2025-11-19 09:23:06
Sebastian Valdez,DT,SF,San Francisco 49ers,55,Healthy,,,True,2025-11-19 09:23:06
Brayden Willis,TE,SF,San Francisco 49ers,82,Healthy,,,True,2025-11-19 09:23:06
Nick Zakelj,OT,SF,San Francisco 49ers,63,Healthy,,,True,2025-11-19 09:23:06
Elijah Arroyo,TE,SEA,Seattle Seahawks,18,Healthy,,,True,2025-11-19 09:23:06
AJ Barner,TE,SEA,Seattle Seahawks,88,Healthy,,,True,2025-11-19 09:23:06
Jake Bobo,WR,SEA,Seattle Seahawks,19,Healthy,,,True,2025-11-19 09:23:06
Anthony Bradford,G,SEA,Seattle Seahawks,75,Healthy,,,True,2025-11-19 09:23:06
Bryce Cabeldue,G,SEA,Seattle Seahawks,77,Healthy,,,True,2025-11-19 09:23:06
Zach Charbonnet,RB,SEA,Seattle Seahawks,26,Healthy,,,True,2025-11-19 09:23:06
Charles Cross,OT,SEA,Seattle Seahawks,67,Healthy,,,True,2025-11-19 09:23:06
Sam Darnold,QB,SEA,Seattle Seahawks,14,Healthy,,,True,2025-11-19 09:23:06
Christian Haynes,G,SEA,Seattle Seahawks,64,Healthy,,,True,2025-11-19 09:23:06
George Holani,RB,SEA,Seattle Seahawks,36,Healthy,,,True,2025-11-19 09:23:06
Tory Horton,WR,SEA,Seattle Seahawks,15,Questionable,Unknown,,True,2025-11-19 09:23:06
Josh Jones,G,SEA,Seattle Seahawks,74,Healthy,,,True,2025-11-19 09:23:06
Nick Kallerup,TE,SEA,Seattle Seahawks,89,Healthy,,,True,2025-11-19 09:23:06
Cooper Kupp,WR,SEA,Seattle Seahawks,10,Healthy,,,True,2025-11-19 09:23:06
Drew Lock,QB,SEA,Seattle Seahawks,2,Healthy,,,True,2025-11-19 09:23:06
Abraham Lucas,OT,SEA,Seattle Seahawks,72,Healthy,,,True,2025-11-19 09:23:06
Jalen Milroe,QB,SEA,Seattle Seahawks,6,Healthy,,,True,2025-11-19 09:23:06
Olu Oluwatimi,C,SEA,Seattle Seahawks,55,Healthy,,,True,2025-11-19 09:23:06
Robbie Ouzts,FB,SEA,Seattle Seahawks,40,Healthy,,,True,2025-11-19 09:23:06
Mason Richman,G,SEA,Seattle Seahawks,78,Healthy,,,True,2025-11-19 09:23:06
Brady Russell,FB,SEA,Seattle Seahawks,38,Healthy,,,True,2025-11-19 09:23:06
Rashid Shaheed,WR,SEA,Seattle Seahawks,22,Healthy,,,True,2025-11-19 09:23:06
Jaxon Smith-Njigba,WR,SEA,Seattle Seahawks,11,Healthy,,,True,2025-11-19 09:23:06
Kenneth Walker III,RB,SEA,Seattle Seahawks,9,Healthy,,,True,2025-11-19 09:23:06
Cody White,WR,SEA,Seattle Seahawks,82,Healthy,,,True,2025-11-19 09:23:06
Grey Zabel,G,SEA,Seattle Seahawks,76,Questionable,Unknown,,True,2025-11-19 09:23:06
D'Anthony Bell,S,SEA,Seattle Seahawks,23,Healthy,,,True,2025-11-19 09:23:06
Quinton Bohanna,DT,SEA,Seattle Seahawks,92,Healthy,,,True,2025-11-19 09:23:06
Coby Bryant,S,SEA,Seattle Seahawks,8,Healthy,,,True,2025-11-19 09:23:06
Nick Emmanwori,S,SEA,Seattle Seahawks,3,Healthy,,,True,2025-11-19 09:23:06
Derick Hall,LB,SEA,Seattle Seahawks,58,Healthy,,,True,2025-11-19 09:23:06
Jared Ivey,LB,SEA,Seattle Seahawks,51,Healthy,,,True,2025-11-19 09:23:06
Josh Jobe,CB,SEA,Seattle Seahawks,29,Healthy,,,True,2025-11-19 09:23:06
Ernest Jones IV,LB,SEA,Seattle Seahawks,13,Healthy,,,True,2025-11-19 09:23:06
Derion Kendrick,CB,SEA,Seattle Seahawks,1,Healthy,,,True,2025-11-19 09:23:06
Tyrice Knight,LB,SEA,Seattle Seahawks,48,Questionable,Unknown,,True,2025-11-19 09:23:06
DeMarcus Lawrence,DE,SEA,Seattle Seahawks,0,Healthy,,,True,2025-11-19 09:23:06
Boye Mafe,LB,SEA,Seattle Seahawks,53,Healthy,,,True,2025-11-19 09:23:06
Mike Morris,DE,SEA,Seattle Seahawks,94,Healthy,,,True,2025-11-19 09:23:06
Byron Murphy II,DT,SEA,Seattle Seahawks,91,Healthy,,,True,2025-11-19 09:23:06
Uchenna Nwosu,LB,SEA,Seattle Seahawks,7,Healthy,,,True,2025-11-19 09:23:06
Connor O'Toole,LB,SEA,Seattle Seahawks,57,Healthy,,,True,2025-11-19 09:23:06
Ty Okada,S,SEA,Seattle Seahawks,39,Healthy,,,True,2025-11-19 09:23:06
Brandon Pili,DT,SEA,Seattle Seahawks,95,Healthy,,,True,2025-11-19 09:23:06
Nehemiah Pritchett,CB,SEA,Seattle Seahawks,28,Healthy,,,True,2025-11-19 09:23:06
Chazz Surratt,LB,SEA,Seattle Seahawks,44,Healthy,,,True,2025-11-19 09:23:06
Drake Thomas,LB,SEA,Seattle Seahawks,42,Healthy,,,True,2025-11-19 09:23:06
Leonard Williams,DE,SEA,Seattle Seahawks,99,Healthy,,,True,2025-11-19 09:23:06
Devon Witherspoon,CB,SEA,Seattle Seahawks,21,Healthy,,,True,2025-11-19 09:23:06
Riq Woolen,CB,SEA,Seattle Seahawks,27,Healthy,,,True,2025-11-19 09:23:06
Michael Dickson,P,SEA,Seattle Seahawks,4,Healthy,,,True,2025-11-19 09:23:06
Jason Myers,PK,SEA,Seattle Seahawks,5,Healthy,,,True,2025-11-19 09:23:06
Chris Stoll,LS,SEA,Seattle Seahawks,41,Healthy,,,True,2025-11-19 09:23:06
AJ Finley,S,SEA,Seattle Seahawks,30,Injured Reserve,Unknown,,False,2025-11-19 09:23:06
Johnathan Hankins,DT,SEA,Seattle Seahawks,97,Out,Unknown,,False,2025-11-19 09:23:06
Julian Love,S,SEA,Seattle Seahawks,20,Injured Reserve,Unknown,,False,2025-11-19 09:23:06
Kenny McIntosh,RB,SEA,Seattle Seahawks,25,Injured Reserve,Unknown,,False,2025-11-19 09:23:06
Rylie Mills,DT,SEA,Seattle Seahawks,98,Out,Unknown,,False,2025-11-19 09:23:06
Jarran Reed,DT,SEA,Seattle Seahawks,90,Injured Reserve,Unknown,,False,2025-11-19 09:23:06
Eric Saubert,TE,SEA,Seattle Seahawks,81,Injured Reserve,Unknown,,False,2025-11-19 09:23:06
Jalen Sundell,C,SEA,Seattle Seahawks,61,Injured Reserve,Unknown,,False,2025-11-19 09:23:06
Dareke Young,WR,SEA,Seattle Seahawks,83,Injured Reserve,Unknown,,False,2025-11-19 09:23:06
Tyrone Broden,WR,SEA,Seattle Seahawks,,Out,Unknown,,False,2025-11-19 09:23:06
Logan Brown,OT,SEA,Seattle Seahawks,,Healthy,,,True,2025-11-19 09:23:06
Myles Gaskin,RB,SEA,Seattle Seahawks,,Healthy,,,True,2025-11-19 09:23:06
Shaquill Griffin,CB,SEA,Seattle Seahawks,24,Healthy,,,True,2025-11-19 09:23:06
Tyler Hall,CB,SEA,Seattle Seahawks,33,Healthy,,,True,2025-11-19 09:23:06
Maxen Hook,S,SEA,Seattle Seahawks,,Healthy,,,True,2025-11-19 09:23:06
Courtney Jackson,WR,SEA,Seattle Seahawks,,Healthy,,,True,2025-11-19 09:23:06
Shemar Jean-Charles,CB,SEA,Seattle Seahawks,,Healthy,,,True,2025-11-19 09:23:06
Velus Jones Jr.,RB,SEA,Seattle Seahawks,,Healthy,,,True,2025-11-19 09:23:06
Amari Kight,OT,SEA,Seattle Seahawks,79,Healthy,,,True,2025-11-19 09:23:06
Shane Lemieux,C,SEA,Seattle Seahawks,,Out,Unknown,,False,2025-11-19 09:23:06
Federico Maranges,C,SEA,Seattle Seahawks,62,Healthy,,,True,2025-11-19 09:23:06
Patrick O'Connell,LB,SEA,Seattle Seahawks,52,Healthy,,,True,2025-11-19 09:23:06
Chris Paul Jr.,LB,SEA,Seattle Seahawks,,Healthy,,,True,2025-11-19 09:23:06
Brenden Rice,WR,SEA,Seattle Seahawks,,Healthy,,,True,2025-11-19 09:23:06
Jamie Sheriff,LB,SEA,Seattle Seahawks,50,Healthy,,,True,2025-11-19 09:23:06
J.R. Singleton,DT,SEA,Seattle Seahawks,,Healthy,,,True,2025-11-19 09:23:06
Bubba Thomas,DT,SEA,Seattle Seahawks,69,Healthy,,,True,2025-11-19 09:23:06
Ricky White III,WR,SEA,Seattle Seahawks,86,Healthy,,,True,2025-11-19 09:23:06
Jacardia Wright,RB,SEA,Seattle Seahawks,31,Out,Unknown,,False,2025-11-19 09:23:06
Graham Barton,C,TB,Tampa Bay Buccaneers,62,Healthy,,,True,2025-11-19 09:23:06
Ben Bredeson,G,TB,Tampa Bay Buccaneers,68,Questionable,Unknown,,True,2025-11-19 09:23:06
Teddy Bridgewater,QB,TB,Tampa Bay Buccaneers,10,Healthy,,,True,2025-11-19 09:23:06
Benjamin Chukwuma,OT,TB,Tampa Bay Buccaneers,70,Healthy,,,True,2025-11-19 09:23:06
Devin Culp,TE,TB,Tampa Bay Buccaneers,82,Healthy,,,True,2025-11-19 09:23:06
Payne Durham,TE,TB,Tampa Bay Buccaneers,87,Healthy,,,True,2025-11-19 09:23:06
Emeka Egbuka,WR,TB,Tampa Bay Buccaneers,2,Healthy,,,True,2025-11-19 09:23:06
Dan Feeney,G,TB,Tampa Bay Buccaneers,65,Healthy,,,True,2025-11-19 09:23:06
Chris Godwin Jr.,WR,TB,Tampa Bay Buccaneers,14,Questionable,Unknown,,True,2025-11-19 09:23:06
Luke Goedeke,OT,TB,Tampa Bay Buccaneers,67,Healthy,,,True,2025-11-19 09:23:06
Luke Haggard,OT,TB,Tampa Bay Buccaneers,72,Healthy,,,True,2025-11-19 09:23:06
Charlie Heck,OT,TB,Tampa Bay Buccaneers,77,Healthy,,,True,2025-11-19 09:23:06
Bucky Irving,RB,TB,Tampa Bay Buccaneers,7,Questionable,Unknown,,True,2025-11-19 09:23:06
Kameron Johnson,WR,TB,Tampa Bay Buccaneers,19,Healthy,,,True,2025-11-19 09:23:06
Tez Johnson,WR,TB,Tampa Bay Buccaneers,15,Healthy,,,True,2025-11-19 09:23:06
Mike Jordan,G,TB,Tampa Bay Buccaneers,60,Healthy,,,True,2025-11-19 09:23:06
Elijah Klein,G,TB,Tampa Bay Buccaneers,79,Healthy,,,True,2025-11-19 09:23:06
Baker Mayfield,QB,TB,Tampa Bay Buccaneers,6,Healthy,,,True,2025-11-19 09:23:06
Ryan Miller,WR,TB,Tampa Bay Buccaneers,81,Healthy,,,True,2025-11-19 09:23:06
Cade Otton,TE,TB,Tampa Bay Buccaneers,88,Healthy,,,True,2025-11-19 09:23:06
Sterling Shepard,WR,TB,Tampa Bay Buccaneers,17,Healthy,,,True,2025-11-19 09:23:06
Sean Tucker,RB,TB,Tampa Bay Buccaneers,44,Healthy,,,True,2025-11-19 09:23:06
Rachaad White,RB,TB,Tampa Bay Buccaneers,1,Healthy,,,True,2025-11-19 09:23:06
Josh Williams,RB,TB,Tampa Bay Buccaneers,18,Suspension,Unknown,,False,2025-11-19 09:23:06
Tristan Wirfs,OT,TB,Tampa Bay Buccaneers,78,Healthy,,,True,2025-11-19 09:23:06
Owen Wright,RB,TB,Tampa Bay Buccaneers,49,Healthy,,,True,2025-11-19 09:23:06
Chris Braswell,LB,TB,Tampa Bay Buccaneers,43,Healthy,,,True,2025-11-19 09:23:06
C.J. Brewer,DT,TB,Tampa Bay Buccaneers,52,Healthy,,,True,2025-11-19 09:23:06
John Bullock,LB,TB,Tampa Bay Buccaneers,57,Healthy,,,True,2025-11-19 09:23:06
Lavonte David,LB,TB,Tampa Bay Buccaneers,54,Healthy,,,True,2025-11-19 09:23:06
Jamel Dean,CB,TB,Tampa Bay Buccaneers,35,Questionable,Unknown,,True,2025-11-19 09:23:06
SirVocea Dennis,LB,TB,Tampa Bay Buccaneers,8,Healthy,,,True,2025-11-19 09:23:06
Yaya Diaby,LB,TB,Tampa Bay Buccaneers,0,Healthy,,,True,2025-11-19 09:23:06
Greg Gaines,DT,TB,Tampa Bay Buccaneers,96,Healthy,,,True,2025-11-19 09:23:06
Logan Hall,DE,TB,Tampa Bay Buccaneers,90,Healthy,,,True,2025-11-19 09:23:06
Josh Hayes,CB,TB,Tampa Bay Buccaneers,32,Healthy,,,True,2025-11-19 09:23:06
Christian Izien,S,TB,Tampa Bay Buccaneers,29,Healthy,,,True,2025-11-19 09:23:06
Deion Jones,LB,TB,Tampa Bay Buccaneers,45,Healthy,,,True,2025-11-19 09:23:06
Zyon McCollum,CB,TB,Tampa Bay Buccaneers,27,Healthy,,,True,2025-11-19 09:23:06
Kaevon Merriweather,S,TB,Tampa Bay Buccaneers,26,Healthy,,,True,2025-11-19 09:23:06
Benjamin Morrison,CB,TB,Tampa Bay Buccaneers,21,Healthy,,,True,2025-11-19 09:23:06
Anthony Nelson,LB,TB,Tampa Bay Buccaneers,98,Healthy,,,True,2025-11-19 09:23:06
Jacob Parrish,CB,TB,Tampa Bay Buccaneers,25,Healthy,,,True,2025-11-19 09:23:06
Haason Reddick,LB,TB,Tampa Bay Buccaneers,5,Questionable,Unknown,,True,2025-11-19 09:23:06
Elijah Roberts,DE,TB,Tampa Bay Buccaneers,95,Healthy,,,True,2025-11-19 09:23:06
Elijah Simmons,DT,TB,Tampa Bay Buccaneers,92,Healthy,,,True,2025-11-19 09:23:06
Tykee Smith,S,TB,Tampa Bay Buccaneers,23,Healthy,,,True,2025-11-19 09:23:06
Vita Vea,DT,TB,Tampa Bay Buccaneers,50,Healthy,,,True,2025-11-19 09:23:06
Kindle Vildor,CB,TB,Tampa Bay Buccaneers,22,Healthy,,,True,2025-11-19 09:23:06
Markees Watts,LB,TB,Tampa Bay Buccaneers,58,Questionable,Unknown,,True,2025-11-19 09:23:06
Antoine Winfield Jr.,S,TB,Tampa Bay Buccaneers,31,Healthy,,,True,2025-11-19 09:23:06
Evan Deckers,LS,TB,Tampa Bay Buccaneers,86,Healthy,,,True,2025-11-19 09:23:06
Riley Dixon,P,TB,Tampa Bay Buccaneers,9,Healthy,,,True,2025-11-19 09:23:06
Chase McLaughlin,PK,TB,Tampa Bay Buccaneers,4,Healthy,,,True,2025-11-19 09:23:06
Mike Evans,WR,TB,Tampa Bay Buccaneers,13,Injured Reserve,Unknown,,False,2025-11-19 09:23:06
Calijah Kancey,DT,TB,Tampa Bay Buccaneers,94,Injured Reserve,Unknown,,False,2025-11-19 09:23:06
Ko Kieft,TE,TB,Tampa Bay Buccaneers,41,Injured Reserve,Unknown,,False,2025-11-19 09:23:06
Cody Mauch,G,TB,Tampa Bay Buccaneers,69,Injured Reserve,Unknown,,False,2025-11-19 09:23:06
Jalen McMillan,WR,TB,Tampa Bay Buccaneers,11,Injured Reserve,Unknown,,False,2025-11-19 09:23:06
JJ Roberts,S,TB,Tampa Bay Buccaneers,36,Injured Reserve,Unknown,,False,2025-11-19 09:23:06
Jaden Smith,WR,TB,Tampa Bay Buccaneers,80,Injured Reserve,Unknown,,False,2025-11-19 09:23:06
David Walker,LB,TB,Tampa Bay Buccaneers,51,Injured Reserve,Unknown,,False,2025-11-19 09:23:06
Rashad Wisdom,S,TB,Tampa Bay Buccaneers,38,Injured Reserve,Unknown,,False,2025-11-19 09:23:06
Marcus Banks,S,TB,Tampa Bay Buccaneers,39,Healthy,,,True,2025-11-19 09:23:06
Karsen Barnhart,OT,TB,Tampa Bay Buccaneers,,Healthy,,,True,2025-11-19 09:23:06
Connor Bazelak,QB,TB,Tampa Bay Buccaneers,16,Healthy,,,True,2025-11-19 09:23:06
Adam Gotsis,DT,TB,Tampa Bay Buccaneers,97,Healthy,,,True,2025-11-19 09:23:06
Garrett Greene,WR,TB,Tampa Bay Buccaneers,85,Healthy,,,True,2025-11-19 09:23:06
Bryce Hall,CB,TB,Tampa Bay Buccaneers,34,Healthy,,,True,2025-11-19 09:23:06
Dennis Houston,WR,TB,Tampa Bay Buccaneers,89,Healthy,,,True,2025-11-19 09:23:06
Nash Hutmacher,DT,TB,Tampa Bay Buccaneers,,Healthy,,,True,2025-11-19 09:23:06
Nick Jackson,LB,TB,Tampa Bay Buccaneers,53,Healthy,,,True,2025-11-19 09:23:06
Brandon Johnson,WR,TB,Tampa Bay Buccaneers,,Healthy,,,True,2025-11-19 09:23:06
Jayson Jones,DT,TB,Tampa Bay Buccaneers,,Out,Unknown,,False,2025-11-19 09:23:06
Mohamed Kamara,LB,TB,Tampa Bay Buccaneers,59,Healthy,,,True,2025-11-19 09:23:06
Tyler McLellan,OT,TB,Tampa Bay Buccaneers,74,Out,Unknown,,False,2025-11-19 09:23:06
Lorenz Metz,OT,TB,Tampa Bay Buccaneers,71,Healthy,,,True,2025-11-19 09:23:06
Ben Scott,G,TB,Tampa Bay Buccaneers,,Healthy,,,True,2025-11-19 09:23:06
Tanner Taula,TE,TB,Tampa Bay Buccaneers,84,Healthy,,,True,2025-11-19 09:23:06
Benton Whitley,LB,TB,Tampa Bay Buccaneers,,Healthy,,,True,2025-11-19 09:23:06
Michael Wiley,RB,TB,Tampa Bay Buccaneers,,Healthy,,,True,2025-11-19 09:23:06
Damarion Williams,CB,TB,Tampa Bay Buccaneers,,Healthy,,,True,2025-11-19 09:23:06
Brandon Allen,QB,TEN,Tennessee Titans,10,Healthy,,,True,2025-11-19 09:23:06
Elic Ayomanor,WR,TEN,Tennessee Titans,5,Questionable,Unknown,,True,2025-11-19 09:23:06
Julius Chestnut,RB,TEN,Tennessee Titans,36,Healthy,,,True,2025-11-19 09:23:06
Brandon Crenshaw-Dickson,OT,TEN,Tennessee Titans,78,Healthy,,,True,2025-11-19 09:23:06
Lloyd Cushenberry III,C,TEN,Tennessee Titans,79,Healthy,,,True,2025-11-19 09:23:06
Chimere Dike,WR,TEN,Tennessee Titans,17,Questionable,Unknown,,True,2025-11-19 09:23:06
Gunnar Helm,TE,TEN,Tennessee Titans,84,Healthy,,,True,2025-11-19 09:23:06
Van Jefferson,WR,TEN,Tennessee Titans,11,Healthy,,,True,2025-11-19 09:23:06
Mason Kinsey,WR,TEN,Tennessee Titans,12,Healthy,,,True,2025-11-19 09:23:06
JC Latham,OT,TEN,Tennessee Titans,55,Healthy,,,True,2025-11-19 09:23:06
Corey Levin,C,TEN,Tennessee Titans,62,Healthy,,,True,2025-11-19 09:23:06
David Martin-Robinson,TE,TEN,Tennessee Titans,88,Healthy,,,True,2025-11-19 09:23:06
Dan Moore Jr.,OT,TEN,Tennessee Titans,75,Healthy,,,True,2025-11-19 09:23:06
Drew Moss,G,TEN,Tennessee Titans,67,Healthy,,,True,2025-11-19 09:23:06
Chig Okonkwo,TE,TEN,Tennessee Titans,85,Healthy,,,True,2025-11-19 09:23:06
Tony Pollard,RB,TEN,Tennessee Titans,20,Healthy,,,True,2025-11-19 09:23:06
James Proche II,WR,TEN,Tennessee Titans,13,Healthy,,,True,2025-11-19 09:23:06
Peter Skoronski,OT,TEN,Tennessee Titans,77,Healthy,,,True,2025-11-19 09:23:06
Jackson Slater,G,TEN,Tennessee Titans,64,Healthy,,,True,2025-11-19 09:23:06
Tyjae Spears,RB,TEN,Tennessee Titans,2,Healthy,,,True,2025-11-19 09:23:06
Olisaemeka Udoh,OT,TEN,Tennessee Titans,72,Healthy,,,True,2025-11-19 09:23:06
Cam Ward,QB,TEN,Tennessee Titans,1,Healthy,,,True,2025-11-19 09:23:06
Kevin Zeitler,G,TEN,Tennessee Titans,70,Healthy,,,True,2025-11-19 09:23:06
Jalyn Armour-Davis,CB,TEN,Tennessee Titans,18,Healthy,,,True,2025-11-19 09:23:06
Joe Bachie,LB,TEN,Tennessee Titans,48,Healthy,,,True,2025-11-19 09:23:06
Darrell Baker Jr.,CB,TEN,Tennessee Titans,39,Healthy,,,True,2025-11-19 09:23:06
Cody Barton,LB,TEN,Tennessee Titans,50,Healthy,,,True,2025-11-19 09:23:06
Kendell Brooks,S,TEN,Tennessee Titans,30,Healthy,,,True,2025-11-19 09:23:06
Mike Brown,S,TEN,Tennessee Titans,44,Healthy,,,True,2025-11-19 09:23:06
Cedric Gray,LB,TEN,Tennessee Titans,33,Healthy,,,True,2025-11-19 09:23:06
Jaylen Harrell,LB,TEN,Tennessee Titans,92,Healthy,,,True,2025-11-19 09:23:06
Marcus Harris,CB,TEN,Tennessee Titans,26,Healthy,,,True,2025-11-19 09:23:06
Amani Hooker,S,TEN,Tennessee Titans,37,Healthy,,,True,2025-11-19 09:23:06
Truman Jones,LB,TEN,Tennessee Titans,56,Healthy,,,True,2025-11-19 09:23:06
Sebastian Joseph-Day,DE,TEN,Tennessee Titans,69,Healthy,,,True,2025-11-19 09:23:06
Arden Key,LB,TEN,Tennessee Titans,49,Healthy,,,True,2025-11-19 09:23:06
James Lynch,DT,TEN,Tennessee Titans,97,Healthy,,,True,2025-11-19 09:23:06
Dorian Mausi,LB,TEN,Tennessee Titans,54,Healthy,,,True,2025-11-19 09:23:06
C.J. Ravenell,DE,TEN,Tennessee Titans,91,Healthy,,,True,2025-11-19 09:23:06
Jerrick Reed II,S,TEN,Tennessee Titans,28,Healthy,,,True,2025-11-19 09:23:06
Micah Robinson,CB,TEN,Tennessee Titans,21,Healthy,,,True,2025-11-19 09:23:06
Jeffery Simmons,DT,TEN,Tennessee Titans,98,Healthy,,,True,2025-11-19 09:23:06
T'Vondre Sweat,DT,TEN,Tennessee Titans,93,Healthy,,,True,2025-11-19 09:23:06
Shy Tuttle,DT,TEN,Tennessee Titans,90,Healthy,,,True,2025-11-19 09:23:06
Jihad Ward,LB,TEN,Tennessee Titans,53,Healthy,,,True,2025-11-19 09:23:06
James Williams Sr.,LB,TEN,Tennessee Titans,52,Healthy,,,True,2025-11-19 09:23:06
Kevin Winston Jr.,S,TEN,Tennessee Titans,23,Healthy,,,True,2025-11-19 09:23:06
Samuel Womack III,CB,TEN,Tennessee Titans,35,Healthy,,,True,2025-11-19 09:23:06
Xavier Woods,S,TEN,Tennessee Titans,25,Questionable,Unknown,,True,2025-11-19 09:23:06
Morgan Cox,LS,TEN,Tennessee Titans,46,Healthy,,,True,2025-11-19 09:23:06
Johnny Hekker,P,TEN,Tennessee Titans,3,Healthy,,,True,2025-11-19 09:23:06
Joey Slye,PK,TEN,Tennessee Titans,6,Healthy,,,True,2025-11-19 09:23:06
Ali Gaye,LB,TEN,Tennessee Titans,99,Injured Reserve,Unknown,,False,2025-11-19 09:23:06
Blake Hance,G,TEN,Tennessee Titans,73,Injured Reserve,Unknown,,False,2025-11-19 09:23:06
Will Levis,QB,TEN,Tennessee Titans,8,Injured Reserve,Unknown,,False,2025-11-19 09:23:06
Kalel Mullings,RB,TEN,Tennessee Titans,31,Injured Reserve,Unknown,,False,2025-11-19 09:23:06
Oluwafemi Oladejo,LB,TEN,Tennessee Titans,7,Injured Reserve,Unknown,,False,2025-11-19 09:23:06
Bryce Oliver,WR,TEN,Tennessee Titans,80,Injured Reserve,Unknown,,False,2025-11-19 09:23:06
Anfernee Orji,LB,TEN,Tennessee Titans,59,Injured Reserve,Unknown,,False,2025-11-19 09:23:06
Calvin Ridley,WR,TEN,Tennessee Titans,0,Injured Reserve,Unknown,,False,2025-11-19 09:23:06
L'Jarius Sneed,CB,TEN,Tennessee Titans,38,Injured Reserve,Unknown,,False,2025-11-19 09:23:06
David Agoha,DB,TEN,Tennessee Titans,,Healthy,,,True,2025-11-19 09:23:06
Keydrain Calligan,CB,TEN,Tennessee Titans,,Healthy,,,True,2025-11-19 09:23:06
Kemon Hall,CB,TEN,Tennessee Titans,,Healthy,,,True,2025-11-19 09:23:06
Timmy Horne,DT,TEN,Tennessee Titans,,Healthy,,,True,2025-11-19 09:23:06
Cam Horsley,DT,TEN,Tennessee Titans,,Healthy,,,True,2025-11-19 09:23:06
Nate Lynn,LB,TEN,Tennessee Titans,,Healthy,,,True,2025-11-19 09:23:06
Lance McCutcheon,WR,TEN,Tennessee Titans,,Healthy,,,True,2025-11-19 09:23:06
Jordan Mims,RB,TEN,Tennessee Titans,24,Healthy,,,True,2025-11-19 09:23:06
John Ojukwu,OT,TEN,Tennessee Titans,61,Healthy,,,True,2025-11-19 09:23:06
Hal Presley,WR,TEN,Tennessee Titans,,Healthy,,,True,2025-11-19 09:23:06
Isaiah Raikes,DT,TEN,Tennessee Titans,,Healthy,,,True,2025-11-19 09:23:06
Xavier Restrepo,WR,TEN,Tennessee Titans,87,Healthy,,,True,2025-11-19 09:23:06
Trevor Siemian,QB,TEN,Tennessee Titans,15,Healthy,,,True,2025-11-19 09:23:06
Carlos Watkins,DE,TEN,Tennessee Titans,96,Healthy,,,True,2025-11-19 09:23:06
Blake Watson,RB,TEN,Tennessee Titans,32,Out,Unknown,,False,2025-11-19 09:23:06
Clay Webb,G,TEN,Tennessee Titans,,Healthy,,,True,2025-11-19 09:23:06
Kyzir White,LB,TEN,Tennessee Titans,42,Healthy,,,True,2025-11-19 09:23:06
Kristian Wilkerson,WR,TEN,Tennessee Titans,,Healthy,,,True,2025-11-19 09:23:06
Joel Wilson,TE,TEN,Tennessee Titans,83,Healthy,,,True,2025-11-19 09:23:06
Nick Allegretti,G,WSH,Washington Commanders,67,Healthy,,,True,2025-11-19 09:23:06
John Bates,TE,WSH,Washington Commanders,87,Healthy,,,True,2025-11-19 09:23:06
Tyler Biadasz,C,WSH,Washington Commanders,63,Healthy,,,True,2025-11-19 09:23:06
Treylon Burks,WR,WSH,Washington Commanders,13,Out,Unknown,,False,2025-11-19 09:23:06
Robbie Chosen,WR,WSH,Washington Commanders,12,Healthy,,,True,2025-11-19 09:23:06
Brandon Coleman,OT,WSH,Washington Commanders,74,Healthy,,,True,2025-11-19 09:23:06
Josh Conerly Jr.,OT,WSH,Washington Commanders,72,Healthy,,,True,2025-11-19 09:23:06
Sam Cosmi,G,WSH,Washington Commanders,76,Healthy,,,True,2025-11-19 09:23:06
Jacory Croskey-Merritt,RB,WSH,Washington Commanders,22,Healthy,,,True,2025-11-19 09:23:06
Jayden Daniels,QB,WSH,Washington Commanders,5,Out,Unknown,,False,2025-11-19 09:23:06
Zach Ertz,TE,WSH,Washington Commanders,86,Healthy,,,True,2025-11-19 09:23:06
George Fant,OT,WSH,Washington Commanders,77,Healthy,,,True,2025-11-19 09:23:06
Josh Johnson,QB,WSH,Washington Commanders,14,Healthy,,,True,2025-11-19 09:23:06
Jaylin Lane,WR,WSH,Washington Commanders,83,Questionable,Unknown,,True,2025-11-19 09:23:06
Marcus Mariota,QB,WSH,Washington Commanders,8,Healthy,,,True,2025-11-19 09:23:06
Terry McLaurin,WR,WSH,Washington Commanders,17,Out,Unknown,,False,2025-11-19 09:23:06
Jeremy McNichols,RB,WSH,Washington Commanders,26,Healthy,,,True,2025-11-19 09:23:06
Chris Moore,WR,WSH,Washington Commanders,19,Healthy,,,True,2025-11-19 09:23:06
Chris Paul,G,WSH,Washington Commanders,75,Healthy,,,True,2025-11-19 09:23:06
Chris Rodriguez Jr.,RB,WSH,Washington Commanders,36,Healthy,,,True,2025-11-19 09:23:06
Deebo Samuel,WR,WSH,Washington Commanders,1,Healthy,,,True,2025-11-19 09:23:06
Trent Scott,OT,WSH,Washington Commanders,73,Healthy,,,True,2025-11-19 09:23:06
Ben Sinnott,TE,WSH,Washington Commanders,82,Out,Unknown,,False,2025-11-19 09:23:06
Laremy Tunsil,OT,WSH,Washington Commanders,78,Healthy,,,True,2025-11-19 09:23:06
Andrew Wylie,G,WSH,Washington Commanders,71,Healthy,,,True,2025-11-19 09:23:06
Colson Yankoff,TE,WSH,Washington Commanders,80,Healthy,,,True,2025-11-19 09:23:06
Nick Bellore,LB,WSH,Washington Commanders,57,Healthy,,,True,2025-11-19 09:23:06
Percy Butler,S,WSH,Washington Commanders,35,Healthy,,,True,2025-11-19 09:23:06
Sheldon Day,DT,WSH,Washington Commanders,98,Healthy,,,True,2025-11-19 09:23:06
Eddie Goldman,DT,WSH,Washington Commanders,97,Healthy,,,True,2025-11-19 09:23:06
Antonio Hamilton Sr.,CB,WSH,Washington Commanders,34,Healthy,,,True,2025-11-19 09:23:06
Jalyn Holmes,DE,WSH,Washington Commanders,96,Healthy,,,True,2025-11-19 09:23:06
Noah Igbinoghene,CB,WSH,Washington Commanders,6,Healthy,,,True,2025-11-19 09:23:06
Jonathan Jones,CB,WSH,Washington Commanders,31,Healthy,,,True,2025-11-19 09:23:06
Ale Kaho,LB,WSH,Washington Commanders,51,Out,Unknown,,False,2025-11-19 09:23:06
Javon Kinlaw,DT,WSH,Washington Commanders,99,Healthy,,,True,2025-11-19 09:23:06
Frankie Luvu,LB,WSH,Washington Commanders,4,Healthy,,,True,2025-11-19 09:23:06
Jordan Magee,LB,WSH,Washington Commanders,58,Healthy,,,True,2025-11-19 09:23:06
Jacob Martin,DE,WSH,Washington Commanders,55,Healthy,,,True,2025-11-19 09:23:06
Quan Martin,S,WSH,Washington Commanders,20,Healthy,,,True,2025-11-19 09:23:06
Kain Medrano,LB,WSH,Washington Commanders,56,Healthy,,,True,2025-11-19 09:23:06
Von Miller,LB,WSH,Washington Commanders,24,Healthy,,,True,2025-11-19 09:23:06
Jer'Zhan Newton,DT,WSH,Washington Commanders,95,Healthy,,,True,2025-11-19 09:23:06
Tyler Owens,S,WSH,Washington Commanders,18,Healthy,,,True,2025-11-19 09:23:06
Daron Payne,DT,WSH,Washington Commanders,94,Healthy,,,True,2025-11-19 09:23:06
Jeremy Reaves,S,WSH,Washington Commanders,39,Healthy,,,True,2025-11-19 09:23:06
Mike Sainristil,CB,WSH,Washington Commanders,0,Healthy,,,True,2025-11-19 09:23:06
Darnell Savage,S,WSH,Washington Commanders,25,Healthy,,,True,2025-11-19 09:23:06
Preston Smith,LB,WSH,Washington Commanders,52,Healthy,,,True,2025-11-19 09:23:06
Bobby Wagner,LB,WSH,Washington Commanders,54,Healthy,,,True,2025-11-19 09:23:06
Jake Moody,PK,WSH,Washington Commanders,,Healthy,,,True,2025-11-19 09:23:06
Tyler Ott,LS,WSH,Washington Commanders,69,Healthy,,,True,2025-11-19 09:23:06
Tress Way,P,WSH,Washington Commanders,10,Healthy,,,True,2025-11-19 09:23:06
Trey Amos,CB,WSH,Washington Commanders,23,Injured Reserve,Unknown,,False,2025-11-19 09:23:06
Dorance Armstrong,DE,WSH,Washington Commanders,92,Injured Reserve,Unknown,,False,2025-11-19 09:23:06
Noah Brown,WR,WSH,Washington Commanders,85,Injured Reserve,Unknown,,False,2025-11-19 09:23:06
Austin Ekeler,RB,WSH,Washington Commanders,30,Injured Reserve,Unknown,,False,2025-11-19 09:23:06
Will Harris,S,WSH,Washington Commanders,3,Injured Reserve,Unknown,,False,2025-11-19 09:23:06
Drake Jackson,DE,WSH,Washington Commanders,93,Injured Reserve,Unknown,,False,2025-11-19 09:23:06
Tyree Jackson,TE,WSH,Washington Commanders,80,Injured Reserve,Unknown,,False,2025-11-19 09:23:06
Javontae Jean-Baptiste,DE,WSH,Washington Commanders,90,Injured Reserve,Unknown,,False,2025-11-19 09:23:06
Marshon Lattimore,CB,WSH,Washington Commanders,2,Injured Reserve,Unknown,,False,2025-11-19 09:23:06
Luke McCaffrey,WR,WSH,Washington Commanders,11,Injured Reserve,Unknown,,False,2025-11-19 09:23:06
Lucas Niang,OT,WSH,Washington Commanders,53,Injured Reserve,Unknown,,False,2025-11-19 09:23:06
Deatrich Wise Jr.,DE,WSH,Washington Commanders,91,Injured Reserve,Unknown,,False,2025-11-19 09:23:06
Ricky Barber,DT,WSH,Washington Commanders,66,Healthy,,,True,2025-11-19 09:23:06
Ja'Corey Brooks,WR,WSH,Washington Commanders,88,Healthy,,,True,2025-11-19 09:23:06
Lawrence Cager,WR,WSH,Washington Commanders,,Healthy,,,True,2025-11-19 09:23:06
River Cracraft,WR,WSH,Washington Commanders,,Healthy,,,True,2025-11-19 09:23:06
Michael Deiter,C,WSH,Washington Commanders,60,Healthy,,,True,2025-11-19 09:23:06
Chase Edmonds,RB,WSH,Washington Commanders,38,Healthy,,,True,2025-11-19 09:23:06
Donovan Edwards,RB,WSH,Washington Commanders,,Healthy,,,True,2025-11-19 09:23:06
Julian Good-Jones,G,WSH,Washington Commanders,61,Healthy,,,True,2025-11-19 09:23:06
Sam Hartman,QB,WSH,Washington Commanders,15,Healthy,,,True,2025-11-19 09:23:06
Tre Hawkins III,CB,WSH,Washington Commanders,46,Healthy,,,True,2025-11-19 09:23:06
T.J. Maguranyanga,LB,WSH,Washington Commanders,59,Healthy,,,True,2025-11-19 09:23:06
Robert McDaniel,S,WSH,Washington Commanders,47,Healthy,,,True,2025-11-19 09:23:06
Timothy McKay,G,WSH,Washington Commanders,68,Healthy,,,True,2025-11-19 09:23:06
Darius Rush,CB,WSH,Washington Commanders,,Healthy,,,True,2025-11-19 09:23:06
Car'lin Vigers,CB,WSH,Washington Commanders,,Healthy,,,True,2025-11-19 09:23:06
DeMarcus Walker,DE,WSH,Washington Commanders,,Healthy,,,True,2025-11-19 09:23:06
Daryl Worley,S,WSH,Washington Commanders,29,Healthy,,,True,2025-11-19 09:23:06
