player_id,player_name,player_display_name,position,position_group,headshot_url,season,week,season_type,team,opponent_team,completions,attempts,passing_yards,passing_tds,passing_interceptions,sacks_suffered,sack_yards_lost,sack_fumbles,sack_fumbles_lost,passing_air_yards,passing_yards_after_catch,passing_first_downs,passing_epa,passing_cpoe,passing_2pt_conversions,pacr,carries,rushing_yards,rushing_tds,rushing_fumbles,rushing_fumbles_lost,rushing_first_downs,rushing_epa,rushing_2pt_conversions,receptions,targets,receiving_yards,receiving_tds,receiving_fumbles,receiving_fumbles_lost,receiving_air_yards,receiving_yards_after_catch,receiving_first_downs,receiving_epa,receiving_2pt_conversions,racr,target_share,air_yards_share,wopr,special_teams_tds,def_tackles_solo,def_tackles_with_assist,def_tackle_assists,def_tackles_for_loss,def_tackles_for_loss_yards,def_fumbles_forced,def_sacks,def_sack_yards,def_qb_hits,def_interceptions,def_interception_yards,def_pass_defended,def_tds,def_fumbles,def_safeties,misc_yards,fumble_recovery_own,fumble_recovery_yards_own,fumble_recovery_opp,fumble_recovery_yards_opp,fumble_recovery_tds,penalties,penalty_yards,punt_returns,punt_return_yards,kickoff_returns,kickoff_return_yards,fg_made,fg_att,fg_missed,fg_blocked,fg_long,fg_pct,fg_made_0_19,fg_made_20_29,fg_made_30_39,fg_made_40_49,fg_made_50_59,fg_made_60_,fg_missed_0_19,fg_missed_20_29,fg_missed_30_39,fg_missed_40_49,fg_missed_50_59,fg_missed_60_,fg_made_list,fg_missed_list,fg_blocked_list,fg_made_distance,fg_missed_distance,fg_blocked_distance,pat_made,pat_att,pat_missed,pat_blocked,pat_pct,gwfg_made,gwfg_att,gwfg_missed,gwfg_blocked,gwfg_distance,fantasy_points,fantasy_points_ppr
00-0023459,A.Rodgers,Aaron Rodgers,QB,QB,"https://static.www.nfl.com/image/upload/f_auto,q_auto/league/dypvakakxhccxs67tb0y",2025,3,REG,PIT,NE,16,23,139,2,1,0,0,0,0,114,107,6,0.19340494932839647,4.534721103581515,0,1.219298245614035,4,1,0,0,0,0,-0.3620772061403841,0,0,0,0,0,0,0,0,0,0,,0,,0.0,0.0,0.0,0,0,0,0,0,0,0,0.0,0.0,0,0,0,0,0,0,0,0,0,0,0,0,0,0,0,0,0,0,0,0,0,0,0,,,0,0,0,0,0,0,0,0,0,0,0,0,,,,0,0,0,0,0,0,0,,0,0,0,0,0,11.66,11.66
00-0023853,M.Prater,Matt Prater,K,SPEC,"https://static.www.nfl.com/image/upload/f_auto,q_auto/league/mwlrdghrm5chsum2kzic",2025,3,REG,BUF,MIA,0,0,0,0,0,0,0,0,0,0,0,0,,,0,,0,0,0,0,0,0,,0,0,0,0,0,0,0,0,0,0,,0,,0.0,0.0,0.0,0,0,0,0,0,0,0,0.0,0.0,0,0,0,0,0,0,0,0,0,0,0,0,0,0,0,0,0,0,0,1,2,1,0,48.0,0.5,0,0,0,1,0,0,0,0,1,0,0,0,48,39,,48,39,0,4,4,0,0,1.0,0,0,0,0,0,0.0,0.0
00-0025565,N.Folk,Nick Folk,K,SPEC,"https://static.www.nfl.com/image/upload/f_auto,q_auto/league/qcfiv2cc7ky37yq9iklp",2025,3,REG,NYJ,TB,0,0,0,0,0,0,0,0,0,0,0,0,,,0,,0,0,0,0,0,0,,0,0,0,0,0,0,0,0,0,0,,0,,0.0,0.0,0.0,0,0,0,0,0,0,0,0.0,0.0,0,0,0,0,0,0,0,0,0,0,0,0,0,0,0,0,0,0,0,2,2,0,0,42.0,1.0,0,0,1,1,0,0,0,0,0,0,0,0,38;42,,,80,0,0,3,3,0,0,1.0,0,0,0,0,0,0.0,0.0
00-0026158,J.Flacco,Joe Flacco,QB,QB,"https://static.www.nfl.com/image/upload/f_auto,q_auto/league/vbqptn8emdlbeaz1kvmx",2025,3,REG,CLE,GB,21,36,142,0,1,2,-17,0,0,254,68,7,-8.7097985782642,-3.435839441689578,0,0.5590551181102362,0,0,0,0,0,0,,0,0,0,0,0,0,0,0,0,0,,0,,0.0,0.0,0.0,0,0,0,0,0,0,0,0.0,0.0,0,0,0,0,0,0,0,0,0,0,0,0,0,0,0,0,0,0,0,0,0,0,0,,,0,0,0,0,0,0,0,0,0,0,0,0,,,,0,0,0,0,0,0,0,,0,0,0,0,0,3.6799999999999997,3.6799999999999997
00-0026190,C.Campbell,Calais Campbell,DE,DL,"https://static.www.nfl.com/image/upload/f_auto,q_auto/league/juvpepl8uc1p9rs7upsf",2025,3,REG,ARI,SF,0,0,0,0,0,0,0,0,0,0,0,0,,,0,,0,0,0,0,0,0,,0,0,0,0,0,0,0,0,0,0,,0,,0.0,0.0,0.0,0,1,0,0,0,0,0,0.0,0.0,3,0,0,0,0,0,0,0,0,0,0,0,0,0,0,0,0,0,0,0,0,0,0,,,0,0,0,0,0,0,0,0,0,0,0,0,,,,0,0,0,0,0,0,0,,0,0,0,0,0,0.0,0.0
00-0026498,M.Stafford,Matthew Stafford,QB,QB,"https://static.www.nfl.com/image/upload/f_auto,q_auto/league/svxl2pk2cuqf26zrhii4",2025,3,REG,LA,PHI,19,33,196,2,1,1,0,0,0,168,57,10,-2.479092506006727,-4.678381327539682,0,1.1666666666666667,0,0,0,0,0,0,,0,0,0,0,0,0,0,0,0,0,,0,,0.0,0.0,0.0,0,0,0,0,0,0,0,0.0,0.0,0,0,0,0,0,0,0,0,0,0,0,0,0,0,0,0,0,0,0,0,0,0,0,,,0,0,0,0,0,0,0,0,0,0,0,0,,,,0,0,0,0,0,0,0,,0,0,0,0,0,13.84,13.84
00-0026858,G.Gano,Graham Gano,K,SPEC,"https://static.www.nfl.com/image/upload/f_auto,q_auto/league/wp5wochy7uuqcgyjcrrd",2025,3,REG,NYG,KC,0,0,0,0,0,0,0,0,0,0,0,0,,,0,,0,0,0,0,0,0,,0,0,0,0,0,0,0,0,0,0,,0,,0.0,0.0,0.0,0,0,0,0,0,0,0,0.0,0.0,0,0,0,0,0,0,0,0,0,0,0,0,0,0,0,0,0,0,0,1,1,0,0,25.0,1.0,0,1,0,0,0,0,0,0,0,0,0,0,25,,,25,0,0,0,0,0,0,,0,0,0,0,0,0.0,0.0
00-0027114,T.Morstead,Thomas Morstead,P,SPEC,"https://static.www.nfl.com/image/upload/f_auto,q_auto/league/uicxa9bwvrenvcwnoklm",2025,3,REG,SF,ARI,0,0,0,0,0,0,0,0,0,0,0,0,,,0,,0,0,0,0,0,0,,0,0,0,0,0,0,0,0,0,0,,0,,0.0,0.0,0.0,0,0,0,0,0,0,0,0.0,0.0,0,0,0,0,0,0,0,0,0,0,0,0,0,0,0,0,0,0,0,0,0,0,0,,,0,0,0,0,0,0,0,0,0,0,0,0,,,,0,0,0,0,0,0,0,,0,0,0,0,0,0.0,0.0
00-0027857,T.Williams,Trent Williams,OT,OL,"https://static.www.nfl.com/image/upload/f_auto,q_auto/league/z3rgsbkzy0sripzunidx",2025,3,REG,SF,ARI,0,0,0,0,0,0,0,0,0,0,0,0,,,0,,0,0,0,0,0,0,,0,0,0,0,0,0,0,0,0,0,,0,,0.0,0.0,0.0,0,1,0,0,0,0,0,0.0,0.0,0,0,0,0,0,0,0,0,0,0,0,0,0,0,0,0,0,0,0,0,0,0,0,,,0,0,0,0,0,0,0,0,0,0,0,0,,,,0,0,0,0,0,0,0,,0,0,0,0,0,0.0,0.0
00-0027940,V.Miller,Von Miller,OLB,LB,"https://static.www.nfl.com/image/upload/f_auto,q_auto/league/cqkgo6uw5ha7bjajkewf",2025,3,REG,WAS,LV,0,0,0,0,0,0,0,0,0,0,0,0,,,0,,0,0,0,0,0,0,,0,0,0,0,0,0,0,0,0,0,,0,,0.0,0.0,0.0,0,2,0,0,1,6,0,1.0,6.0,1,0,0,0,0,0,0,0,0,0,0,0,0,0,0,0,0,0,0,0,0,0,0,,,0,0,0,0,0,0,0,0,0,0,0,0,,,,0,0,0,0,0,0,0,,0,0,0,0,0,0.0,0.0
00-0027962,C.Jordan,Cameron Jordan,DE,DL,"https://static.www.nfl.com/image/upload/f_auto,q_auto/league/eauqz3xbdtl0wfoy71da",2025,3,REG,NO,SEA,0,0,0,0,0,0,0,0,0,0,0,0,,,0,,0,0,0,0,0,0,,0,0,0,0,0,0,0,0,0,0,,0,,0.0,0.0,0.0,0,1,1,2,1,1,0,0.0,0.0,0,0,0,0,0,0,0,0,0,0,0,0,0,0,0,0,0,0,0,0,0,0,0,,,0,0,0,0,0,0,0,0,0,0,0,0,,,,0,0,0,0,0,0,0,,0,0,0,0,0,0.0,0.0
00-0027969,Ca.Heyward,Cameron Heyward,DT,DL,"https://static.www.nfl.com/image/upload/f_auto,q_auto/league/vfql05jp29d2pltrlwqz",2025,3,REG,PIT,NE,0,0,0,0,0,0,0,0,0,0,0,0,,,0,,0,0,0,0,0,0,,0,0,0,0,0,0,0,0,0,0,,0,,0.0,0.0,0.0,0,3,0,3,0,0,1,1.0,0.0,1,0,0,1,0,0,0,0,0,0,0,0,0,0,0,0,0,0,0,0,0,0,0,,,0,0,0,0,0,0,0,0,0,0,0,0,,,,0,0,0,0,0,0,0,,0,0,0,0,0,0.0,0.0
00-0027973,A.Dalton,Andy Dalton,QB,QB,"https://static.www.nfl.com/image/upload/f_auto,q_auto/league/nyjb97rajdqckaxsoniv",2025,3,REG,CAR,ATL,0,0,0,0,0,0,0,0,0,0,0,0,,,0,,1,-1,0,0,0,0,0.0,0,0,0,0,0,0,0,0,0,0,,0,,0.0,0.0,0.0,0,0,0,0,0,0,0,0.0,0.0,0,0,0,0,0,0,0,0,0,0,0,0,0,0,0,0,0,0,0,0,0,0,0,,,0,0,0,0,0,0,0,0,0,0,0,0,,,,0,0,0,0,0,0,0,,0,0,0,0,0,-0.1,-0.1
00-0028118,T.Taylor,Tyrod Taylor,QB,QB,"https://static.www.nfl.com/image/upload/f_auto,q_auto/league/nqpyumxuo0e9sitk0a0o",2025,3,REG,NYJ,TB,26,36,197,2,1,4,-29,1,1,161,106,13,-7.886901567328738,7.483880179268973,0,1.2236024844720497,8,48,0,0,0,3,2.165359917737078,0,0,0,0,0,0,0,0,0,0,,0,,0.0,0.0,0.0,0,0,0,0,0,0,0,0.0,0.0,0,0,0,0,0,0,0,0,0,0,0,0,0,0,0,0,0,0,0,0,0,0,0,,,0,0,0,0,0,0,0,0,0,0,0,0,,,,0,0,0,0,0,0,0,,0,0,0,0,0,16.68,16.68
00-0028872,J.Hekker,Johnny Hekker,P,SPEC,"https://static.www.nfl.com/image/upload/f_auto,q_auto/league/qqxvnynrahubphl6gjvw",2025,3,REG,TEN,IND,0,0,0,0,0,0,0,0,0,0,0,0,,,0,,0,0,0,0,0,0,,0,0,0,0,0,0,0,0,0,0,,0,,0.0,0.0,0.0,0,0,0,0,0,0,0,0.0,0.0,0,0,0,0,0,0,0,0,0,0,0,0,0,0,0,0,0,0,0,0,0,0,0,,,0,0,0,0,0,0,0,0,0,0,0,0,,,,0,0,0,0,0,0,0,,0,0,0,0,0,0.0,0.0
00-0029255,B.Wagner,Bobby Wagner,MLB,LB,"https://static.www.nfl.com/image/upload/f_auto,q_auto/league/msulezmb9dk3klpgymoj",2025,3,REG,WAS,LV,0,0,0,0,0,0,0,0,0,0,0,0,,,0,,0,0,0,0,0,0,,0,0,0,0,0,0,0,0,0,0,,0,,0.0,0.0,0.0,0,6,0,5,2,18,0,2.0,18.0,3,0,0,0,0,0,0,0,0,0,0,0,0,0,0,0,0,0,0,0,0,0,0,,,0,0,0,0,0,0,0,0,0,0,0,0,,,,0,0,0,0,0,0,0,,0,0,0,0,0,0.0,0.0
00-0029263,R.Wilson,Russell Wilson,QB,QB,"https://static.www.nfl.com/image/upload/f_auto,q_auto/league/vkstxj0evgkjiycu4glc",2025,3,REG,NYG,KC,18,32,160,0,2,2,-9,0,0,284,96,7,-14.818524984584656,-4.926895797252655,0,0.5633802816901409,5,27,0,0,0,1,-2.4348573697670113,0,0,0,0,0,0,0,0,0,0,,0,,0.0,0.0,0.0,0,0,0,0,0,0,0,0.0,0.0,0,0,0,0,0,0,0,0,0,0,0,0,0,1,10,0,0,0,0,0,0,0,0,,,0,0,0,0,0,0,0,0,0,0,0,0,,,,0,0,0,0,0,0,0,,0,0,0,0,0,5.1000000000000005,5.1000000000000005
00-0029316,K.Beachum,Kelvin Beachum,OT,OL,"https://static.www.nfl.com/image/upload/f_auto,q_auto/league/dgul4jljoasida1h8tag",2025,3,REG,ARI,SF,0,0,0,0,0,0,0,0,0,0,0,0,,,0,,0,0,0,0,0,0,,0,0,0,0,0,0,0,0,0,0,,0,,0.0,0.0,0.0,0,0,0,0,0,0,0,0.0,0.0,0,0,0,0,0,0,0,0,0,0,0,0,0,2,10,0,0,0,0,0,0,0,0,,,0,0,0,0,0,0,0,0,0,0,0,0,,,,0,0,0,0,0,0,0,,0,0,0,0,0,0.0,0.0
00-0029562,L.David,Lavonte David,OLB,LB,"https://static.www.nfl.com/image/upload/f_auto,q_auto/league/gicyoxodiwdzvybrzddk",2025,3,REG,TB,NYJ,0,0,0,0,0,0,0,0,0,0,0,0,,,0,,0,0,0,0,0,0,,0,0,0,0,0,0,0,0,0,0,,0,,0.0,0.0,0.0,0,7,0,4,1,4,0,1.0,4.0,2,0,0,0,0,0,0,0,0,0,0,0,0,1,4,0,0,0,0,0,0,0,0,,,0,0,0,0,0,0,0,0,0,0,0,0,,,,0,0,0,0,0,0,0,,0,0,0,0,0,0.0,0.0
00-0029604,K.Cousins,Kirk Cousins,QB,QB,"https://static.www.nfl.com/image/upload/f_auto,q_auto/league/hmdqr7gju0dciapvdjcv",2025,3,REG,ATL,CAR,5,7,29,0,0,0,0,0,0,10,19,1,-3.043475183425471,-8.271948780332293,0,2.9,0,0,0,0,0,0,,0,0,0,0,0,0,0,0,0,0,,0,,0.0,0.0,0.0,0,0,0,0,0,0,0,0.0,0.0,0,0,0,0,0,0,0,0,0,0,0,0,0,0,0,0,0,0,0,0,0,0,0,,,0,0,0,0,0,0,0,0,0,0,0,0,,,,0,0,0,0,0,0,0,,0,0,0,0,0,1.16,1.16
00-0029606,H.Smith,Harrison Smith,FS,DB,"https://static.www.nfl.com/image/upload/f_auto,q_auto/league/kadw1bk0cxsarjrwbdrq",2025,3,REG,MIN,CIN,0,0,0,0,0,0,0,0,0,0,0,0,,,0,,0,0,0,0,0,0,,0,0,0,0,0,0,0,0,0,0,,0,,0.0,0.0,0.0,0,0,0,0,0,0,0,0.0,0.0,0,0,0,1,0,0,0,0,0,0,0,0,0,0,0,0,0,0,0,0,0,0,0,,,0,0,0,0,0,0,0,0,0,0,0,0,,,,0,0,0,0,0,0,0,,0,0,0,0,0,0.0,0.0
00-0029607,D.Davis,Demario Davis,OLB,LB,"https://static.www.nfl.com/image/upload/f_auto,q_auto/league/fx9oohbyik0ibdlvyr8z",2025,3,REG,NO,SEA,0,0,0,0,0,0,0,0,0,0,0,0,,,0,,0,0,0,0,0,0,,0,0,0,0,0,0,0,0,0,0,,0,,0.0,0.0,0.0,0,1,1,9,1,1,0,0.0,0.0,0,0,0,0,0,0,0,0,0,0,0,0,0,0,0,0,0,0,0,0,0,0,0,,,0,0,0,0,0,0,0,0,0,0,0,0,,,,0,0,0,0,0,0,0,,0,0,0,0,0,0.0,0.0
00-0029692,B.Anger,Bryan Anger,P,SPEC,"https://static.www.nfl.com/image/upload/f_auto,q_auto/league/e1fozrp2fhprrkheqt0x",2025,3,REG,DAL,CHI,0,0,0,0,0,0,0,0,0,0,0,0,,,0,,0,0,0,0,0,0,,0,0,0,0,0,0,0,0,0,0,,0,,0.0,0.0,0.0,0,0,0,0,0,0,0,0.0,0.0,0,0,0,0,0,0,0,0,0,0,0,0,0,0,0,0,0,0,0,0,0,0,0,,,0,0,0,0,0,0,0,0,0,0,0,0,,,,0,0,0,0,0,0,0,,0,0,0,0,0,0.0,0.0
00-0029822,B.McManus,Brandon McManus,K,SPEC,"https://static.www.nfl.com/image/upload/f_auto,q_auto/league/qvwi9b1vfkn0wlmdl7ej",2025,3,REG,GB,CLE,0,0,0,0,0,0,0,0,0,0,0,0,,,0,,0,0,0,0,0,0,,0,0,0,0,0,0,0,0,0,0,,0,,0.0,0.0,0.0,0,0,0,0,0,0,0,0.0,0.0,0,0,0,0,0,0,0,0,0,0,0,0,0,0,0,0,0,0,0,1,2,0,1,39.0,0.5,0,0,1,0,0,0,0,0,0,0,0,0,39,,43,39,0,43,1,1,0,0,1.0,0,0,0,0,0,0.0,0.0
00-0029892,K.Juszczyk,Kyle Juszczyk,FB,RB,"https://static.www.nfl.com/image/upload/f_auto,q_auto/league/qflumv1aag7yw9mgwpga",2025,3,REG,SF,ARI,0,0,0,0,0,0,0,0,0,0,0,0,,,0,,0,0,0,0,0,0,,0,1,1,1,1,0,0,1,0,1,0.8158666242961772,0,1.0,0.02631578947368421,0.003236245954692557,0.041739056378811104,0,0,0,0,0,0,0,0.0,0.0,0,0,0,0,0,0,0,0,0,0,0,0,0,0,0,0,0,0,0,0,0,0,0,,,0,0,0,0,0,0,0,0,0,0,0,0,,,,0,0,0,0,0,0,0,,0,0,0,0,0,6.1,7.1
00-0030035,A.Thielen,Adam Thielen,WR,WR,"https://static.www.nfl.com/image/upload/f_auto,q_auto/league/pv6gajxtt6zhum2unnsl",2025,3,REG,MIN,CIN,0,0,0,0,0,0,0,0,0,0,0,0,,,0,,0,0,0,0,0,0,,0,0,2,0,0,0,0,29,0,0,-1.2292029580567032,0,0.0,0.08333333333333333,0.15425531914893617,0.2329787234042553,0,0,0,0,0,0,0,0.0,0.0,0,0,0,0,0,0,0,0,0,0,0,0,0,0,0,0,0,0,0,0,0,0,0,,,0,0,0,0,0,0,0,0,0,0,0,0,,,,0,0,0,0,0,0,0,,0,0,0,0,0,0.0,0.0
00-0030061,Z.Ertz,Zach Ertz,TE,TE,"https://static.www.nfl.com/image/upload/f_auto,q_auto/league/xktmmeumuoglbuam75iz",2025,3,REG,WAS,LV,0,0,0,0,0,0,0,0,0,0,0,0,,,0,,0,0,0,0,0,0,,0,3,3,38,0,0,0,33,5,1,2.069829797914119,0,1.1515151515151516,0.16666666666666666,0.2088607594936709,0.3962025316455696,0,0,0,0,0,0,0,0.0,0.0,0,0,0,0,0,0,0,0,0,0,0,0,0,0,0,0,0,0,0,0,0,0,0,,,0,0,0,0,0,0,0,0,0,0,0,0,,,,0,0,0,0,0,0,0,,0,0,0,0,0,3.8000000000000003,6.800000000000001
00-0030062,D.Slay,Darius Slay,CB,DB,"https://static.www.nfl.com/image/upload/f_auto,q_auto/league/r7dwifb7wrqvqj714dgh",2025,3,REG,PIT,NE,0,0,0,0,0,0,0,0,0,0,0,0,,,0,,0,0,0,0,0,0,,0,0,0,0,0,0,0,0,0,0,,0,,0.0,0.0,0.0,0,3,0,0,0,0,0,0.0,0.0,0,0,0,1,0,0,0,0,0,0,1,1,0,0,0,0,0,0,0,0,0,0,0,,,0,0,0,0,0,0,0,0,0,0,0,0,,,,0,0,0,0,0,0,0,,0,0,0,0,0,0.0,0.0
00-0030070,J.Jenkins,John Jenkins,DT,DL,"https://static.www.nfl.com/image/upload/f_auto,q_auto/league/cgamzernsuzy7zamg3rx",2025,3,REG,BAL,DET,0,0,0,0,0,0,0,0,0,0,0,0,,,0,,0,0,0,0,0,0,,0,0,0,0,0,0,0,0,0,0,,0,,0.0,0.0,0.0,0,5,0,3,1,1,0,0.0,0.0,0,0,0,0,0,0,0,0,0,0,0,0,0,0,0,0,0,0,0,0,0,0,0,,,0,0,0,0,0,0,0,0,0,0,0,0,,,,0,0,0,0,0,0,0,,0,0,0,0,0,0.0,0.0
00-0030092,S.Martin,Sam Martin,P,SPEC,"https://static.www.nfl.com/image/upload/f_auto,q_auto/league/hkewwfpluyhrcdgquthf",2025,3,REG,CAR,ATL,0,0,0,0,0,0,0,0,0,0,0,0,,,0,,0,0,0,0,0,0,,0,0,0,0,0,0,0,0,0,0,,0,,0.0,0.0,0.0,0,0,0,0,0,0,0,0.0,0.0,0,0,0,0,0,0,0,0,0,0,0,0,0,0,0,0,0,0,0,0,0,0,0,,,0,0,0,0,0,0,0,0,0,0,0,0,,,,0,0,0,0,0,0,0,,0,0,0,0,0,0.0,0.0
00-0030140,T.Way,Tress Way,P,SPEC,"https://static.www.nfl.com/image/upload/f_auto,q_auto/league/c9oijuzo666bwebj9yuj",2025,3,REG,WAS,LV,0,0,0,0,0,0,0,0,0,0,0,0,,,0,,0,0,0,0,0,0,,0,0,0,0,0,0,0,0,0,0,,0,,0.0,0.0,0.0,0,0,0,0,0,0,0,0.0,0.0,0,0,0,0,0,0,0,0,0,0,0,0,0,0,0,0,0,0,0,0,0,0,0,,,0,0,0,0,0,0,0,0,0,0,0,0,,,,0,0,0,0,0,0,0,,0,0,0,0,0,0.0,0.0
00-0030279,K.Allen,Keenan Allen,WR,WR,"https://static.www.nfl.com/image/upload/f_auto,q_auto/league/ri267r6lzfwarh89hsn6",2025,3,REG,LAC,DEN,0,0,0,0,0,0,0,0,0,0,0,0,,,0,,0,0,0,0,0,0,,0,7,11,65,1,0,0,108,6,4,4.275041459903996,0,0.6018518518518519,0.24444444444444444,0.2517482517482518,0.5428904428904429,0,0,0,0,0,0,0,0.0,0.0,0,0,0,0,0,0,0,0,0,0,0,0,0,0,0,0,0,0,0,0,0,0,0,,,0,0,0,0,0,0,0,0,0,0,0,0,,,,0,0,0,0,0,0,0,,0,0,0,0,0,12.5,19.5
00-0030294,T.Jefferson,Tony Jefferson,S,DB,"https://static.www.nfl.com/image/upload/f_auto,q_auto/league/cbeyyjp0frs1gi1g8e3i",2025,3,REG,LAC,DEN,0,0,0,0,0,0,0,0,0,0,0,0,,,0,,0,0,0,0,0,0,,0,0,0,0,0,0,0,0,0,0,,0,,0.0,0.0,0.0,0,4,0,1,0,0,0,0.0,0.0,0,0,0,1,0,0,0,0,0,0,0,0,0,0,0,0,0,0,0,0,0,0,0,,,0,0,0,0,0,0,0,0,0,0,0,0,,,,0,0,0,0,0,0,0,,0,0,0,0,0,0.0,0.0
00-0030506,T.Kelce,Travis Kelce,TE,TE,"https://static.www.nfl.com/image/upload/f_auto,q_auto/league/ebc5j60djpinc9elvlc5",2025,3,REG,KC,NYG,0,0,0,0,0,0,0,0,0,0,0,0,,,0,,0,0,0,0,0,0,,0,4,7,26,0,0,0,31,20,2,0.06713920790934935,0,0.8387096774193549,0.2,0.09717868338557993,0.368025078369906,0,0,0,0,0,0,0,0.0,0.0,0,0,0,0,0,0,0,0,0,0,0,0,0,0,0,0,0,0,0,0,0,0,0,,,0,0,0,0,0,0,0,0,0,0,0,0,,,,0,0,0,0,0,0,0,,0,0,0,0,0,2.6,6.6
00-0030564,D.Hopkins,DeAndre Hopkins,WR,WR,"https://static.www.nfl.com/image/upload/f_auto,q_auto/league/snvo6holyfdjmrlqxqxu",2025,3,REG,BAL,DET,0,0,0,0,0,0,0,0,0,0,0,0,,,0,,0,0,0,0,0,0,,0,1,2,13,0,0,0,24,0,1,0.526680895825848,0,0.5416666666666666,0.07142857142857142,0.08450704225352113,0.16629778672032192,0,0,0,0,0,0,0,0.0,0.0,0,0,0,0,0,0,0,0,0,0,0,0,0,0,0,0,0,0,0,0,0,0,0,,,0,0,0,0,0,0,0,0,0,0,0,0,,,,0,0,0,0,0,0,0,,0,0,0,0,0,1.3,2.3
00-0030565,G.Smith,Geno Smith,QB,QB,"https://static.www.nfl.com/image/upload/f_auto,q_auto/league/tqy0933vz5yogwlefb1s",2025,3,REG,LV,WAS,19,29,289,3,0,5,-28,0,0,305,90,12,12.24070766654052,11.681264307763842,1,0.9475409836065574,2,5,0,0,0,2,4.009431233862415,0,0,0,0,0,0,0,0,0,0,,0,,0.0,0.0,0.0,0,0,0,0,0,0,0,0.0,0.0,0,0,0,0,0,0,0,0,0,0,0,0,0,0,0,0,0,0,0,0,0,0,0,,,0,0,0,0,0,0,0,0,0,0,0,0,,,,0,0,0,0,0,0,0,,0,0,0,0,0,26.060000000000002,26.060000000000002
00-0030615,J.Winchester,James Winchester,LS,SPEC,"https://static.www.nfl.com/image/upload/f_auto,q_auto/league/qw1jmfvcpwxx12cewfqg",2025,3,REG,KC,NYG,0,0,0,0,0,0,0,0,0,0,0,0,,,0,,0,0,0,0,0,0,,0,0,0,0,0,0,0,0,0,0,,0,,0.0,0.0,0.0,0,1,0,0,0,0,0,0.0,0.0,0,0,0,0,0,0,0,0,0,0,0,0,0,0,0,0,0,0,0,0,0,0,0,,,0,0,0,0,0,0,0,0,0,0,0,0,,,,0,0,0,0,0,0,0,,0,0,0,0,0,0.0,0.0
00-0030725,C.Lucas,Cornelius Lucas,OT,OL,"https://static.www.nfl.com/image/upload/f_auto,q_auto/league/ii9b9lb3szz5vehvqh5a",2025,3,REG,CLE,GB,0,0,0,0,0,0,0,0,0,0,0,0,,,0,,0,0,0,0,0,0,,0,0,0,0,0,0,0,0,0,0,,0,,0.0,0.0,0.0,0,0,0,0,0,0,0,0.0,0.0,0,0,0,0,0,0,0,0,0,0,0,0,0,1,10,0,0,0,0,0,0,0,0,,,0,0,0,0,0,0,0,0,0,0,0,0,,,,0,0,0,0,0,0,0,,0,0,0,0,0,0.0,0.0
00-0030757,M.Pennel,Mike Pennel,DT,DL,"https://static.www.nfl.com/image/upload/f_auto,q_auto/league/ezpbko1gvvdrrtqhkhnu",2025,3,REG,CIN,MIN,0,0,0,0,0,0,0,0,0,0,0,0,,,0,,0,0,0,0,0,0,,0,0,0,0,0,0,0,0,0,0,,0,,0.0,0.0,0.0,0,2,0,0,0,0,0,0.0,0.0,0,0,0,0,0,0,0,0,0,0,0,0,0,0,0,0,0,0,0,0,0,0,0,,,0,0,0,0,0,0,0,0,0,0,0,0,,,,0,0,0,0,0,0,0,,0,0,0,0,0,0.0,0.0
00-0031054,D.Jones,DaQuan Jones,DT,DL,"https://static.www.nfl.com/image/upload/f_auto,q_auto/league/w7qkicdj6v0figbmfp0u",2025,3,REG,BUF,MIA,0,0,0,0,0,0,0,0,0,0,0,0,,,0,,0,0,0,0,0,0,,0,0,0,0,0,0,0,0,0,0,,0,,0.0,0.0,0.0,0,1,0,0,1,2,0,0.0,0.0,0,0,0,0,0,0,0,0,0,0,0,0,0,0,0,0,0,0,0,0,0,0,0,,,0,0,0,0,0,0,0,0,0,0,0,0,,,,0,0,0,0,0,0,0,,0,0,0,0,0,0.0,0.0
00-0031136,C.Boswell,Chris Boswell,K,SPEC,"https://static.www.nfl.com/image/upload/f_auto,q_auto/league/rxbnhvnfjmheuryvdmuf",2025,3,REG,PIT,NE,0,0,0,0,0,0,0,0,0,0,0,0,,,0,,0,0,0,0,0,0,,0,0,0,0,0,0,0,0,0,0,,0,,0.0,0.0,0.0,0,0,0,0,0,0,0,0.0,0.0,0,0,0,0,0,0,0,0,0,0,0,0,0,0,0,0,0,0,0,0,0,0,0,,,0,0,0,0,0,0,0,0,0,0,0,0,,,,0,0,0,3,3,0,0,1.0,0,0,0,0,0,0.0,0.0
00-0031177,B.Urban,Brent Urban,DE,DL,"https://static.www.nfl.com/image/upload/f_auto,q_auto/league/acp4qzscazxskq9efwnf",2025,3,REG,BAL,DET,0,0,0,0,0,0,0,0,0,0,0,0,,,0,,0,0,0,0,0,0,,0,0,0,0,0,0,0,0,0,0,,0,,0.0,0.0,0.0,0,0,0,1,0,0,0,0.0,0.0,0,0,0,0,0,0,0,0,0,0,0,0,0,0,0,0,0,0,0,0,0,0,0,,,0,0,0,0,0,0,0,0,0,0,0,0,,,,0,0,0,0,0,0,0,,0,0,0,0,0,0.0,0.0
00-0031203,C.Santos,Cairo Santos,K,SPEC,"https://static.www.nfl.com/image/upload/f_auto,q_auto/league/w5mfvjfuflbitwuji1yx",2025,3,REG,CHI,DAL,0,0,0,0,0,0,0,0,0,0,0,0,,,0,,0,0,0,0,0,0,,0,0,0,0,0,0,0,0,0,0,,0,,0.0,0.0,0.0,0,0,0,0,0,0,0,0.0,0.0,0,0,0,0,0,0,0,0,0,0,0,0,0,0,0,0,0,0,0,1,1,0,0,30.0,1.0,0,0,1,0,0,0,0,0,0,0,0,0,30,,,30,0,0,4,4,0,0,1.0,0,0,0,0,0,0.0,0.0
00-0031236,B.Cooks,Brandin Cooks,WR,WR,"https://static.www.nfl.com/image/upload/f_auto,q_auto/league/krz3gv9jjs92arlctvqf",2025,3,REG,NO,SEA,0,0,0,0,0,0,0,0,0,0,0,0,,,0,,0,0,0,0,0,0,,0,3,5,24,0,0,0,85,1,1,-2.0781184346756167,0,0.2823529411764706,0.12195121951219512,0.24495677233429394,0.3543965699022984,0,0,0,0,0,0,0,0.0,0.0,0,0,0,0,0,0,0,0,0,0,0,0,0,0,0,0,0,0,0,0,0,0,0,,,0,0,0,0,0,0,0,0,0,0,0,0,,,,0,0,0,0,0,0,0,,0,0,0,0,0,2.4000000000000004,5.4
00-0031270,S.Harris,Shelby Harris,DT,DL,"https://static.www.nfl.com/image/upload/f_auto,q_auto/league/r1lxhltzhpkmfdocupum",2025,3,REG,CLE,GB,0,0,0,0,0,0,0,0,0,0,0,0,,,0,,0,0,0,0,0,0,,0,0,0,0,0,0,0,0,0,0,,0,,0.0,0.0,0.0,0,0,1,1,1,1,0,0.0,0.0,0,0,0,0,0,0,0,0,0,0,0,0,0,0,0,0,0,0,0,0,0,0,0,,,0,0,0,0,0,0,0,0,0,0,0,0,,,,0,0,0,0,0,0,0,,0,0,0,0,0,0.0,0.0
00-0031381,D.Adams,Davante Adams,WR,WR,"https://static.www.nfl.com/image/upload/f_auto,q_auto/league/qtonvcqpixixqhc6lhnc",2025,3,REG,LA,PHI,0,0,0,0,0,0,0,0,0,0,0,0,,,0,,0,0,0,0,0,0,,0,3,8,56,1,0,0,125,0,1,-5.095475657567655,0,0.448,0.24242424242424243,0.7440476190476191,0.884469696969697,0,1,0,0,0,0,0,0.0,0.0,0,0,0,0,0,0,0,0,0,0,0,0,0,0,0,0,0,0,0,0,0,0,0,,,0,0,0,0,0,0,0,0,0,0,0,0,,,,0,0,0,0,0,0,0,,0,0,0,0,0,11.600000000000001,14.600000000000001
00-0031408,M.Evans,Mike Evans,WR,WR,"https://static.www.nfl.com/image/upload/f_auto,q_auto/league/yaxorbdsvk1ucfuiyrkj",2025,3,REG,TB,NYJ,0,0,0,0,0,0,0,0,0,0,0,0,,,0,,0,0,0,0,0,0,,0,4,9,33,1,0,0,65,6,3,0.2806981034227647,0,0.5076923076923077,0.3103448275862069,0.2801724137931034,0.6616379310344828,0,0,0,0,0,0,0,0.0,0.0,0,0,0,0,0,0,0,0,0,0,0,0,0,1,10,0,0,0,0,0,0,0,0,,,0,0,0,0,0,0,0,0,0,0,0,0,,,,0,0,0,0,0,0,0,,0,0,0,0,0,9.3,13.3
00-0031411,D.Lawrence,DeMarcus Lawrence,DE,DL,"https://static.www.nfl.com/image/upload/f_auto,q_auto/league/dqcbiti9q92w9uawqxom",2025,3,REG,SEA,NO,0,0,0,0,0,0,0,0,0,0,0,0,,,0,,0,0,0,0,0,0,,0,0,0,0,0,0,0,0,0,0,,0,,0.0,0.0,0.0,0,2,0,0,0,0,0,0.0,0.0,0,0,0,0,0,0,0,0,0,0,0,0,0,0,0,0,0,0,0,0,0,0,0,,,0,0,0,0,0,0,0,0,0,0,0,0,,,,0,0,0,0,0,0,0,,0,0,0,0,0,0.0,0.0
00-0031484,C.Manhertz,Chris Manhertz,TE,TE,"https://static.www.nfl.com/image/upload/f_auto,q_auto/league/azx76rspzgxfogsqhxet",2025,3,REG,NYG,KC,0,0,0,0,0,0,0,0,0,0,0,0,,,0,,0,0,0,0,0,0,,0,1,1,7,0,0,0,1,6,0,0.41485402529360726,0,7.0,0.03333333333333333,0.0035211267605633804,0.052464788732394366,0,0,0,0,0,0,0,0.0,0.0,0,0,0,0,0,0,0,0,0,0,0,0,0,0,0,0,0,0,0,0,0,0,0,,,0,0,0,0,0,0,0,0,0,0,0,0,,,,0,0,0,0,0,0,0,,0,0,0,0,0,0.7000000000000001,1.7000000000000002
00-0031492,J.Myers,Jason Myers,K,SPEC,"https://static.www.nfl.com/image/upload/f_auto,q_auto/league/rnw5znsm0hrekqvztiog",2025,3,REG,SEA,NO,0,0,0,0,0,0,0,0,0,0,0,0,,,0,,0,0,0,0,0,0,,0,0,0,0,0,0,0,0,0,0,,0,,0.0,0.0,0.0,0,0,0,0,0,0,0,0.0,0.0,0,0,0,0,0,0,0,0,0,0,0,0,0,0,0,0,0,0,0,3,3,0,0,56.0,1.0,0,0,1,1,1,0,0,0,0,0,0,0,56;46;37,,,139,0,0,5,5,0,0,1.0,0,0,0,0,0,0.0,0.0
00-0031550,S.Thompson,Shaq Thompson,OLB,LB,"https://static.www.nfl.com/image/upload/f_auto,q_auto/league/suldxex0tcm1rv69agr2",2025,3,REG,BUF,MIA,0,0,0,0,0,0,0,0,0,0,0,0,,,0,,0,0,0,0,0,0,,0,0,0,0,0,0,0,0,0,0,,0,,0.0,0.0,0.0,0,4,0,2,1,6,0,0.0,0.0,0,0,0,0,0,0,0,0,0,0,0,0,0,0,0,0,0,0,0,0,0,0,0,,,0,0,0,0,0,0,0,0,0,0,0,0,,,,0,0,0,0,0,0,0,,0,0,0,0,0,0.0,0.0
00-0031551,E.Goldman,Eddie Goldman,NT,DL,"https://static.www.nfl.com/image/upload/f_auto,q_auto/league/o0kwpqywuicbketxfbck",2025,3,REG,WAS,LV,0,0,0,0,0,0,0,0,0,0,0,0,,,0,,0,0,0,0,0,0,,0,0,0,0,0,0,0,0,0,0,,0,,0.0,0.0,0.0,0,0,0,1,0,0,0,0.0,0.0,0,0,0,0,0,0,0,0,0,0,0,0,0,0,0,0,0,0,0,0,0,0,0,,,0,0,0,0,0,0,0,0,0,0,0,0,,,,0,0,0,0,0,0,0,,0,0,0,0,0,0.0,0.0
00-0031565,D.Hunter,Danielle Hunter,DE,DL,"https://static.www.nfl.com/image/upload/f_auto,q_auto/league/z2rpuzpb0tm8r6vwnfxk",2025,3,REG,HOU,JAX,0,0,0,0,0,0,0,0,0,0,0,0,,,0,,0,0,0,0,0,0,,0,0,0,0,0,0,0,0,0,0,,0,,0.0,0.0,0.0,0,0,0,0,0,0,0,0.0,0.0,1,0,0,0,0,0,0,0,0,0,0,0,0,1,5,0,0,0,0,0,0,0,0,,,0,0,0,0,0,0,0,0,0,0,0,0,,,,0,0,0,0,0,0,0,,0,0,0,0,0,0.0,0.0
00-0031583,G.Jarrett,Grady Jarrett,DT,DL,"https://static.www.nfl.com/image/upload/f_auto,q_auto/league/znqx6ghmgepgcrsfw9gm",2025,3,REG,CHI,DAL,0,0,0,0,0,0,0,0,0,0,0,0,,,0,,0,0,0,0,0,0,,0,0,0,0,0,0,0,0,0,0,,0,,0.0,0.0,0.0,0,0,0,0,0,0,0,0.0,0.0,1,0,0,0,0,0,0,0,0,0,0,0,0,1,6,0,0,0,0,0,0,0,0,,,0,0,0,0,0,0,0,0,0,0,0,0,,,,0,0,0,0,0,0,0,,0,0,0,0,0,0.0,0.0
00-0031588,S.Diggs,Stefon Diggs,WR,WR,"https://static.www.nfl.com/image/upload/f_auto,q_auto/league/cemcexmscsarpvwhafln",2025,3,REG,NE,PIT,0,0,0,0,0,0,0,0,0,0,0,0,,,0,,0,0,0,0,0,0,,0,3,3,23,0,0,0,12,11,2,0.8276613488560542,0,1.9166666666666667,0.08333333333333333,0.057971014492753624,0.16557971014492753,0,0,0,0,0,0,0,0.0,0.0,0,0,0,0,0,0,0,0,0,0,0,0,0,0,0,0,0,0,0,0,0,0,0,,,0,0,0,0,0,0,0,0,0,0,0,0,,,,0,0,0,0,0,0,0,,0,0,0,0,0,2.3000000000000003,5.300000000000001
00-0031740,N.Hewitt,Neville Hewitt,LB,LB,"https://static.www.nfl.com/image/upload/f_auto,q_auto/league/tohlmo4ymgsmbe3egoac",2025,3,REG,NYG,KC,0,0,0,0,0,0,0,0,0,0,0,0,,,0,,0,0,0,0,0,0,,0,0,0,0,0,0,0,0,0,0,,0,,0.0,0.0,0.0,0,2,0,0,0,0,0,0.0,0.0,0,0,0,0,0,0,0,0,0,0,0,0,0,0,0,0,0,0,0,0,0,0,0,,,0,0,0,0,0,0,0,0,0,0,0,0,,,,0,0,0,0,0,0,0,,0,0,0,0,0,0.0,0.0
00-0031763,D.Carter,DeAndre Carter,WR,WR,"https://static.www.nfl.com/image/upload/f_auto,q_auto/league/jx4io3owliw3l5xve6ta",2025,3,REG,CLE,GB,0,0,0,0,0,0,0,0,0,0,0,0,,,0,,0,0,0,0,0,0,,0,0,0,0,0,0,0,0,0,0,,0,,0.0,0.0,0.0,0,0,0,0,0,0,0,0.0,0.0,0,0,0,0,0,0,0,0,0,0,0,0,0,0,0,2,15,1,27,0,0,0,0,,,0,0,0,0,0,0,0,0,0,0,0,0,,,,0,0,0,0,0,0,0,,0,0,0,0,0,0.0,0.0
00-0031898,A.Singleton,Alex Singleton,LB,LB,"https://static.www.nfl.com/image/upload/f_auto,q_auto/league/zohji3gr704zraihhqyl",2025,3,REG,DEN,LAC,0,0,0,0,0,0,0,0,0,0,0,0,,,0,,0,0,0,0,0,0,,0,0,0,0,0,0,0,0,0,0,,0,,0.0,0.0,0.0,0,4,0,8,0,0,0,0.0,0.0,1,0,0,0,0,0,0,0,0,0,0,0,0,0,0,0,0,0,0,0,0,0,0,,,0,0,0,0,0,0,0,0,0,0,0,0,,,,0,0,0,0,0,0,0,,0,0,0,0,0,0.0,0.0
00-0031933,L.Williams,Leonard Williams,DE,DL,"https://static.www.nfl.com/image/upload/f_auto,q_auto/league/jhaogtinjeyrwbjsvbl4",2025,3,REG,SEA,NO,0,0,0,0,0,0,0,0,0,0,0,0,,,0,,0,0,0,0,0,0,,0,0,0,0,0,0,0,0,0,0,,0,,0.0,0.0,0.0,0,2,0,2,0,0,0,0.5,3.5,2,0,0,0,0,0,0,0,0,0,0,0,0,2,30,0,0,0,0,0,0,0,0,,,0,0,0,0,0,0,0,0,0,0,0,0,,,,0,0,0,0,0,0,0,,0,0,0,0,0,0.0,0.0
00-0032052,D.Fowler,Dante Fowler Jr.,DE,DL,"https://static.www.nfl.com/image/upload/f_auto,q_auto/league/tuvfudn3repds06zb5hi",2025,3,REG,DAL,CHI,0,0,0,0,0,0,0,0,0,0,0,0,,,0,,0,0,0,0,0,0,,0,0,0,0,0,0,0,0,0,0,,0,,0.0,0.0,0.0,0,0,0,0,0,0,0,0.0,0.0,0,0,0,1,0,0,0,0,0,0,0,0,0,0,0,0,0,0,0,0,0,0,0,,,0,0,0,0,0,0,0,0,0,0,0,0,,,,0,0,0,0,0,0,0,,0,0,0,0,0,0.0,0.0
00-0032065,B.Pinion,Bradley Pinion,P,SPEC,"https://static.www.nfl.com/image/upload/f_auto,q_auto/league/g6zs1z59umevxxtqc35z",2025,3,REG,ATL,CAR,0,0,0,0,0,0,0,0,0,0,0,0,,,0,,0,0,0,0,0,0,,0,0,0,0,0,0,0,0,0,0,,0,,0.0,0.0,0.0,0,0,0,0,0,0,0,0.0,0.0,0,0,0,0,0,0,0,0,0,0,0,0,0,0,0,0,0,0,0,0,0,0,0,,,0,0,0,0,0,0,0,0,0,0,0,0,,,,0,0,0,0,0,0,0,,0,0,0,0,0,0.0,0.0
00-0032146,B.Dupree,Bud Dupree,OLB,LB,"https://static.www.nfl.com/image/upload/f_auto,q_auto/league/unn7gcyciu20lmm1bvpn",2025,3,REG,LAC,DEN,0,0,0,0,0,0,0,0,0,0,0,0,,,0,,0,0,0,0,0,0,,0,0,0,0,0,0,0,0,0,0,,0,,0.0,0.0,0.0,0,1,0,0,0,0,0,0.0,0.0,0,0,0,0,0,0,0,0,0,0,0,0,0,0,0,0,0,0,0,0,0,0,0,,,0,0,0,0,0,0,0,0,0,0,0,0,,,,0,0,0,0,0,0,0,,0,0,0,0,0,0.0,0.0
00-0032164,A.Armstead,Arik Armstead,DT,DL,"https://static.www.nfl.com/image/upload/f_auto,q_auto/league/z6e5xcslnlyaz2egeke3",2025,3,REG,JAX,HOU,0,0,0,0,0,0,0,0,0,0,0,0,,,0,,0,0,0,0,0,0,,0,0,0,0,0,0,0,0,0,0,,0,,0.0,0.0,0.0,0,0,0,1,0,0,0,0.5,4.0,1,0,0,0,0,0,0,0,0,0,0,0,0,0,0,0,0,0,0,0,0,0,0,,,0,0,0,0,0,0,0,0,0,0,0,0,,,,0,0,0,0,0,0,0,,0,0,0,0,0,0.0,0.0
00-0032211,T.Lockett,Tyler Lockett,WR,WR,"https://static.www.nfl.com/image/upload/f_auto,q_auto/league/h5dsmp4omfoyzqsp07f8",2025,3,REG,TEN,IND,0,0,0,0,0,0,0,0,0,0,0,0,,,0,,0,0,0,0,0,0,,0,4,4,37,0,0,0,28,9,2,3.5728701807092875,0,1.3214285714285714,0.11764705882352941,0.15135135135135136,0.28241653418124,0,0,0,0,0,0,0,0.0,0.0,0,0,0,0,0,0,0,0,0,0,0,0,0,0,0,0,0,0,0,0,0,0,0,,,0,0,0,0,0,0,0,0,0,0,0,0,,,,0,0,0,0,0,0,0,,0,0,0,0,0,3.7,7.7
00-0032268,M.Mariota,Marcus Mariota,QB,QB,"https://static.www.nfl.com/image/upload/f_auto,q_auto/league/b9ribxqudeehvmjlw0va",2025,3,REG,WAS,LV,15,21,207,1,0,1,-8,0,0,158,113,7,10.782450092576104,14.572758972644806,0,1.3101265822784811,6,40,1,1,1,2,-1.9692518610593908,0,0,0,0,0,0,0,0,0,0,,0,,0.0,0.0,0.0,0,0,0,0,0,0,0,0.0,0.0,0,0,0,0,0,0,0,0,0,0,0,0,0,1,10,0,0,0,0,0,0,0,0,,,0,0,0,0,0,0,0,0,0,0,0,0,,,,0,0,0,0,0,0,0,,0,0,0,0,0,20.28,20.28
00-0032378,D.Buckner,DeForest Buckner,DT,DL,"https://static.www.nfl.com/image/upload/f_auto,q_auto/league/mtyogyexnz2ik3fbs3am",2025,3,REG,IND,TEN,0,0,0,0,0,0,0,0,0,0,0,0,,,0,,0,0,0,0,0,0,,0,0,0,0,0,0,0,0,0,0,,0,,0.0,0.0,0.0,0,3,0,2,0,0,0,0.0,0.0,1,0,0,0,0,0,0,0,0,0,0,0,0,0,0,0,0,0,0,0,0,0,0,,,0,0,0,0,0,0,0,0,0,0,0,0,,,,0,0,0,0,0,0,0,,0,0,0,0,0,0.0,0.0
00-0032380,L.Tunsil,Laremy Tunsil,OT,OL,"https://static.www.nfl.com/image/upload/f_auto,q_auto/league/ewy0qnfl6956hfatqszj",2025,3,REG,WAS,LV,0,0,0,0,0,0,0,0,0,0,0,0,,,0,,0,0,0,0,0,0,,0,0,0,0,0,0,0,0,0,0,,0,,0.0,0.0,0.0,0,0,0,0,0,0,0,0.0,0.0,0,0,0,0,0,0,0,0,0,0,0,0,0,1,9,0,0,0,0,0,0,0,0,,,0,0,0,0,0,0,0,0,0,0,0,0,,,,0,0,0,0,0,0,0,,0,0,0,0,0,0.0,0.0
00-0032385,S.Shepard,Sterling Shepard,WR,WR,"https://static.www.nfl.com/image/upload/f_auto,q_auto/league/l47czwi8aaznnit0se5h",2025,3,REG,TB,NYJ,0,0,0,0,0,0,0,0,0,0,0,0,,,0,,0,0,0,0,0,0,,0,4,5,80,0,0,0,39,51,4,6.237200616159685,0,2.051282051282051,0.1724137931034483,0.16810344827586207,0.3762931034482759,0,0,0,0,0,0,0,0.0,0.0,0,0,0,0,0,0,0,0,0,0,0,0,0,0,0,0,0,0,0,0,0,0,0,,,0,0,0,0,0,0,0,0,0,0,0,0,,,,0,0,0,0,0,0,0,,0,0,0,0,0,8.0,12.0
00-0032387,Ja.Reed,Jarran Reed,DT,DL,"https://static.www.nfl.com/image/upload/f_auto,q_auto/league/td7umxhgwkswls8rutk0",2025,3,REG,SEA,NO,0,0,0,0,0,0,0,0,0,0,0,0,,,0,,0,0,0,0,0,0,,0,0,0,0,0,0,0,0,0,0,,0,,0.0,0.0,0.0,0,0,0,2,0,0,0,0.0,0.0,2,0,0,0,0,0,0,0,0,0,0,0,0,0,0,0,0,0,0,0,0,0,0,,,0,0,0,0,0,0,0,0,0,0,0,0,,,,0,0,0,0,0,0,0,,0,0,0,0,0,0.0,0.0
00-0032388,D.Jones,Deion Jones,LB,LB,"https://static.www.nfl.com/image/upload/f_auto,q_auto/league/fpmevebnsvfm07e7xhcu",2025,3,REG,TB,NYJ,0,0,0,0,0,0,0,0,0,0,0,0,,,0,,0,0,0,0,0,0,,0,0,0,0,0,0,0,0,0,0,,0,,0.0,0.0,0.0,0,1,0,0,0,0,0,0.0,0.0,0,0,0,0,0,0,0,0,0,0,0,0,0,0,0,0,0,0,0,0,0,0,0,,,0,0,0,0,0,0,0,0,0,0,0,0,,,,0,0,0,0,0,0,0,,0,0,0,0,0,0.0,0.0
00-0032392,A.Hooper,Austin Hooper,TE,TE,"https://static.www.nfl.com/image/upload/f_auto,q_auto/league/gfvav2gybtr174ckovpk",2025,3,REG,NE,PIT,0,0,0,0,0,0,0,0,0,0,0,0,,,0,,0,0,0,0,0,0,,0,2,3,28,0,0,0,34,11,2,1.5468744952231646,0,0.8235294117647058,0.08333333333333333,0.1642512077294686,0.239975845410628,0,0,0,0,0,0,0,0.0,0.0,0,0,0,0,0,0,0,0,0,0,0,0,0,0,0,0,0,0,0,0,0,0,0,,,0,0,0,0,0,0,0,0,0,0,0,0,,,,0,0,0,0,0,0,0,,0,0,0,0,0,2.8000000000000003,4.800000000000001
00-0032398,C.Moore,Chris Moore,WR,WR,"https://static.www.nfl.com/image/upload/f_auto,q_auto/league/o0s29hnpztyxqotqdx8h",2025,3,REG,WAS,LV,0,0,0,0,0,0,0,0,0,0,0,0,,,0,,0,0,0,0,0,0,,0,2,2,25,0,0,0,17,8,2,2.3869294110918418,0,1.4705882352941178,0.1111111111111111,0.10759493670886076,0.24198312236286917,0,2,0,0,0,0,0,0.0,0.0,0,0,0,0,0,0,0,0,0,0,0,0,0,0,0,0,0,0,0,0,0,0,0,,,0,0,0,0,0,0,0,0,0,0,0,0,,,,0,0,0,0,0,0,0,,0,0,0,0,0,2.5,4.5
00-0032399,M.Killebrew,Miles Killebrew,SAF,DB,"https://static.www.nfl.com/image/upload/f_auto,q_auto/league/f9p5bqqqb38i6kgvqzms",2025,3,REG,PIT,NE,0,0,0,0,0,0,0,0,0,0,0,0,,,0,,0,0,0,0,0,0,,0,0,0,0,0,0,0,0,0,0,,0,,0.0,0.0,0.0,0,0,0,1,0,0,0,0.0,0.0,0,0,0,0,0,0,0,0,0,0,0,0,0,0,0,0,0,0,0,0,0,0,0,,,0,0,0,0,0,0,0,0,0,0,0,0,,,,0,0,0,0,0,0,0,,0,0,0,0,0,0.0,0.0
00-0032424,D.Reader,DJ Reader,DE,DL,"https://static.www.nfl.com/image/upload/f_auto,q_auto/league/gbbbyrh2pgibo9w8ahd6",2025,3,REG,DET,BAL,0,0,0,0,0,0,0,0,0,0,0,0,,,0,,0,0,0,0,0,0,,0,0,0,0,0,0,0,0,0,0,,0,,0.0,0.0,0.0,0,1,0,0,0,0,0,0.0,0.0,0,0,0,0,0,0,0,0,0,0,0,0,0,0,0,0,0,0,0,0,0,0,0,,,0,0,0,0,0,0,0,0,0,0,0,0,,,,0,0,0,0,0,0,0,,0,0,0,0,0,0.0,0.0
00-0032442,E.Roberts,Elandon Roberts,OLB,LB,"https://static.www.nfl.com/image/upload/f_auto,q_auto/league/niydmsknfdiu1zyivwso",2025,3,REG,LV,WAS,0,0,0,0,0,0,0,0,0,0,0,0,,,0,,0,0,0,0,0,0,,0,0,0,0,0,0,0,0,0,0,,0,,0.0,0.0,0.0,0,3,1,1,1,2,0,0.0,0.0,0,0,0,0,0,0,0,0,0,0,0,0,0,0,0,0,0,0,0,0,0,0,0,,,0,0,0,0,0,0,0,0,0,0,0,0,,,,0,0,0,0,0,0,0,,0,0,0,0,0,0.0,0.0
00-0032464,K.Raymond,Kalif Raymond,WR,WR,"https://static.www.nfl.com/image/upload/f_auto,q_auto/league/e5z8bskwg89hqtsjwwgj",2025,3,REG,DET,BAL,0,0,0,0,0,0,0,0,0,0,0,0,,,0,,0,0,0,0,0,0,,0,1,2,4,0,0,0,9,0,0,-1.4011666997685097,0,0.4444444444444444,0.07692307692307693,0.04265402843601896,0.14524243528982866,0,0,0,0,0,0,0,0.0,0.0,0,0,0,0,0,0,0,0,0,0,0,0,0,0,0,1,0,1,30,0,0,0,0,,,0,0,0,0,0,0,0,0,0,0,0,0,,,,0,0,0,0,0,0,0,,0,0,0,0,0,0.4,1.4
00-0032569,W.Lutz,Wil Lutz,K,SPEC,"https://static.www.nfl.com/image/upload/f_auto,q_auto/league/lcfurzhyjudmrwjxkgfs",2025,3,REG,DEN,LAC,0,0,0,0,0,0,0,0,0,0,0,0,,,0,,0,0,0,0,0,0,,0,0,0,0,0,0,0,0,0,0,,0,,0.0,0.0,0.0,0,0,0,0,0,0,0,0.0,0.0,0,0,0,0,0,0,0,0,0,0,0,0,0,0,0,0,0,0,0,2,2,0,0,42.0,1.0,0,1,0,1,0,0,0,0,0,0,0,0,42;26,,,68,0,0,2,2,0,0,1.0,0,0,0,0,0,0.0,0.0
00-0032667,R.Robertson-Harris,Roy Robertson-Harris,DE,DL,"https://static.www.nfl.com/image/upload/f_auto,q_auto/league/lu3nlgnkltamn4jtdbtg",2025,3,REG,NYG,KC,0,0,0,0,0,0,0,0,0,0,0,0,,,0,,0,0,0,0,0,0,,0,0,0,0,0,0,0,0,0,0,,0,,0.0,0.0,0.0,0,1,0,1,0,0,0,0.0,0.0,0,0,0,0,0,0,0,0,0,0,0,0,0,0,0,0,0,0,0,0,0,0,0,,,0,0,0,0,0,0,0,0,0,0,0,0,,,,0,0,0,0,0,0,0,,0,0,0,0,0,0.0,0.0
00-0032701,J.Brendel,Jake Brendel,C,OL,"https://static.www.nfl.com/image/upload/f_auto,q_auto/league/fw1g79qwk1gbhmdjvhfv",2025,3,REG,SF,ARI,0,0,0,0,0,0,0,0,0,0,0,0,,,0,,0,0,0,0,0,0,,0,0,0,0,0,0,0,0,0,0,,0,,0.0,0.0,0.0,0,0,0,0,0,0,0,0.0,0.0,0,0,0,0,0,0,0,0,0,0,0,0,0,1,10,0,0,0,0,0,0,0,0,,,0,0,0,0,0,0,0,0,0,0,0,0,,,,0,0,0,0,0,0,0,,0,0,0,0,0,0.0,0.0
00-0032726,K.Fairbairn,Ka'imi Fairbairn,K,SPEC,"https://static.www.nfl.com/image/upload/f_auto,q_auto/league/nbrs7doetqydf2rzhjjl",2025,3,REG,HOU,JAX,0,0,0,0,0,0,0,0,0,0,0,0,,,0,,0,0,0,0,0,0,,0,0,0,0,0,0,0,0,0,0,,0,,0.0,0.0,0.0,0,0,0,0,0,0,0,0.0,0.0,0,0,0,0,0,0,0,0,0,0,0,0,0,0,0,0,0,0,0,1,2,1,0,27.0,0.5,0,1,0,0,0,0,0,0,0,0,1,0,27,52,,27,52,0,1,1,0,0,1.0,0,0,0,0,0,0.0,0.0
00-0032759,S.Rankins,Sheldon Rankins,DT,DL,"https://static.www.nfl.com/image/upload/f_auto,q_auto/league/ec78oc2cpukwczkzhyrw",2025,3,REG,HOU,JAX,0,0,0,0,0,0,0,0,0,0,0,0,,,0,,0,0,0,0,0,0,,0,0,0,0,0,0,0,0,0,0,,0,,0.0,0.0,0.0,0,2,0,0,0,0,0,0.0,0.0,0,0,0,0,0,0,0,0,0,0,0,0,0,0,0,0,0,0,0,0,0,0,0,,,0,0,0,0,0,0,0,0,0,0,0,0,,,,0,0,0,0,0,0,0,,0,0,0,0,0,0.0,0.0
00-0032762,C.Jones,Chris Jones,DE,DL,"https://static.www.nfl.com/image/upload/f_auto,q_auto/league/yrka1thykkvkfo4ixrxc",2025,3,REG,KC,NYG,0,0,0,0,0,0,0,0,0,0,0,0,,,0,,0,0,0,0,0,0,,0,0,0,0,0,0,0,0,0,0,,0,,0.0,0.0,0.0,0,1,0,0,1,5,0,1.0,5.0,2,0,0,0,0,0,0,0,0,0,0,0,0,1,5,0,0,0,0,0,0,0,0,,,0,0,0,0,0,0,0,0,0,0,0,0,,,,0,0,0,0,0,0,0,,0,0,0,0,0,0.0,0.0
00-0032764,D.Henry,Derrick Henry,RB,RB,"https://static.www.nfl.com/image/upload/f_auto,q_auto/league/jxtikemnvpkw9r0ex2wv",2025,3,REG,BAL,DET,0,1,0,0,0,0,0,0,0,10,0,0,-0.4591185906319879,-33.69303643703461,0,0.0,12,50,1,1,1,2,-5.648319344909396,0,1,1,7,0,0,0,-2,9,0,0.36141569656319916,0,-3.5,0.03571428571428571,-0.007042253521126761,0.048641851106639836,0,0,0,0,0,0,0,0.0,0.0,0,0,0,0,0,0,0,0,0,0,0,0,0,0,0,0,0,0,0,0,0,0,0,,,0,0,0,0,0,0,0,0,0,0,0,0,,,,0,0,0,0,0,0,0,,0,0,0,0,0,9.7,10.7
00-0032889,A.Robinson,A'Shawn Robinson,DE,DL,"https://static.www.nfl.com/image/upload/f_auto,q_auto/league/o2si1evbe2wsnwyrypjj",2025,3,REG,CAR,ATL,0,0,0,0,0,0,0,0,0,0,0,0,,,0,,0,0,0,0,0,0,,0,0,0,0,0,0,0,0,0,0,,0,,0.0,0.0,0.0,0,1,0,1,0,0,0,0.0,0.0,0,0,0,0,0,0,0,0,0,0,0,0,0,0,0,0,0,0,0,0,0,0,0,,,0,0,0,0,0,0,0,0,0,0,0,0,,,,0,0,0,0,0,0,0,,0,0,0,0,0,0.0,0.0
00-0032943,R.Dixon,Riley Dixon,P,SPEC,"https://static.www.nfl.com/image/upload/f_auto,q_auto/league/nkjfawzgxosjvjesf1ad",2025,3,REG,TB,NYJ,0,0,0,0,0,0,0,0,0,0,0,0,,,0,,0,0,0,0,0,0,,0,0,0,0,0,0,0,0,0,0,,0,,0.0,0.0,0.0,0,0,0,0,0,0,0,0.0,0.0,0,0,0,0,0,0,0,0,0,0,0,0,0,0,0,0,0,0,0,0,0,0,0,,,0,0,0,0,0,0,0,0,0,0,0,0,,,,0,0,0,0,0,0,0,,0,0,0,0,0,0.0,0.0
00-0032950,C.Wentz,Carson Wentz,QB,QB,"https://static.www.nfl.com/image/upload/f_auto,q_auto/league/ot6wu9gw3cgcdb2cx6is",2025,3,REG,MIN,CIN,14,20,173,2,0,3,-19,0,0,181,81,9,9.443549821281032,3.8360655307769775,0,0.9558011049723757,2,4,0,0,0,0,-2.0862886102404445,0,0,0,0,0,0,0,0,0,0,,0,,0.0,0.0,0.0,0,0,0,0,0,0,0,0.0,0.0,0,0,0,0,0,0,0,0,0,0,0,0,0,0,0,0,0,0,0,0,0,0,0,,,0,0,0,0,0,0,0,0,0,0,0,0,,,,0,0,0,0,0,0,0,,0,0,0,0,0,15.32,15.32
00-0033038,E.Murray,Eric Murray,S,DB,"https://static.www.nfl.com/image/upload/f_auto,q_auto/league/owvt87ldq6ygpyq7ub4h",2025,3,REG,JAX,HOU,0,0,0,0,0,0,0,0,0,0,0,0,,,0,,0,0,0,0,0,0,,0,0,0,0,0,0,0,0,0,0,,0,,0.0,0.0,0.0,0,2,0,2,0,0,0,0.0,0.0,0,0,0,0,0,0,0,0,0,0,0,0,0,1,15,0,0,0,0,0,0,0,0,,,0,0,0,0,0,0,0,0,0,0,0,0,,,,0,0,0,0,0,0,0,,0,0,0,0,0,0.0,0.0
00-0033040,T.Hill,Tyreek Hill,WR,WR,"https://static.www.nfl.com/image/upload/f_auto,q_auto/league/gg73gnfivrn80oyqwazl",2025,3,REG,MIA,BUF,0,0,0,0,0,0,0,0,0,0,0,0,,,0,,0,0,0,0,0,0,,0,5,10,49,1,0,0,148,13,5,5.171109102782793,0,0.3310810810810811,0.30303030303030304,0.7254901960784313,0.9623885918003565,0,0,0,0,0,0,0,0.0,0.0,0,0,0,0,0,0,0,0,0,0,0,0,0,0,0,0,0,0,0,0,0,0,0,,,0,0,0,0,0,0,0,0,0,0,0,0,,,,0,0,0,0,0,0,0,,0,0,0,0,0,10.9,15.9
00-0033046,J.Ward,Jihad Ward,LB,LB,"https://static.www.nfl.com/image/upload/f_auto,q_auto/league/btmkbywpoicg8fcgvfhc",2025,3,REG,TEN,IND,0,0,0,0,0,0,0,0,0,0,0,0,,,0,,0,0,0,0,0,0,,0,0,0,0,0,0,0,0,0,0,,0,,0.0,0.0,0.0,0,0,0,0,0,0,0,0.0,0.0,1,0,0,0,0,0,0,0,0,0,0,0,0,0,0,0,0,0,0,0,0,0,0,,,0,0,0,0,0,0,0,0,0,0,0,0,,,,0,0,0,0,0,0,0,,0,0,0,0,0,0.0,0.0
00-0033050,X.Howard,Xavien Howard,CB,DB,"https://static.www.nfl.com/image/upload/f_auto,q_auto/league/jbebiqcxa5rrf9ihaxkp",2025,3,REG,IND,TEN,0,0,0,0,0,0,0,0,0,0,0,0,,,0,,0,0,0,0,0,0,,0,0,0,0,0,0,0,0,0,0,,0,,0.0,0.0,0.0,0,1,0,1,0,0,0,0.0,0.0,0,0,0,0,0,0,0,0,0,0,0,0,0,1,3,0,0,0,0,0,0,0,0,,,0,0,0,0,0,0,0,0,0,0,0,0,,,,0,0,0,0,0,0,0,,0,0,0,0,0,0.0,0.0
00-0033051,D.Onyemata,David Onyemata,DT,DL,"https://static.www.nfl.com/image/upload/f_auto,q_auto/league/zzqx9ig8ltlva2uo0cgd",2025,3,REG,ATL,CAR,0,0,0,0,0,0,0,0,0,0,0,0,,,0,,0,0,0,0,0,0,,0,0,0,0,0,0,0,0,0,0,,0,,0.0,0.0,0.0,0,1,0,3,0,0,0,0.0,0.0,0,0,0,0,0,0,0,0,0,0,0,0,0,0,0,0,0,0,0,0,0,0,0,,,0,0,0,0,0,0,0,0,0,0,0,0,,,,0,0,0,0,0,0,0,,0,0,0,0,0,0.0,0.0
00-0033055,J.Ramsey,Jalen Ramsey,CB,DB,"https://static.www.nfl.com/image/upload/f_auto,q_auto/league/pjozgun3xstol72jfoow",2025,3,REG,PIT,NE,0,0,0,0,0,0,0,0,0,0,0,0,,,0,,0,0,0,0,0,0,,0,0,0,0,0,0,0,0,0,0,,0,,0.0,0.0,0.0,0,0,0,1,0,0,0,0.0,0.0,0,0,0,0,0,0,0,0,0,0,0,0,0,0,0,0,0,0,0,0,0,0,0,,,0,0,0,0,0,0,0,0,0,0,0,0,,,,0,0,0,0,0,0,0,,0,0,0,0,0,0.0,0.0
00-0033066,A.Billings,Andrew Billings,DT,DL,"https://static.www.nfl.com/image/upload/f_auto,q_auto/league/rfxthtnhruxgqnofnuzg",2025,3,REG,CHI,DAL,0,0,0,0,0,0,0,0,0,0,0,0,,,0,,0,0,0,0,0,0,,0,0,0,0,0,0,0,0,0,0,,0,,0.0,0.0,0.0,0,1,0,0,0,0,0,0.0,0.0,0,0,0,0,0,0,0,0,0,0,0,0,0,0,0,0,0,0,0,0,0,0,0,,,0,0,0,0,0,0,0,0,0,0,0,0,,,,0,0,0,0,0,0,0,,0,0,0,0,0,0.0,0.0
00-0033072,L.Floyd,Leonard Floyd,DE,DL,"https://static.www.nfl.com/image/upload/f_auto,q_auto/league/hmojdd6skft3sfhs59ma",2025,3,REG,ATL,CAR,0,0,0,0,0,0,0,0,0,0,0,0,,,0,,0,0,0,0,0,0,,0,0,0,0,0,0,0,0,0,0,,0,,0.0,0.0,0.0,0,0,0,0,0,0,0,0.0,0.0,1,0,0,0,0,0,0,0,0,0,0,0,0,0,0,0,0,0,0,0,0,0,0,,,0,0,0,0,0,0,0,0,0,0,0,0,,,,0,0,0,0,0,0,0,,0,0,0,0,0,0.0,0.0
00-0033077,D.Prescott,Dak Prescott,QB,QB,"https://static.www.nfl.com/image/upload/f_auto,q_auto/league/blixemm3s9sa4gmqk5yn",2025,3,REG,DAL,CHI,31,40,251,1,2,2,-17,0,0,201,110,12,-1.8964848527670273,10.85533713683104,1,1.2487562189054726,0,0,0,0,0,0,,0,0,0,0,0,0,0,0,0,0,,0,,0.0,0.0,0.0,0,0,0,0,0,0,0,0.0,0.0,0,0,0,0,0,0,0,0,0,0,0,0,0,0,0,0,0,0,0,0,0,0,0,,,0,0,0,0,0,0,0,0,0,0,0,0,,,,0,0,0,0,0,0,0,,0,0,0,0,0,12.040000000000001,12.040000000000001
00-0033090,H.Henry,Hunter Henry,TE,TE,"https://static.www.nfl.com/image/upload/f_auto,q_auto/league/l0fsrutz9fwbohx10lcf",2025,3,REG,NE,PIT,0,0,0,0,0,0,0,0,0,0,0,0,,,0,,0,0,0,0,0,0,,0,8,11,90,2,0,0,67,30,6,9.23768671482685,0,1.3432835820895523,0.3055555555555556,0.32367149758454106,0.6849033816425121,0,0,0,0,0,0,0,0.0,0.0,0,0,0,0,0,0,0,0,0,0,0,0,0,0,0,0,0,0,0,0,0,0,0,,,0,0,0,0,0,0,0,0,0,0,0,0,,,,0,0,0,0,0,0,0,,0,0,0,0,0,21.0,29.0
00-0033093,J.Bullard,Jonathan Bullard,DE,DL,"https://static.www.nfl.com/image/upload/f_auto,q_auto/league/z0iwn1oavvemgjupnkep",2025,3,REG,NO,SEA,0,0,0,0,0,0,0,0,0,0,0,0,,,0,,0,0,0,0,0,0,,0,0,0,0,0,0,0,0,0,0,,0,,0.0,0.0,0.0,0,1,1,0,0,0,0,0.0,0.0,0,0,0,0,0,0,0,0,0,0,0,0,0,0,0,0,0,0,0,0,0,0,0,,,0,0,0,0,0,0,0,0,0,0,0,0,,,,0,0,0,0,0,0,0,,0,0,0,0,0,0.0,0.0
00-0033106,J.Goff,Jared Goff,QB,QB,"https://static.www.nfl.com/image/upload/f_auto,q_auto/league/yggfwr4ak4po9byj0qor",2025,3,REG,DET,BAL,20,28,202,1,0,0,0,0,0,211,69,11,14.249866356456977,12.977435611761534,0,0.957345971563981,4,6,0,1,0,2,-2.7981947184889577,0,0,0,0,0,0,0,0,0,0,,0,,0.0,0.0,0.0,0,0,0,0,0,0,0,0.0,0.0,0,0,0,0,0,0,0,0,0,1,0,0,0,0,0,0,0,0,0,0,0,0,0,,,0,0,0,0,0,0,0,0,0,0,0,0,,,,0,0,0,0,0,0,0,,0,0,0,0,0,12.68,12.68
00-0033109,J.Hargrave,Javon Hargrave,NT,DL,"https://static.www.nfl.com/image/upload/f_auto,q_auto/league/ql5febs5kjgtrpj555ex",2025,3,REG,MIN,CIN,0,0,0,0,0,0,0,0,0,0,0,0,,,0,,0,0,0,0,0,0,,0,0,0,0,0,0,0,0,0,0,,0,,0.0,0.0,0.0,0,0,0,1,0,0,0,0.0,0.0,0,0,0,0,0,0,0,0,0,0,0,0,0,0,0,0,0,0,0,0,0,0,0,,,0,0,0,0,0,0,0,0,0,0,0,0,,,,0,0,0,0,0,0,0,,0,0,0,0,0,0.0,0.0
00-0033110,T.Higbee,Tyler Higbee,TE,TE,"https://static.www.nfl.com/image/upload/f_auto,q_auto/league/x1d4osiefibd04df6gow",2025,3,REG,LA,PHI,0,0,0,0,0,0,0,0,0,0,0,0,,,0,,0,0,0,0,0,0,,0,0,2,0,0,0,0,-92,0,0,-1.3695074715697113,0,0.0,0.06060606060606061,-0.5476190476190477,-0.2924242424242425,0,0,0,0,0,0,0,0.0,0.0,0,0,0,0,0,0,0,0,0,0,0,0,0,0,0,0,0,0,0,0,0,0,0,,,0,0,0,0,0,0,0,0,0,0,0,0,,,,0,0,0,0,0,0,0,,0,0,0,0,0,0.0,0.0
00-0033120,K.Clark,Kenny Clark,NT,DL,"https://static.www.nfl.com/image/upload/f_auto,q_auto/league/ydhhuuqdppcs8vzi6v7d",2025,3,REG,DAL,CHI,0,0,0,0,0,0,0,0,0,0,0,0,,,0,,0,0,0,0,0,0,,0,0,0,0,0,0,0,0,0,0,,0,,0.0,0.0,0.0,0,0,0,1,0,0,0,0.0,0.0,0,0,0,0,0,0,0,0,0,0,0,0,0,0,0,0,0,0,0,0,0,0,0,,,0,0,0,0,0,0,0,0,0,0,0,0,,,,0,0,0,0,0,0,0,,0,0,0,0,0,0.0,0.0
00-0033131,M.Collins,Maliek Collins,DT,DL,"https://static.www.nfl.com/image/upload/f_auto,q_auto/league/tjyv74ytq62fprrfnjrv",2025,3,REG,CLE,GB,0,0,0,0,0,0,0,0,0,0,0,0,,,0,,0,0,0,0,0,0,,0,0,0,0,0,0,0,0,0,0,,0,,0.0,0.0,0.0,0,2,0,3,1,5,0,1.5,7.5,2,0,0,0,0,0,0,0,0,0,0,0,0,0,0,0,0,0,0,0,0,0,0,,,0,0,0,0,0,0,0,0,0,0,0,0,,,,0,0,0,0,0,0,0,,0,0,0,0,0,0.0,0.0
00-0033132,K.Byard,Kevin Byard,FS,DB,"https://static.www.nfl.com/image/upload/f_auto,q_auto/league/ymu0jcrm7clsyhhvmcki",2025,3,REG,CHI,DAL,0,0,0,0,0,0,0,0,0,0,0,0,,,0,,0,0,0,0,0,0,,0,0,0,0,0,0,0,0,0,0,,0,,0.0,0.0,0.0,0,5,0,2,0,0,0,0.0,0.0,0,1,0,1,0,0,0,0,0,0,0,0,0,0,0,0,0,0,0,0,0,0,0,,,0,0,0,0,0,0,0,0,0,0,0,0,,,,0,0,0,0,0,0,0,,0,0,0,0,0,0.0,0.0
00-0033156,J.Bosa,Joey Bosa,DE,DL,"https://static.www.nfl.com/image/upload/f_auto,q_auto/league/soo7a4n5mxia4iky4so8",2025,3,REG,BUF,MIA,0,0,0,0,0,0,0,0,0,0,0,0,,,0,,0,0,0,0,0,0,,0,0,0,0,0,0,0,0,0,0,,0,,0.0,0.0,0.0,0,0,0,1,0,0,0,0.0,0.0,1,0,0,0,0,0,0,0,0,0,0,0,0,0,0,0,0,0,0,0,0,0,0,,,0,0,0,0,0,0,0,0,0,0,0,0,,,,0,0,0,0,0,0,0,,0,0,0,0,0,0.0,0.0
00-0033246,J.Mundt,Johnny Mundt,TE,TE,"https://static.www.nfl.com/image/upload/f_auto,q_auto/league/dnvrns7mliks2ptijfo0",2025,3,REG,JAX,HOU,0,0,0,0,0,0,0,0,0,0,0,0,,,0,,0,0,0,0,0,0,,0,1,1,7,0,0,0,2,5,0,0.35786503180861473,0,3.5,0.02631578947368421,0.006349206349206349,0.04391812865497076,0,0,0,0,0,0,0,0.0,0.0,0,0,0,0,0,0,0,0,0,0,0,0,0,1,5,0,0,0,0,0,0,0,0,,,0,0,0,0,0,0,0,0,0,0,0,0,,,,0,0,0,0,0,0,0,,0,0,0,0,0,0.7000000000000001,1.7000000000000002
00-0033269,R.Sanchez,Rigoberto Sanchez,P,SPEC,"https://static.www.nfl.com/image/upload/f_auto,q_auto/league/io2gctkkefyopm7m7mnj",2025,3,REG,IND,TEN,0,0,0,0,0,0,0,0,0,0,0,0,,,0,,0,0,0,0,0,0,,0,0,0,0,0,0,0,0,0,0,,0,,0.0,0.0,0.0,0,0,0,0,0,0,0,0.0,0.0,0,0,0,0,0,0,0,0,0,0,0,0,0,0,0,0,0,0,0,0,0,0,0,,,0,0,0,0,0,0,0,0,0,0,0,0,,,,0,0,0,0,0,0,0,,0,0,0,0,0,0.0,0.0
00-0033280,C.McCaffrey,Christian McCaffrey,RB,RB,"https://static.www.nfl.com/image/upload/f_auto,q_auto/league/resjdwihunsqckohcorj",2025,3,REG,SF,ARI,0,0,0,0,0,0,0,0,0,0,0,0,,,0,,17,52,0,0,0,5,-6.024916486814618,0,10,15,88,0,0,0,35,67,2,-2.2291466128454327,0,2.5142857142857142,0.39473684210526316,0.11326860841423948,0.6713932890478623,0,0,0,0,0,0,0,0.0,0.0,0,0,0,0,0,0,0,0,0,0,0,0,0,0,0,0,0,0,0,0,0,0,0,,,0,0,0,0,0,0,0,0,0,0,0,0,,,,0,0,0,0,0,0,0,,0,0,0,0,0,14.0,24.0
00-0033281,M.Humphrey,Marlon Humphrey,CB,DB,"https://static.www.nfl.com/image/upload/f_auto,q_auto/league/zru6ellib9fzob6zq5c3",2025,3,REG,BAL,DET,0,0,0,0,0,0,0,0,0,0,0,0,,,0,,0,0,0,0,0,0,,0,0,0,0,0,0,0,0,0,0,,0,,0.0,0.0,0.0,0,3,0,1,0,0,0,0.0,0.0,0,0,0,0,0,0,0,0,0,0,0,0,0,1,5,0,0,0,0,0,0,0,0,,,0,0,0,0,0,0,0,0,0,0,0,0,,,,0,0,0,0,0,0,0,,0,0,0,0,0,0.0,0.0
00-0033284,T.Moton,Taylor Moton,OT,OL,"https://static.www.nfl.com/image/upload/f_auto,q_auto/league/sfwnn5fqfzp64p0zkwkl",2025,3,REG,CAR,ATL,0,0,0,0,0,0,0,0,0,0,0,0,,,0,,0,0,0,0,0,0,,0,0,0,0,0,0,0,0,0,0,,0,,0.0,0.0,0.0,0,0,0,0,0,0,0,0.0,0.0,0,0,0,0,0,0,0,0,0,0,0,0,0,1,5,0,0,0,0,0,0,0,0,,,0,0,0,0,0,0,0,0,0,0,0,0,,,,0,0,0,0,0,0,0,,0,0,0,0,0,0.0,0.0
00-0033294,C.Clark,Chuck Clark,DB,DB,"https://static.www.nfl.com/image/upload/f_auto,q_auto/league/yv3fcxrrkt1c0tavgpq7",2025,3,REG,PIT,NE,0,0,0,0,0,0,0,0,0,0,0,0,,,0,,0,0,0,0,0,0,,0,0,0,0,0,0,0,0,0,0,,0,,0.0,0.0,0.0,0,3,0,3,0,0,0,0.0,0.0,0,0,0,0,0,0,0,0,0,0,0,0,0,0,0,0,0,0,0,0,0,0,0,,,0,0,0,0,0,0,0,0,0,0,0,0,,,,0,0,0,0,0,0,0,,0,0,0,0,0,0.0,0.0
00-0033297,D.Jones,D.J. Jones,DT,DL,"https://static.www.nfl.com/image/upload/f_auto,q_auto/league/ft4g8bxpn85mshqvp4lj",2025,3,REG,DEN,LAC,0,0,0,0,0,0,0,0,0,0,0,0,,,0,,0,0,0,0,0,0,,0,0,0,0,0,0,0,0,0,0,,0,,0.0,0.0,0.0,0,2,0,0,2,5,0,1.0,1.0,1,0,0,0,0,0,0,0,0,0,0,0,0,0,0,0,0,0,0,0,0,0,0,,,0,0,0,0,0,0,0,0,0,0,0,0,,,,0,0,0,0,0,0,0,,0,0,0,0,0,0.0,0.0
00-0033303,H.Butker,Harrison Butker,K,SPEC,"https://static.www.nfl.com/image/upload/f_auto,q_auto/league/ove4pmnrtqtuyta6rrlc",2025,3,REG,KC,NYG,0,0,0,0,0,0,0,0,0,0,0,0,,,0,,0,0,0,0,0,0,,0,0,0,0,0,0,0,0,0,0,,0,,0.0,0.0,0.0,0,0,0,0,0,0,0,0.0,0.0,0,0,0,0,0,0,0,0,0,0,0,0,0,0,0,0,0,0,0,3,4,1,0,54.0,0.75,0,1,0,1,1,0,0,0,0,1,0,0,54;48;28,40,,130,40,0,1,2,1,0,0.5,0,0,0,0,0,0.0,0.0
00-0033307,K.Bourne,Kendrick Bourne,WR,WR,"https://static.www.nfl.com/image/upload/f_auto,q_auto/league/mkciutibcbq7phnplozn",2025,3,REG,SF,ARI,0,0,0,0,0,0,0,0,0,0,0,0,,,0,,0,0,0,0,0,0,,0,4,6,38,0,0,0,43,16,2,0.06822543745511211,0,0.8837209302325582,0.15789473684210525,0.13915857605177995,0.3342531084994038,0,0,0,0,0,0,0,0.0,0.0,0,0,0,0,0,0,0,0,0,0,0,0,0,1,10,0,0,0,0,0,0,0,0,,,0,0,0,0,0,0,0,0,0,0,0,0,,,,0,0,0,0,0,0,0,,0,0,0,0,0,3.8000000000000003,7.800000000000001
00-0033336,E.Wilson,Eric Wilson,LB,LB,"https://static.www.nfl.com/image/upload/f_auto,q_auto/league/ita0jmgsuikjagrpuqqb",2025,3,REG,MIN,CIN,0,0,0,0,0,0,0,0,0,0,0,0,,,0,,0,0,0,0,0,0,,0,0,0,0,0,0,0,0,0,0,,0,,0.0,0.0,0.0,0,4,1,2,0,0,1,0.0,0.0,0,0,0,0,0,0,0,0,0,0,0,0,0,0,0,0,0,0,0,0,0,0,0,,,0,0,0,0,0,0,0,0,0,0,0,0,,,,0,0,0,0,0,0,0,,0,0,0,0,0,0.0,0.0
00-0033375,T.Patrick,Tim Patrick,WR,WR,"https://static.www.nfl.com/image/upload/f_auto,q_auto/league/ovltsc9sdoo5e62fpa9b",2025,3,REG,JAX,HOU,0,0,0,0,0,0,0,0,0,0,0,0,,,0,,0,0,0,0,0,0,,0,1,1,16,0,0,0,3,13,1,0.8782143597491086,0,5.333333333333333,0.02631578947368421,0.009523809523809525,0.04614035087719298,0,0,0,0,0,0,0,0.0,0.0,0,0,0,0,0,0,0,0,0,0,0,0,0,0,0,0,0,0,0,0,0,0,0,,,0,0,0,0,0,0,0,0,0,0,0,0,,,,0,0,0,0,0,0,0,,0,0,0,0,0,1.6,2.6
00-0033381,A.Butler,Adam Butler,DT,DL,"https://static.www.nfl.com/image/upload/f_auto,q_auto/league/t9cxogz67nugvjyqif73",2025,3,REG,LV,WAS,0,0,0,0,0,0,0,0,0,0,0,0,,,0,,0,0,0,0,0,0,,0,0,0,0,0,0,0,0,0,0,,0,,0.0,0.0,0.0,0,4,0,1,0,0,0,0.0,0.0,0,0,0,0,0,0,0,0,0,0,0,0,0,0,0,0,0,0,0,0,0,0,0,,,0,0,0,0,0,0,0,0,0,0,0,0,,,,0,0,0,0,0,0,0,,0,0,0,0,0,0.0,0.0
00-0033393,K.Moore,Kenny Moore II,CB,DB,"https://static.www.nfl.com/image/private/f_auto,q_auto/league/ji3hdoi86xonnhxlr6gl",2025,3,REG,IND,TEN,0,0,0,0,0,0,0,0,0,0,0,0,,,0,,0,0,0,0,0,0,,0,0,0,0,0,0,0,0,0,0,,0,,0.0,0.0,0.0,0,2,0,0,0,0,0,0.0,0.0,0,1,32,1,1,0,0,0,0,0,0,0,0,0,0,0,0,0,0,0,0,0,0,,,0,0,0,0,0,0,0,0,0,0,0,0,,,,0,0,0,0,0,0,0,,0,0,0,0,0,0.0,0.0
00-0033523,J.Allen,Jonathan Allen,DE,DL,"https://static.www.nfl.com/image/upload/f_auto,q_auto/league/pri0osdjdsziyqrd14ar",2025,3,REG,MIN,CIN,0,0,0,0,0,0,0,0,0,0,0,0,,,0,,0,0,0,0,0,0,,0,0,0,0,0,0,0,0,0,0,,0,,0.0,0.0,0.0,0,1,0,2,0,0,0,0.0,0.0,1,0,0,0,0,0,0,0,0,0,1,1,0,1,5,0,0,0,0,0,0,0,0,,,0,0,0,0,0,0,0,0,0,0,0,0,,,,0,0,0,0,0,0,0,,0,0,0,0,0,0.0,0.0
00-0033526,S.Perine,Samaje Perine,RB,RB,"https://static.www.nfl.com/image/upload/f_auto,q_auto/league/ur3jv6biq0pefkrgpzty",2025,3,REG,CIN,MIN,0,0,0,0,0,0,0,0,0,0,0,0,,,0,,4,21,0,1,1,2,-0.6266942088841461,0,0,0,0,0,0,0,0,0,0,,0,,0.0,0.0,0.0,0,0,0,0,0,0,0,0.0,0.0,0,0,0,0,0,0,0,0,0,0,0,0,0,0,0,0,0,4,88,0,0,0,0,,,0,0,0,0,0,0,0,0,0,0,0,0,,,,0,0,0,0,0,0,0,,0,0,0,0,0,0.10000000000000009,0.10000000000000009
00-0033538,G.Bolles,Garett Bolles,OT,OL,"https://static.www.nfl.com/image/upload/f_auto,q_auto/league/dpgttf9sbcrvmqvohqtn",2025,3,REG,DEN,LAC,0,0,0,0,0,0,0,0,0,0,0,0,,,0,,0,0,0,0,0,0,,0,0,0,0,0,0,0,0,0,0,,0,,0.0,0.0,0.0,0,0,0,0,0,0,0,0.0,0.0,0,0,0,0,0,0,0,0,0,0,0,0,0,1,9,0,0,0,0,0,0,0,0,,,0,0,0,0,0,0,0,0,0,0,0,0,,,,0,0,0,0,0,0,0,,0,0,0,0,0,0.0,0.0
00-0033546,D.Tomlinson,Dalvin Tomlinson,DE,DL,"https://static.www.nfl.com/image/upload/f_auto,q_auto/league/al9wtdcyop0h56lby8ba",2025,3,REG,ARI,SF,0,0,0,0,0,0,0,0,0,0,0,0,,,0,,0,0,0,0,0,0,,0,0,0,0,0,0,0,0,0,0,,0,,0.0,0.0,0.0,0,2,1,0,1,2,0,0.0,0.0,1,0,0,0,0,0,0,0,0,0,0,0,0,0,0,0,0,0,0,0,0,0,0,,,0,0,0,0,0,0,0,0,0,0,0,0,,,,0,0,0,0,0,0,0,,0,0,0,0,0,0.0,0.0
00-0033547,Z.Cunningham,Zach Cunningham,ILB,LB,"https://static.www.nfl.com/image/upload/f_auto,q_auto/league/gxugy1m0xlxbyk8dv5rr",2025,3,REG,DET,BAL,0,0,0,0,0,0,0,0,0,0,0,0,,,0,,0,0,0,0,0,0,,0,0,0,0,0,0,0,0,0,0,,0,,0.0,0.0,0.0,0,2,0,0,1,1,0,0.0,0.0,0,0,0,0,0,0,0,0,0,0,0,0,0,0,0,0,0,0,0,0,0,0,0,,,0,0,0,0,0,0,0,0,0,0,0,0,,,,0,0,0,0,0,0,0,,0,0,0,0,0,0.0,0.0
00-0033548,C.Awuzie,Chidobe Awuzie,CB,DB,"https://static.www.nfl.com/image/upload/f_auto,q_auto/league/qmjzimecbg4ftseg8myr",2025,3,REG,BAL,DET,0,0,0,0,0,0,0,0,0,0,0,0,,,0,,0,0,0,0,0,0,,0,0,0,0,0,0,0,0,0,0,,0,,0.0,0.0,0.0,0,2,0,1,0,0,0,0.0,0.0,0,0,0,0,0,0,0,0,0,0,0,0,0,0,0,0,0,0,0,0,0,0,0,,,0,0,0,0,0,0,0,0,0,0,0,0,,,,0,0,0,0,0,0,0,,0,0,0,0,0,0.0,0.0
00-0033551,R.Douglas,Rasul Douglas,CB,DB,"https://static.www.nfl.com/image/upload/f_auto,q_auto/league/ckyphq6brbau8lhgbt6j",2025,3,REG,MIA,BUF,0,0,0,0,0,0,0,0,0,0,0,0,,,0,,0,0,0,0,0,0,,0,0,0,0,0,0,0,0,0,0,,0,,0.0,0.0,0.0,0,4,0,3,0,0,0,0.0,0.0,0,0,0,0,0,0,0,0,0,0,0,0,0,0,0,0,0,0,0,0,0,0,0,,,0,0,0,0,0,0,0,0,0,0,0,0,,,,0,0,0,0,0,0,0,,0,0,0,0,0,0.0,0.0
00-0033553,J.Conner,James Conner,RB,RB,"https://static.www.nfl.com/image/upload/f_auto,q_auto/league/g5yjordcmt76j0saytzb",2025,3,REG,ARI,SF,0,0,0,0,0,0,0,0,0,0,0,0,,,0,,9,22,0,1,0,3,0.2827554242685437,0,3,4,15,0,0,0,6,30,1,-0.05769167665857822,0,2.5,0.11764705882352941,0.03389830508474576,0.20019940179461612,0,0,0,0,0,0,0,0.0,0.0,0,0,0,0,0,0,0,0,0,0,0,0,0,0,0,0,0,0,0,0,0,0,0,,,0,0,0,0,0,0,0,0,0,0,0,0,,,,0,0,0,0,0,0,0,,0,0,0,0,0,3.7,6.7
00-0033555,M.Hollins,Mack Hollins,WR,WR,"https://static.www.nfl.com/image/upload/f_auto,q_auto/league/qbz7whjzsittudcecezw",2025,3,REG,NE,PIT,0,0,0,0,0,0,0,0,0,0,0,0,,,0,,0,0,0,0,0,0,,0,4,4,27,0,0,0,21,6,1,1.702515027136542,0,1.2857142857142858,0.1111111111111111,0.10144927536231885,0.23768115942028983,0,0,0,0,0,0,0,0.0,0.0,0,0,0,0,0,0,0,0,0,0,0,0,0,0,0,0,0,0,0,0,0,0,0,,,0,0,0,0,0,0,0,0,0,0,0,0,,,,0,0,0,0,0,0,0,,0,0,0,0,0,2.7,6.7
00-0033576,E.Saubert,Eric Saubert,TE,TE,"https://static.www.nfl.com/image/upload/f_auto,q_auto/league/ojoapzazehxdd01fadz6",2025,3,REG,SEA,NO,0,0,0,0,0,0,0,0,0,0,0,0,,,0,,0,0,0,0,0,0,,0,1,1,12,0,0,0,6,6,1,1.767338192963507,0,2.0,0.05,0.03680981595092025,0.10076687116564419,0,1,0,1,0,0,0,0.0,0.0,0,0,0,0,0,0,0,0,0,0,0,0,0,1,10,0,0,0,0,0,0,0,0,,,0,0,0,0,0,0,0,0,0,0,0,0,,,,0,0,0,0,0,0,0,,0,0,0,0,0,1.2000000000000002,2.2
00-0033579,X.Woods,Xavier Woods,FS,DB,"https://static.www.nfl.com/image/upload/f_auto,q_auto/league/of7kdkfale5fnuz6u8gr",2025,3,REG,TEN,IND,0,0,0,0,0,0,0,0,0,0,0,0,,,0,,0,0,0,0,0,0,,0,0,0,0,0,0,0,0,0,0,,0,,0.0,0.0,0.0,0,5,0,1,0,0,0,0.0,0.0,0,0,0,1,0,0,0,0,0,0,0,0,0,0,0,0,0,0,0,0,0,0,0,,,0,0,0,0,0,0,0,0,0,0,0,0,,,,0,0,0,0,0,0,0,,0,0,0,0,0,0.0,0.0
00-0033589,D.Moore,David Moore,WR,WR,"https://static.www.nfl.com/image/upload/f_auto,q_auto/league/k2szy47lyxy9u5om7vd1",2025,3,REG,CAR,ATL,0,0,0,0,0,0,0,0,0,0,0,0,,,0,,0,0,0,0,0,0,,0,1,1,5,0,0,0,5,0,0,-0.30323291127569973,0,1.0,0.041666666666666664,0.03759398496240601,0.08881578947368421,0,0,0,0,0,0,0,0.0,0.0,0,0,0,0,0,0,0,0,0,0,0,0,0,0,0,0,0,0,0,0,0,0,0,,,0,0,0,0,0,0,0,0,0,0,0,0,,,,0,0,0,0,0,0,0,,0,0,0,0,0,0.5,1.5
00-0033595,P.O'Connor,Pat O'Connor,DE,DL,"https://static.www.nfl.com/image/upload/f_auto,q_auto/league/hlyhbl1hpgksy8swksa8",2025,3,REG,DET,BAL,0,0,0,0,0,0,0,0,0,0,0,0,,,0,,0,0,0,0,0,0,,0,0,0,0,0,0,0,0,0,0,,0,,0.0,0.0,0.0,0,0,0,1,0,0,0,0.0,0.0,0,0,0,0,0,0,0,0,0,0,0,0,0,0,0,0,0,0,0,0,0,0,0,,,0,0,0,0,0,0,0,0,0,0,0,0,,,,0,0,0,0,0,0,0,,0,0,0,0,0,0.0,0.0
00-0033729,C.Johnston,Cameron Johnston,P,SPEC,"https://static.www.nfl.com/image/upload/f_auto,q_auto/league/ppcxjnntytozgd78mhzz",2025,3,REG,BUF,MIA,0,0,0,0,0,0,0,0,0,0,0,0,,,0,,0,0,0,0,0,0,,0,0,0,0,0,0,0,0,0,0,,0,,0.0,0.0,0.0,0,0,0,0,0,0,0,0.0,0.0,0,0,0,0,0,0,0,0,0,0,0,0,0,0,0,0,0,0,0,0,0,0,0,,,0,0,0,0,0,0,0,0,0,0,0,0,,,,0,0,0,0,0,0,0,,0,0,0,0,0,0.0,0.0
00-0033787,J.Elliott,Jake Elliott,K,SPEC,"https://static.www.nfl.com/image/upload/f_auto,q_auto/league/v35j7b3tofdn0kfskdhj",2025,3,REG,PHI,LA,0,0,0,0,0,0,0,0,0,0,0,0,,,0,,0,0,0,0,0,0,,0,0,0,0,0,0,0,0,0,0,,0,,0.0,0.0,0.0,0,0,0,0,0,0,0,0.0,0.0,0,0,0,0,0,0,0,0,0,0,0,0,0,0,0,0,0,0,0,0,0,0,0,,,0,0,0,0,0,0,0,0,0,0,0,0,,,,0,0,0,3,3,0,0,1.0,0,0,0,0,0,0.0,0.0
00-0033831,A.Wylie,Andrew Wylie,G,OL,"https://static.www.nfl.com/image/upload/f_auto,q_auto/league/ocotasgekygqeq8tmgzh",2025,3,REG,WAS,LV,0,0,0,0,0,0,0,0,0,0,0,0,,,0,,0,0,0,0,0,0,,0,0,0,0,0,0,0,0,0,0,,0,,0.0,0.0,0.0,0,0,0,0,0,0,0,0.0,0.0,0,0,0,0,0,0,0,0,0,0,0,0,0,1,10,0,0,0,0,0,0,0,0,,,0,0,0,0,0,0,0,0,0,0,0,0,,,,0,0,0,0,0,0,0,,0,0,0,0,0,0.0,0.0
00-0033854,D.Ogunbowale,Dare Ogunbowale,RB,RB,"https://static.www.nfl.com/image/upload/f_auto,q_auto/league/bsm0k0jkytuiej2riudv",2025,3,REG,HOU,JAX,0,0,0,0,0,0,0,0,0,0,0,0,,,0,,0,0,0,0,0,0,,0,0,0,0,0,0,0,0,0,0,,0,,0.0,0.0,0.0,0,0,0,1,0,0,0,0.0,0.0,0,0,0,0,0,0,0,0,0,0,0,0,0,0,0,0,0,0,0,0,0,0,0,,,0,0,0,0,0,0,0,0,0,0,0,0,,,,0,0,0,0,0,0,0,,0,0,0,0,0,0.0,0.0
00-0033857,J.Smith-Schuster,JuJu Smith-Schuster,WR,WR,"https://static.www.nfl.com/image/upload/f_auto,q_auto/league/fmjrhk2zt9z22uifctv0",2025,3,REG,KC,NYG,0,0,0,0,0,0,0,0,0,0,0,0,,,0,,0,0,0,0,0,0,,0,4,4,55,0,0,0,18,37,3,4.873844119545538,0,3.0555555555555554,0.11428571428571428,0.05642633228840126,0.2109270040304523,0,0,0,0,0,0,0,0.0,0.0,0,0,0,0,0,0,0,0,0,0,0,0,0,0,0,0,0,0,0,0,0,0,0,,,0,0,0,0,0,0,0,0,0,0,0,0,,,,0,0,0,0,0,0,0,,0,0,0,0,0,5.5,9.5
00-0033858,J.Smith,Jonnu Smith,TE,TE,"https://static.www.nfl.com/image/upload/f_auto,q_auto/league/egd6llghj3n5wfdrqacw",2025,3,REG,PIT,NE,0,0,0,0,0,0,0,0,0,0,0,0,,,0,,0,0,0,0,0,0,,0,3,3,23,0,1,0,8,15,2,3.4920358582166955,0,2.875,0.13636363636363635,0.07017543859649122,0.2536682615629984,0,0,0,0,0,0,0,0.0,0.0,0,0,0,0,0,0,0,0,0,0,0,0,0,0,0,0,0,0,0,0,0,0,0,,,0,0,0,0,0,0,0,0,0,0,0,0,,,,0,0,0,0,0,0,0,,0,0,0,0,0,2.3000000000000003,5.300000000000001
00-0033860,D.Godchaux,Davon Godchaux,DT,DL,"https://static.www.nfl.com/image/upload/f_auto,q_auto/league/ggliw5fteiagipksotkk",2025,3,REG,NO,SEA,0,0,0,0,0,0,0,0,0,0,0,0,,,0,,0,0,0,0,0,0,,0,0,0,0,0,0,0,0,0,0,,0,,0.0,0.0,0.0,0,0,0,0,0,0,0,0.0,0.0,0,0,0,0,0,0,0,0,0,0,0,0,0,1,15,0,0,0,0,0,0,0,0,,,0,0,0,0,0,0,0,0,0,0,0,0,,,,0,0,0,0,0,0,0,,0,0,0,0,0,0.0,0.0
00-0033868,M.Garrett,Myles Garrett,DE,DL,"https://static.www.nfl.com/image/private/f_auto,q_auto/league/y33rmtjxhgil7cjcftlc",2025,3,REG,CLE,GB,0,0,0,0,0,0,0,0,0,0,0,0,,,0,,0,0,0,0,0,0,,0,0,0,0,0,0,0,0,0,0,,0,,0.0,0.0,0.0,0,2,0,4,1,1,0,0.5,4.0,1,0,0,0,0,0,0,0,0,0,0,0,0,1,4,0,0,0,0,0,0,0,0,,,0,0,0,0,0,0,0,0,0,0,0,0,,,,0,0,0,0,0,0,0,,0,0,0,0,0,0.0,0.0
00-0033870,S.Thomas,Solomon Thomas,DE,DL,"https://static.www.nfl.com/image/upload/f_auto,q_auto/league/pk5ozcdcbehjnw3txvu8",2025,3,REG,DAL,CHI,0,0,0,0,0,0,0,0,0,0,0,0,,,0,,0,0,0,0,0,0,,0,0,0,0,0,0,0,0,0,0,,0,,0.0,0.0,0.0,0,0,0,1,0,0,0,0.0,0.0,0,0,0,0,0,0,0,0,0,0,0,0,0,0,0,0,0,0,0,0,0,0,0,,,0,0,0,0,0,0,0,0,0,0,0,0,,,,0,0,0,0,0,0,0,,0,0,0,0,0,0.0,0.0
00-0033872,J.Adams,Jamal Adams,LB,LB,"https://static.www.nfl.com/image/upload/f_auto,q_auto/league/plodzh6kwjvhpo2mf3ie",2025,3,REG,LV,WAS,0,0,0,0,0,0,0,0,0,0,0,0,,,0,,0,0,0,0,0,0,,0,0,0,0,0,0,0,0,0,0,,0,,0.0,0.0,0.0,0,0,0,2,0,0,0,0.0,0.0,0,0,0,0,0,0,0,0,0,0,0,0,0,0,0,0,0,0,0,0,0,0,0,,,0,0,0,0,0,0,0,0,0,0,0,0,,,,0,0,0,0,0,0,0,,0,0,0,0,0,0.0,0.0
00-0033873,P.Mahomes,Patrick Mahomes,QB,QB,"https://static.www.nfl.com/image/upload/f_auto,q_auto/league/iireqbn32cpg9fn4sfy7",2025,3,REG,KC,NYG,22,37,224,1,0,2,-23,2,0,319,112,13,8.23080711069923,-1.4937388896942139,0,0.7021943573667712,5,2,0,0,0,0,-1.5214160526520573,0,0,0,0,0,0,0,0,0,0,,0,,0.0,0.0,0.0,0,0,0,0,0,0,0,0.0,0.0,0,0,0,0,0,0,0,0,1,1,0,0,0,0,0,0,0,0,0,0,0,0,0,,,0,0,0,0,0,0,0,0,0,0,0,0,,,,0,0,0,0,0,0,0,,0,0,0,0,0,13.16,13.16
00-0033874,M.Lattimore,Marshon Lattimore,CB,DB,"https://static.www.nfl.com/image/upload/f_auto,q_auto/league/z4npwlwl5teozc1lp8ky",2025,3,REG,WAS,LV,0,0,0,0,0,0,0,0,0,0,0,0,,,0,,0,0,0,0,0,0,,0,0,0,0,0,0,0,0,0,0,,0,,0.0,0.0,0.0,0,2,0,1,0,0,0,0.0,0.0,0,0,0,1,0,0,0,0,0,0,0,0,0,0,0,0,0,0,0,0,0,0,0,,,0,0,0,0,0,0,0,0,0,0,0,0,,,,0,0,0,0,0,0,0,,0,0,0,0,0,0.0,0.0
00-0033875,H.Reddick,Haason Reddick,OLB,LB,"https://static.www.nfl.com/image/upload/f_auto,q_auto/league/to1hxe921e7wc8rarebt",2025,3,REG,TB,NYJ,0,0,0,0,0,0,0,0,0,0,0,0,,,0,,0,0,0,0,0,0,,0,0,0,0,0,0,0,0,0,0,,0,,0.0,0.0,0.0,0,2,0,1,1,1,0,0.0,0.0,0,0,0,0,0,0,0,0,0,0,0,0,0,0,0,0,0,0,0,0,0,0,0,,,0,0,0,0,0,0,0,0,0,0,0,0,,,,0,0,0,0,0,0,0,,0,0,0,0,0,0.0,0.0
00-0033876,D.Barnett,Derek Barnett,DE,DL,"https://static.www.nfl.com/image/upload/f_auto,q_auto/league/eh9ienpeakbbr9mw4vlm",2025,3,REG,HOU,JAX,0,0,0,0,0,0,0,0,0,0,0,0,,,0,,0,0,0,0,0,0,,0,0,0,0,0,0,0,0,0,0,,0,,0.0,0.0,0.0,0,0,0,0,0,0,0,0.0,0.0,0,0,0,0,0,0,0,0,0,0,0,0,0,1,15,0,0,0,0,0,0,0,0,,,0,0,0,0,0,0,0,0,0,0,0,0,,,,0,0,0,0,0,0,0,,0,0,0,0,0,0.0,0.0
00-0033877,M.Hooker,Malik Hooker,FS,DB,"https://static.www.nfl.com/image/upload/f_auto,q_auto/league/juvd0vtnne04b8fbqaf6",2025,3,REG,DAL,CHI,0,0,0,0,0,0,0,0,0,0,0,0,,,0,,0,0,0,0,0,0,,0,0,0,0,0,0,0,0,0,0,,0,,0.0,0.0,0.0,0,3,0,0,0,0,0,0.0,0.0,0,0,0,0,0,0,0,0,0,0,0,0,0,0,0,0,0,0,0,0,0,0,0,,,0,0,0,0,0,0,0,0,0,0,0,0,,,,0,0,0,0,0,0,0,,0,0,0,0,0,0.0,0.0
00-0033878,A.Jackson,Adoree' Jackson,CB,DB,"https://static.www.nfl.com/image/upload/f_auto,q_auto/league/jtskiyzkosuajjatls72",2025,3,REG,PHI,LA,0,0,0,0,0,0,0,0,0,0,0,0,,,0,,0,0,0,0,0,0,,0,0,0,0,0,0,0,0,0,0,,0,,0.0,0.0,0.0,0,3,0,2,0,0,0,0.0,0.0,0,0,0,0,0,0,0,0,0,0,0,0,0,0,0,0,0,0,0,0,0,0,0,,,0,0,0,0,0,0,0,0,0,0,0,0,,,,0,0,0,0,0,0,0,,0,0,0,0,0,0.0,0.0
00-0033883,J.Peppers,Jabrill Peppers,FS,DB,"https://static.www.nfl.com/image/upload/f_auto,q_auto/league/klkka1kfnipn9stskqo5",2025,3,REG,PIT,NE,0,0,0,0,0,0,0,0,0,0,0,0,,,0,,0,0,0,0,0,0,,0,0,0,0,0,0,0,0,0,0,,0,,0.0,0.0,0.0,0,2,0,4,0,0,0,0.0,0.0,0,0,0,0,0,0,0,0,0,0,1,1,0,0,0,0,0,0,0,0,0,0,0,,,0,0,0,0,0,0,0,0,0,0,0,0,,,,0,0,0,0,0,0,0,,0,0,0,0,0,0.0,0.0
00-0033884,T.White,Tre'Davious White,CB,DB,"https://static.www.nfl.com/image/upload/f_auto,q_auto/league/xlgqko9tehzohbgnou0v",2025,3,REG,BUF,MIA,0,0,0,0,0,0,0,0,0,0,0,0,,,0,,0,0,0,0,0,0,,0,0,0,0,0,0,0,0,0,0,,0,,0.0,0.0,0.0,0,4,0,1,1,3,0,0.0,0.0,0,0,0,1,0,0,0,0,0,0,0,0,0,0,0,0,0,0,0,0,0,0,0,,,0,0,0,0,0,0,0,0,0,0,0,0,,,,0,0,0,0,0,0,0,,0,0,0,0,0,0.0,0.0
00-0033885,D.Njoku,David Njoku,TE,TE,"https://static.www.nfl.com/image/upload/f_auto,q_auto/league/gdwtgcfz3mxj6codxdpn",2025,3,REG,CLE,GB,0,0,0,0,0,0,0,0,0,0,0,0,,,0,,0,0,0,0,0,0,,0,5,7,40,0,0,0,24,26,2,0.5317974486970343,0,1.6666666666666667,0.21212121212121213,0.09448818897637795,0.38432355046528277,0,0,0,0,0,0,0,0.0,0.0,0,0,0,0,0,0,0,0,0,0,0,0,0,0,0,0,0,0,0,0,0,0,0,,,0,0,0,0,0,0,0,0,0,0,0,0,,,,0,0,0,0,0,0,0,,0,0,0,0,0,4.0,9.0
00-0033886,T.Watt,T.J. Watt,OLB,LB,"https://static.www.nfl.com/image/upload/f_auto,q_auto/league/aywegy4gpj1d32vrl67u",2025,3,REG,PIT,NE,0,0,0,0,0,0,0,0,0,0,0,0,,,0,,0,0,0,0,0,0,,0,0,0,0,0,0,0,0,0,0,,0,,0.0,0.0,0.0,0,2,0,3,2,10,1,2.0,10.0,2,0,0,0,0,0,0,0,0,0,1,1,0,0,0,0,0,0,0,0,0,0,0,,,0,0,0,0,0,0,0,0,0,0,0,0,,,,0,0,0,0,0,0,0,,0,0,0,0,0,0.0,0.0
00-0033890,B.Baker,Budda Baker,S,DB,"https://static.www.nfl.com/image/upload/f_auto,q_auto/league/ja3tkctpkfcschgpowoe",2025,3,REG,ARI,SF,0,0,0,0,0,0,0,0,0,0,0,0,,,0,,0,0,0,0,0,0,,0,0,0,0,0,0,0,0,0,0,,0,,0.0,0.0,0.0,0,3,0,3,0,0,0,0.0,0.0,0,0,0,0,0,0,0,0,0,0,0,0,0,0,0,0,0,0,0,0,0,0,0,,,0,0,0,0,0,0,0,0,0,0,0,0,,,,0,0,0,0,0,0,0,,0,0,0,0,0,0.0,0.0
00-0033891,Z.Jones,Zay Jones,WR,WR,"https://static.www.nfl.com/image/upload/f_auto,q_auto/league/qihjjzfk0vwzoyrzztkq",2025,3,REG,ARI,SF,0,0,0,0,0,0,0,0,0,0,0,0,,,0,,0,0,0,0,0,0,,0,2,3,25,0,0,0,37,5,1,1.9000546446768567,0,0.6756756756756757,0.08823529411764706,0.20903954802259886,0.2786806247922898,0,0,0,0,0,0,0,0.0,0.0,0,0,0,0,0,0,0,0,0,0,0,0,0,0,0,0,0,0,0,0,0,0,0,,,0,0,0,0,0,0,0,0,0,0,0,0,,,,0,0,0,0,0,0,0,,0,0,0,0,0,2.5,4.5
00-0033902,T.Kpassagnon,Tanoh Kpassagnon,DE,DL,"https://static.www.nfl.com/image/private/f_auto,q_auto/league/ilr1bs7qesfq7fryeetc",2025,3,REG,CHI,DAL,0,0,0,0,0,0,0,0,0,0,0,0,,,0,,0,0,0,0,0,0,,0,0,0,0,0,0,0,0,0,0,,0,,0.0,0.0,0.0,0,1,0,0,0,0,0,0.0,0.0,0,0,0,0,0,0,0,0,0,0,0,0,0,0,0,0,0,0,0,0,0,0,0,,,0,0,0,0,0,0,0,0,0,0,0,0,,,,0,0,0,0,0,0,0,,0,0,0,0,0,0.0,0.0
00-0033904,D.Dawkins,Dion Dawkins,OT,OL,"https://static.www.nfl.com/image/upload/f_auto,q_auto/league/wuczkzxwxypvr9ssis5h",2025,3,REG,BUF,MIA,0,0,0,0,0,0,0,0,0,0,0,0,,,0,,0,0,0,0,0,0,,0,0,0,0,0,0,0,0,0,0,,0,,0.0,0.0,0.0,0,0,0,0,0,0,0,0.0,0.0,0,0,0,0,0,0,0,0,0,0,0,0,0,1,10,0,0,0,0,0,0,0,0,,,0,0,0,0,0,0,0,0,0,0,0,0,,,,0,0,0,0,0,0,0,,0,0,0,0,0,0.0,0.0
00-0033906,A.Kamara,Alvin Kamara,RB,RB,"https://static.www.nfl.com/image/upload/f_auto,q_auto/league/uay6uo9lonegelngihki",2025,3,REG,NO,SEA,0,0,0,0,0,0,0,0,0,0,0,0,,,0,,18,42,0,0,0,3,-7.336419424740598,0,1,2,14,0,0,0,28,17,1,-0.7768889975268394,0,0.5,0.04878048780487805,0.08069164265129683,0.12965488156322486,0,0,0,0,0,0,0,0.0,0.0,0,0,0,0,0,0,0,0,0,0,0,0,0,0,0,0,0,0,0,0,0,0,0,,,0,0,0,0,0,0,0,0,0,0,0,0,,,,0,0,0,0,0,0,0,,0,0,0,0,0,5.6000000000000005,6.6000000000000005
00-0033907,D.Smoot,Dawuane Smoot,DE,DL,"https://static.www.nfl.com/image/upload/f_auto,q_auto/league/gmwsx9fddqfaqsm6dx0a",2025,3,REG,JAX,HOU,0,0,0,0,0,0,0,0,0,0,0,0,,,0,,0,0,0,0,0,0,,0,0,0,0,0,0,0,0,0,0,,0,,0.0,0.0,0.0,0,2,0,2,0,0,0,0.0,0.0,0,0,0,0,0,0,0,0,0,0,0,0,0,0,0,0,0,0,0,0,0,0,0,,,0,0,0,0,0,0,0,0,0,0,0,0,,,,0,0,0,0,0,0,0,,0,0,0,0,0,0.0,0.0
00-0033908,C.Kupp,Cooper Kupp,WR,WR,"https://static.www.nfl.com/image/upload/f_auto,q_auto/league/lpaxi9rsedlg9sdr5quw",2025,3,REG,SEA,NO,0,0,0,0,0,0,0,0,0,0,0,0,,,0,,0,0,0,0,0,0,,0,2,3,31,0,0,0,3,15,1,3.7125597049016505,0,10.333333333333334,0.15,0.018404907975460124,0.23788343558282207,0,0,0,0,0,0,0,0.0,0.0,0,0,0,0,0,0,0,0,0,0,0,0,0,0,0,0,0,0,0,0,0,0,0,,,0,0,0,0,0,0,0,0,0,0,0,0,,,,0,0,0,0,0,0,0,,0,0,0,0,0,3.1,5.1
00-0033914,A.Anzalone,Alex Anzalone,MLB,LB,"https://static.www.nfl.com/image/upload/f_auto,q_auto/league/gbqizpfxe7nsijlw4gwv",2025,3,REG,DET,BAL,0,0,0,0,0,0,0,0,0,0,0,0,,,0,,0,0,0,0,0,0,,0,0,0,0,0,0,0,0,0,0,,0,,0.0,0.0,0.0,0,1,0,3,0,0,0,0.5,8.0,1,0,0,0,0,0,0,0,0,0,0,0,0,0,0,0,0,0,0,0,0,0,0,,,0,0,0,0,0,0,0,0,0,0,0,0,,,,0,0,0,0,0,0,0,,0,0,0,0,0,0.0,0.0
00-0033923,K.Hunt,Kareem Hunt,RB,RB,"https://static.www.nfl.com/image/upload/f_auto,q_auto/league/hktvzf8hiupoycyg1kmc",2025,3,REG,KC,NYG,0,0,0,0,0,0,0,0,0,0,0,0,,,0,,10,34,1,0,0,2,0.0342897288792301,0,1,1,10,0,0,0,-3,13,1,1.3252038552891463,0,-3.3333333333333335,0.02857142857142857,-0.009404388714733543,0.036274070756829375,0,0,0,0,0,0,0,0.0,0.0,0,0,0,0,0,0,0,0,0,0,0,0,0,1,15,0,0,0,0,0,0,0,0,,,0,0,0,0,0,0,0,0,0,0,0,0,,,,0,0,0,0,0,0,0,,0,0,0,0,0,10.4,11.4
00-0033928,J.Lewis,Jourdan Lewis,CB,DB,"https://static.www.nfl.com/image/upload/f_auto,q_auto/league/tba0nqjehzlrgwtvlvvf",2025,3,REG,JAX,HOU,0,0,0,0,0,0,0,0,0,0,0,0,,,0,,0,0,0,0,0,0,,0,0,0,0,0,0,0,0,0,0,,0,,0.0,0.0,0.0,0,3,0,1,1,1,0,0.0,0.0,0,1,6,2,0,0,0,0,0,0,0,0,0,0,0,0,0,0,0,0,0,0,0,,,0,0,0,0,0,0,0,0,0,0,0,0,,,,0,0,0,0,0,0,0,,0,0,0,0,0,0.0,0.0
00-0033935,T.Hendrickson,Trey Hendrickson,DE,DL,"https://static.www.nfl.com/image/upload/f_auto,q_auto/league/gfdlbzmukca60bgo3lr7",2025,3,REG,CIN,MIN,0,0,0,0,0,0,0,0,0,0,0,0,,,0,,0,0,0,0,0,0,,0,0,0,0,0,0,0,0,0,0,,0,,0.0,0.0,0.0,0,1,0,0,0,0,0,0.0,0.0,0,0,0,0,0,0,0,0,0,0,0,0,0,0,0,0,0,0,0,0,0,0,0,,,0,0,0,0,0,0,0,0,0,0,0,0,,,,0,0,0,0,0,0,0,,0,0,0,0,0,0.0,0.0
00-0033941,R.Jenkins,Rayshawn Jenkins,SAF,DB,"https://static.www.nfl.com/image/upload/f_auto,q_auto/league/e3tppqrhd6bpipfn2k4z",2025,3,REG,CLE,GB,0,0,0,0,0,0,0,0,0,0,0,0,,,0,,0,0,0,0,0,0,,0,0,0,0,0,0,0,0,0,0,,0,,0.0,0.0,0.0,0,2,0,1,0,0,0,0.0,0.0,0,0,0,0,0,0,0,0,0,0,0,0,0,0,0,0,0,0,0,0,0,0,0,,,0,0,0,0,0,0,0,0,0,0,0,0,,,,0,0,0,0,0,0,0,,0,0,0,0,0,0.0,0.0
00-0033945,S.Ebukam,Samson Ebukam,DE,DL,"https://static.www.nfl.com/image/upload/f_auto,q_auto/league/hw0ako11hlkm45wl7cfb",2025,3,REG,IND,TEN,0,0,0,0,0,0,0,0,0,0,0,0,,,0,,0,0,0,0,0,0,,0,0,0,0,0,0,0,0,0,0,,0,,0.0,0.0,0.0,0,2,0,1,1,1,0,0.0,0.0,0,0,0,0,0,0,0,0,0,0,0,0,0,0,0,0,0,0,0,0,0,0,0,,,0,0,0,0,0,0,0,0,0,0,0,0,,,,0,0,0,0,0,0,0,,0,0,0,0,0,0.0,0.0
00-0033952,G.Stewart,Grover Stewart,DT,DL,"https://static.www.nfl.com/image/upload/f_auto,q_auto/league/n9e0hbrrdvjloopiu51z",2025,3,REG,IND,TEN,0,0,0,0,0,0,0,0,0,0,0,0,,,0,,0,0,0,0,0,0,,0,0,0,0,0,0,0,0,0,0,,0,,0.0,0.0,0.0,0,1,0,4,0,0,0,0.0,0.0,1,0,0,0,0,0,0,0,0,0,0,0,0,0,0,0,0,0,0,0,0,0,0,,,0,0,0,0,0,0,0,0,0,0,0,0,,,,0,0,0,0,0,0,0,,0,0,0,0,0,0.0,0.0
00-0033955,J.McNichols,Jeremy McNichols,RB,RB,"https://static.www.nfl.com/image/upload/f_auto,q_auto/league/kegqjj5pv7xidm0xwtpy",2025,3,REG,WAS,LV,0,0,0,0,0,0,0,0,0,0,0,0,,,0,,4,78,1,0,0,3,6.75368484982755,0,0,0,0,0,0,0,0,0,0,,0,,0.0,0.0,0.0,0,0,0,0,0,0,0,0.0,0.0,0,0,0,0,0,0,0,0,0,0,0,0,0,0,0,0,0,0,0,0,0,0,0,,,0,0,0,0,0,0,0,0,0,0,0,0,,,,0,0,0,0,0,0,0,,0,0,0,0,0,13.8,13.8
00-0033964,A.Muhammad,Al-Quadin Muhammad,DE,DL,"https://static.www.nfl.com/image/upload/f_auto,q_auto/league/lmpiwh2pphphimm6bnxq",2025,3,REG,DET,BAL,0,0,0,0,0,0,0,0,0,0,0,0,,,0,,0,0,0,0,0,0,,0,0,0,0,0,0,0,0,0,0,,0,,0.0,0.0,0.0,0,3,0,1,2,11,0,2.5,19.0,3,0,0,0,0,0,0,0,0,0,0,0,0,0,0,0,0,0,0,0,0,0,0,,,0,0,0,0,0,0,0,0,0,0,0,0,,,,0,0,0,0,0,0,0,,0,0,0,0,0,0.0,0.0
00-0034114,C.Shelton,Coleman Shelton,C,OL,"https://static.www.nfl.com/image/upload/f_auto,q_auto/league/fbmh9dwdvja6yeu3pmj3",2025,3,REG,LA,PHI,0,0,0,0,0,0,0,0,0,0,0,0,,,0,,0,0,0,0,0,0,,0,0,0,0,0,0,0,0,0,0,,0,,0.0,0.0,0.0,0,0,0,0,0,0,0,0.0,0.0,0,0,0,0,0,0,0,0,0,0,0,0,0,1,10,0,0,0,0,0,0,0,0,,,0,0,0,0,0,0,0,0,0,0,0,0,,,,0,0,0,0,0,0,0,,0,0,0,0,0,0.0,0.0
00-0034160,M.Dickson,Michael Dickson,P,SPEC,"https://static.www.nfl.com/image/upload/f_auto,q_auto/league/chduw8ql98kdzegqiylt",2025,3,REG,SEA,NO,0,0,0,0,0,0,0,0,0,0,0,0,,,0,,0,0,0,0,0,0,,0,0,0,0,0,0,0,0,0,0,,0,,0.0,0.0,0.0,0,0,0,0,0,0,0,0.0,0.0,0,0,0,0,0,0,0,0,0,0,0,0,0,0,0,0,0,0,0,0,0,0,0,,,0,0,0,0,0,0,0,0,0,0,0,0,,,,0,0,0,0,0,0,0,,0,0,0,0,0,0.0,0.0
00-0034161,D.Carlson,Daniel Carlson,K,SPEC,"https://static.www.nfl.com/image/upload/f_auto,q_auto/league/gsvj7rtvqwbwdeho8whf",2025,3,REG,LV,WAS,0,0,0,0,0,0,0,0,0,0,0,0,,,0,,0,0,0,0,0,0,,0,0,0,0,0,0,0,0,0,0,,0,,0.0,0.0,0.0,0,0,0,0,0,0,0,0.0,0.0,0,0,0,0,0,0,0,0,0,0,0,0,0,0,0,0,0,0,0,1,1,0,0,37.0,1.0,0,0,1,0,0,0,0,0,0,0,0,0,37,,,37,0,0,1,1,0,0,1.0,0,0,0,0,0,0.0,0.0
00-0034162,J.Scott,J.K. Scott,P,SPEC,"https://static.www.nfl.com/image/upload/f_auto,q_auto/league/yayikawhfng99cqrosax",2025,3,REG,LAC,DEN,0,0,0,0,0,0,0,0,0,0,0,0,,,0,,0,0,0,0,0,0,,0,0,0,0,0,0,0,0,0,0,,0,,0.0,0.0,0.0,0,0,0,0,0,0,0,0.0,0.0,0,0,0,0,0,0,0,0,0,0,0,0,0,0,0,0,0,0,0,0,0,0,0,,,0,0,0,0,0,0,0,0,0,0,0,0,,,,0,0,0,0,0,0,0,,0,0,0,0,0,0.0,0.0
00-0034163,J.Martin,Jacob Martin,DE,DL,"https://static.www.nfl.com/image/upload/f_auto,q_auto/league/gomvduedkl0i9icpg8rk",2025,3,REG,WAS,LV,0,0,0,0,0,0,0,0,0,0,0,0,,,0,,0,0,0,0,0,0,,0,0,0,0,0,0,0,0,0,0,,0,,0.0,0.0,0.0,0,1,0,1,0,0,0,0.0,0.0,0,0,0,0,0,0,0,0,0,0,0,0,0,0,0,0,0,0,0,0,0,0,0,,,0,0,0,0,0,0,0,0,0,0,0,0,,,,0,0,0,0,0,0,0,,0,0,0,0,0,0.0,0.0
00-0034173,E.Pineiro,Eddy Pineiro,K,SPEC,"https://static.www.nfl.com/image/upload/f_auto,q_auto/league/l4rrfcuczjau7q02h2iz",2025,3,REG,SF,ARI,0,0,0,0,0,0,0,0,0,0,0,0,,,0,,0,0,0,0,0,0,,0,0,0,0,0,0,0,0,0,0,,0,,0.0,0.0,0.0,0,0,0,0,0,0,0,0.0,0.0,0,0,0,0,0,0,0,0,0,0,0,0,0,0,0,0,0,0,0,3,3,0,0,51.0,1.0,0,0,2,0,1,0,0,0,0,0,0,0,38;51;35,,,124,0,0,1,1,0,0,1.0,1,1,0,0,35,0.0,0.0
00-0034203,D.Williams,Darious Williams,CB,DB,"https://static.www.nfl.com/image/upload/f_auto,q_auto/league/nzrgn9doxy57s7si8uyf",2025,3,REG,LA,PHI,0,0,0,0,0,0,0,0,0,0,0,0,,,0,,0,0,0,0,0,0,,0,0,0,0,0,0,0,0,0,0,,0,,0.0,0.0,0.0,0,2,0,0,0,0,0,0.0,0.0,0,0,0,0,0,0,0,0,0,0,0,0,0,0,0,0,0,0,0,0,0,0,0,,,0,0,0,0,0,0,0,0,0,0,0,0,,,,0,0,0,0,0,0,0,,0,0,0,0,0,0.0,0.0
00-0034234,P.Ford,Poona Ford,DT,DL,"https://static.www.nfl.com/image/upload/f_auto,q_auto/league/z6bvartiturag8gtidcz",2025,3,REG,LA,PHI,0,0,0,0,0,0,0,0,0,0,0,0,,,0,,0,0,0,0,0,0,,0,0,0,0,0,0,0,0,0,0,,0,,0.0,0.0,0.0,0,2,0,1,1,8,0,1.0,8.0,1,0,0,0,0,0,0,0,0,0,0,0,0,0,0,0,0,0,0,0,0,0,0,,,0,0,0,0,0,0,0,0,0,0,0,0,,,,0,0,0,0,0,0,0,,0,0,0,0,0,0.0,0.0
00-0034251,D.Ekuale,Daniel Ekuale,DT,DL,"https://static.www.nfl.com/image/upload/f_auto,q_auto/league/jlab8hsw5int8lkrevrg",2025,3,REG,PIT,NE,0,0,0,0,0,0,0,0,0,0,0,0,,,0,,0,0,0,0,0,0,,0,0,0,0,0,0,0,0,0,0,,0,,0.0,0.0,0.0,0,2,0,1,0,0,0,0.0,0.0,0,0,0,0,0,0,0,0,0,0,0,0,0,0,0,0,0,0,0,0,0,0,0,,,0,0,0,0,0,0,0,0,0,0,0,0,,,,0,0,0,0,0,0,0,,0,0,0,0,0,0.0,0.0
00-0034264,J.Holmes,Jalyn Holmes,DT,DL,"https://static.www.nfl.com/image/upload/f_auto,q_auto/league/vvlecpcfjc7fgkuqbcuj",2025,3,REG,WAS,LV,0,0,0,0,0,0,0,0,0,0,0,0,,,0,,0,0,0,0,0,0,,0,0,0,0,0,0,0,0,0,0,,0,,0.0,0.0,0.0,0,0,0,1,0,0,0,0.0,0.0,0,0,0,0,0,0,0,0,0,0,0,0,0,0,0,0,0,0,0,0,0,0,0,,,0,0,0,0,0,0,0,0,0,0,0,0,,,,0,0,0,0,0,0,0,,0,0,0,0,0,0.0,0.0
00-0034270,T.Conklin,Tyler Conklin,TE,TE,"https://static.www.nfl.com/image/upload/f_auto,q_auto/league/knjuzxnzsfjxwcjxp5en",2025,3,REG,LAC,DEN,0,0,0,0,0,0,0,0,0,0,0,0,,,0,,0,0,0,0,0,0,,0,0,2,0,0,0,0,-1,0,0,-1.6436786821577698,0,0.0,0.044444444444444446,-0.002331002331002331,0.06503496503496503,0,0,0,0,0,0,0,0.0,0.0,0,0,0,0,0,0,0,0,0,0,0,0,0,0,0,0,0,0,0,0,0,0,0,,,0,0,0,0,0,0,0,0,0,0,0,0,,,,0,0,0,0,0,0,0,,0,0,0,0,0,0.0,0.0
00-0034272,M.Valdes-Scantling,Marquez Valdes-Scantling,WR,WR,"https://static.www.nfl.com/image/upload/f_auto,q_auto/league/vvk5v3hfjw0tevqxrhnf",2025,3,REG,SF,ARI,0,0,0,0,0,0,0,0,0,0,0,0,,,0,,0,0,0,0,0,0,,0,1,1,9,0,0,0,8,1,0,0.8025110231246799,0,1.125,0.02631578947368421,0.025889967637540454,0.05759666155680463,0,0,0,0,0,0,0,0.0,0.0,0,0,0,0,0,0,0,0,0,0,0,0,0,0,0,0,0,0,0,0,0,0,0,,,0,0,0,0,0,0,0,0,0,0,0,0,,,,0,0,0,0,0,0,0,,0,0,0,0,0,0.9,1.9
00-0034275,F.Fatukasi,Foley Fatukasi,DT,DL,"https://static.www.nfl.com/image/upload/f_auto,q_auto/league/ttcdigwndhyvmhvgof25",2025,3,REG,HOU,JAX,0,0,0,0,0,0,0,0,0,0,0,0,,,0,,0,0,0,0,0,0,,0,0,0,0,0,0,0,0,0,0,,0,,0.0,0.0,0.0,0,0,0,1,0,0,0,0.5,2.0,1,0,0,0,0,0,0,0,0,0,0,0,0,0,0,0,0,0,0,0,0,0,0,,,0,0,0,0,0,0,0,0,0,0,0,0,,,,0,0,0,0,0,0,0,,0,0,0,0,0,0.0,0.0
00-0034278,T.Smith,Tremon Smith,CB,DB,"https://static.www.nfl.com/image/upload/f_auto,q_auto/league/crjcjcsvkq0o689drl3c",2025,3,REG,HOU,JAX,0,0,0,0,0,0,0,0,0,0,0,0,,,0,,0,0,0,0,0,0,,0,0,0,0,0,0,0,0,0,0,,0,,0.0,0.0,0.0,0,3,0,1,1,2,0,0.0,0.0,0,0,0,0,0,0,0,0,0,0,0,0,0,0,0,0,0,0,0,0,0,0,0,,,0,0,0,0,0,0,0,0,0,0,0,0,,,,0,0,0,0,0,0,0,,0,0,0,0,0,0.0,0.0
00-0034285,Z.Sieler,Zach Sieler,DT,DL,"https://static.www.nfl.com/image/upload/f_auto,q_auto/league/a3mvqtjjep76e13cs353",2025,3,REG,MIA,BUF,0,0,0,0,0,0,0,0,0,0,0,0,,,0,,0,0,0,0,0,0,,0,0,0,0,0,0,0,0,0,0,,0,,0.0,0.0,0.0,0,4,0,1,0,0,0,0.0,0.0,0,0,0,0,0,0,0,0,0,0,0,0,0,1,15,0,0,0,0,0,0,0,0,,,0,0,0,0,0,0,0,0,0,0,0,0,,,,0,0,0,0,0,0,0,,0,0,0,0,0,0.0,0.0
00-0034302,F.Luvu,Frankie Luvu,LB,LB,"https://static.www.nfl.com/image/upload/f_auto,q_auto/league/tirwphxxgjmqhf2ucs9h",2025,3,REG,WAS,LV,0,0,0,0,0,0,0,0,0,0,0,0,,,0,,0,0,0,0,0,0,,0,0,0,0,0,0,0,0,0,0,,0,,0.0,0.0,0.0,0,4,0,3,0,0,0,0.0,0.0,0,0,0,0,0,0,0,0,0,0,0,0,0,0,0,0,0,0,0,0,0,0,0,,,0,0,0,0,0,0,0,0,0,0,0,0,,,,0,0,0,0,0,0,0,,0,0,0,0,0,0.0,0.0
00-0034333,D.Payne,Daron Payne,NT,DL,"https://static.www.nfl.com/image/upload/f_auto,q_auto/league/wyy5j7epmu2idqfwjhcr",2025,3,REG,WAS,LV,0,0,0,0,0,0,0,0,0,0,0,0,,,0,,0,0,0,0,0,0,,0,0,0,0,0,0,0,0,0,0,,0,,0.0,0.0,0.0,0,4,0,2,1,2,0,0.0,0.0,2,0,0,0,0,0,0,0,0,0,0,0,0,0,0,0,0,0,0,0,0,0,0,,,0,0,0,0,0,0,0,0,0,0,0,0,,,,0,0,0,0,0,0,0,,0,0,0,0,0,0.0,0.0
00-0034348,C.Sutton,Courtland Sutton,WR,WR,"https://static.www.nfl.com/image/upload/f_auto,q_auto/league/r2sr6cbma4c7wc3isejj",2025,3,REG,DEN,LAC,0,0,0,0,0,0,0,0,0,0,0,0,,,0,,0,0,0,0,0,0,,0,6,8,118,1,0,0,146,34,5,12.163943261664826,0,0.8082191780821918,0.34782608695652173,0.5427509293680297,0.9016647809924034,0,0,0,0,0,0,0,0.0,0.0,0,0,0,0,0,0,0,0,0,0,0,0,0,0,0,0,0,0,0,0,0,0,0,,,0,0,0,0,0,0,0,0,0,0,0,0,,,,0,0,0,0,0,0,0,,0,0,0,0,0,17.8,23.8
00-0034351,D.Goedert,Dallas Goedert,TE,TE,"https://static.www.nfl.com/image/upload/f_auto,q_auto/league/a6ljhwvkehvyiufdx3d1",2025,3,REG,PHI,LA,0,0,0,0,0,0,0,0,0,0,0,0,,,0,,0,0,0,0,0,0,,0,1,2,33,1,0,0,30,9,1,2.4446980357170105,0,1.1,0.06666666666666667,0.10948905109489052,0.17664233576642335,0,0,0,0,0,0,0,0.0,0.0,0,0,0,0,0,0,0,0,0,0,0,0,0,0,0,0,0,0,0,0,0,0,0,,,0,0,0,0,0,0,0,0,0,0,0,0,,,,0,0,0,0,0,0,0,,0,0,0,0,0,9.3,10.3
00-0034355,M.Stewart,M.J. Stewart,SAF,DB,"https://static.www.nfl.com/image/upload/f_auto,q_auto/league/ks5w5s7jghanmslipbfs",2025,3,REG,HOU,JAX,0,0,0,0,0,0,0,0,0,0,0,0,,,0,,0,0,0,0,0,0,,0,0,0,0,0,0,0,0,0,0,,0,,0.0,0.0,0.0,0,1,0,0,0,0,0,0.0,0.0,0,0,0,0,0,0,0,0,0,0,0,0,0,0,0,0,0,0,0,0,0,0,0,,,0,0,0,0,0,0,0,0,0,0,0,0,,,,0,0,0,0,0,0,0,,0,0,0,0,0,0.0,0.0
00-0034356,D.Jackson,Donte Jackson,CB,DB,"https://static.www.nfl.com/image/upload/f_auto,q_auto/league/nliq6ydokq7tica1y1gq",2025,3,REG,LAC,DEN,0,0,0,0,0,0,0,0,0,0,0,0,,,0,,0,0,0,0,0,0,,0,0,0,0,0,0,0,0,0,0,,0,,0.0,0.0,0.0,0,1,0,0,0,0,0,0.0,0.0,0,0,0,0,0,0,0,0,0,0,0,0,0,0,0,0,0,0,0,0,0,0,0,,,0,0,0,0,0,0,0,0,0,0,0,0,,,,0,0,0,0,0,0,0,,0,0,0,0,0,0.0,0.0
00-0034357,I.Oliver,Isaiah Oliver,SAF,DB,"https://static.www.nfl.com/image/upload/f_auto,q_auto/league/s5m8lnvv8xcidpvkyyd4",2025,3,REG,NYJ,TB,0,0,0,0,0,0,0,0,0,0,0,0,,,0,,0,0,0,0,0,0,,0,0,0,0,0,0,0,0,0,0,,0,,0.0,0.0,0.0,0,0,0,1,0,0,0,0.0,0.0,0,0,0,0,0,0,0,0,0,0,0,0,0,0,0,0,0,0,0,0,0,0,0,,,0,0,0,0,0,0,0,0,0,0,0,0,,,,0,0,0,0,0,0,0,,0,0,0,0,0,0.0,0.0
00-0034359,T.Lewis,Tyquan Lewis,DE,DL,"https://static.www.nfl.com/image/upload/f_auto,q_auto/league/d47ganmptjxxpyhctc8x",2025,3,REG,IND,TEN,0,0,0,0,0,0,0,0,0,0,0,0,,,0,,0,0,0,0,0,0,,0,0,0,0,0,0,0,0,0,0,,0,,0.0,0.0,0.0,0,2,1,0,3,8,0,2.0,7.0,2,0,0,0,0,0,0,0,0,0,0,0,0,0,0,0,0,0,0,0,0,0,0,,,0,0,0,0,0,0,0,0,0,0,0,0,,,,0,0,0,0,0,0,0,,0,0,0,0,0,0.0,0.0
00-0034361,J.Reid,Justin Reid,S,DB,"https://static.www.nfl.com/image/upload/f_auto,q_auto/league/ysi7vrkwfhei6adamgb3",2025,3,REG,NO,SEA,0,0,0,0,0,0,0,0,0,0,0,0,,,0,,0,0,0,0,0,0,,0,0,0,0,0,0,0,0,0,0,,0,,0.0,0.0,0.0,0,4,0,0,0,0,0,0.0,0.0,0,0,0,0,0,0,0,0,0,0,0,0,0,1,5,0,0,0,0,0,0,0,0,,,0,0,0,0,0,0,0,0,0,0,0,0,,,,0,0,0,0,0,0,0,,0,0,0,0,0,0.0,0.0
00-0034371,D.Hand,Da'Shawn Hand,DE,DL,"https://static.www.nfl.com/image/upload/f_auto,q_auto/league/n3ujcvyv6nl5oletxa6g",2025,3,REG,LAC,DEN,0,0,0,0,0,0,0,0,0,0,0,0,,,0,,0,0,0,0,0,0,,0,0,0,0,0,0,0,0,0,0,,0,,0.0,0.0,0.0,0,1,0,0,0,0,0,0.0,0.0,1,0,0,1,0,0,0,0,0,0,0,0,0,0,0,0,0,0,0,0,0,0,0,,,0,0,0,0,0,0,0,0,0,0,0,0,,,,0,0,0,0,0,0,0,,0,0,0,0,0,0.0,0.0
00-0034373,D.Armstrong,Dorance Armstrong,DE,DL,"https://static.www.nfl.com/image/upload/f_auto,q_auto/league/cdapnpgtde1mdf7r8l5e",2025,3,REG,WAS,LV,0,0,0,0,0,0,0,0,0,0,0,0,,,0,,0,0,0,0,0,0,,0,0,0,0,0,0,0,0,0,0,,0,,0.0,0.0,0.0,0,2,1,2,2,6,0,1.0,3.0,1,0,0,0,0,0,0,0,0,0,0,0,0,0,0,0,0,0,0,0,0,0,0,,,0,0,0,0,0,0,0,0,0,0,0,0,,,,0,0,0,0,0,0,0,,0,0,0,0,0,0.0,0.0
00-0034375,K.White,Kyzir White,OLB,LB,"https://static.www.nfl.com/image/upload/f_auto,q_auto/league/n5sjtcxydtaszz7yeyqw",2025,3,REG,TEN,IND,0,0,0,0,0,0,0,0,0,0,0,0,,,0,,0,0,0,0,0,0,,0,0,0,0,0,0,0,0,0,0,,0,,0.0,0.0,0.0,0,2,0,1,0,0,0,0.0,0.0,0,0,0,0,0,0,0,0,0,0,0,0,0,1,5,0,0,0,0,0,0,0,0,,,0,0,0,0,0,0,0,0,0,0,0,0,,,,0,0,0,0,0,0,0,,0,0,0,0,0,0.0,0.0
00-0034376,Ta.Johnson,Taron Johnson,CB,DB,"https://static.www.nfl.com/image/upload/f_auto,q_auto/league/xdvo4thpmwbehsfwpedb",2025,3,REG,BUF,MIA,0,0,0,0,0,0,0,0,0,0,0,0,,,0,,0,0,0,0,0,0,,0,0,0,0,0,0,0,0,0,0,,0,,0.0,0.0,0.0,0,6,0,2,1,2,0,0.0,0.0,0,0,0,1,0,0,0,0,0,0,0,0,0,0,0,0,0,0,0,0,0,0,0,,,0,0,0,0,0,0,0,0,0,0,0,0,,,,0,0,0,0,0,0,0,,0,0,0,0,0,0.0,0.0
00-0034381,J.Sweat,Josh Sweat,OLB,LB,"https://static.www.nfl.com/image/upload/f_auto,q_auto/league/zryjvbggvdlringt4vcn",2025,3,REG,ARI,SF,0,0,0,0,0,0,0,0,0,0,0,0,,,0,,0,0,0,0,0,0,,0,0,0,0,0,0,0,0,0,0,,0,,0.0,0.0,0.0,0,1,0,1,1,2,0,1.0,2.0,2,0,0,0,0,0,0,0,0,0,0,0,0,0,0,0,0,0,0,0,0,0,0,,,0,0,0,0,0,0,0,0,0,0,0,0,,,,0,0,0,0,0,0,0,,0,0,0,0,0,0.0,0.0
00-0034383,D.Schultz,Dalton Schultz,TE,TE,"https://static.www.nfl.com/image/upload/f_auto,q_auto/league/xbl9mhuamzv5udb4hyzj",2025,3,REG,HOU,JAX,0,0,0,0,0,0,0,0,0,0,0,0,,,0,,0,0,0,0,0,0,,0,5,6,39,0,0,0,37,11,2,1.7792761624929851,0,1.054054054054054,0.16666666666666666,0.1284722222222222,0.3399305555555555,0,1,0,1,0,0,0,0.0,0.0,0,0,0,0,0,0,0,0,0,0,0,0,0,1,5,0,0,0,0,0,0,0,0,,,0,0,0,0,0,0,0,0,0,0,0,0,,,,0,0,0,0,0,0,0,,0,0,0,0,0,3.9000000000000004,8.9
00-0034384,D.Reed,D.J. Reed,CB,DB,"https://static.www.nfl.com/image/upload/f_auto,q_auto/league/haxt1fpxhgnobin0d5sx",2025,3,REG,DET,BAL,0,0,0,0,0,0,0,0,0,0,0,0,,,0,,0,0,0,0,0,0,,0,0,0,0,0,0,0,0,0,0,,0,,0.0,0.0,0.0,0,2,0,0,0,0,0,0.0,0.0,0,0,0,1,0,0,0,0,0,0,1,1,0,1,1,0,0,0,0,0,0,0,0,,,0,0,0,0,0,0,0,0,0,0,0,0,,,,0,0,0,0,0,0,0,,0,0,0,0,0,0.0,0.0
00-0034391,S.Neal,Siran Neal,CB,DB,"https://static.www.nfl.com/image/upload/f_auto,q_auto/league/kq7kbeol3boyczqkm9jx",2025,3,REG,SF,ARI,0,0,0,0,0,0,0,0,0,0,0,0,,,0,,0,0,0,0,0,0,,0,0,0,0,0,0,0,0,0,0,,0,,0.0,0.0,0.0,0,0,0,1,0,0,0,0.0,0.0,0,0,0,0,0,0,0,0,0,0,0,0,0,0,0,0,0,0,0,0,0,0,0,,,0,0,0,0,0,0,0,0,0,0,0,0,,,,0,0,0,0,0,0,0,,0,0,0,0,0,0.0,0.0
00-0034397,T.Settle,Tim Settle,DT,DL,"https://static.www.nfl.com/image/upload/f_auto,q_auto/league/jhb7b9b6r8yybbltih4v",2025,3,REG,HOU,JAX,0,0,0,0,0,0,0,0,0,0,0,0,,,0,,0,0,0,0,0,0,,0,0,0,0,0,0,0,0,0,0,,0,,0.0,0.0,0.0,0,1,0,0,1,1,0,0.0,0.0,0,0,0,1,0,0,0,0,0,0,0,0,0,0,0,0,0,0,0,0,0,0,0,,,0,0,0,0,0,0,0,0,0,0,0,0,,,,0,0,0,0,0,0,0,,0,0,0,0,0,0.0,0.0
00-0034399,W.Teller,Wyatt Teller,G,OL,"https://static.www.nfl.com/image/upload/f_auto,q_auto/league/cssfbsfmyuubkg0js8ni",2025,3,REG,CLE,GB,0,0,0,0,0,0,0,0,0,0,0,0,,,0,,0,0,0,0,0,0,,0,0,0,0,0,0,0,0,0,0,,0,,0.0,0.0,0.0,0,0,0,0,0,0,0,0.0,0.0,0,0,0,0,0,0,0,0,0,0,0,0,0,2,25,0,0,0,0,0,0,0,0,,,0,0,0,0,0,0,0,0,0,0,0,0,,,,0,0,0,0,0,0,0,,0,0,0,0,0,0.0,0.0
00-0034407,R.McCloud,Ray-Ray McCloud,WR,WR,"https://static.www.nfl.com/image/upload/f_auto,q_auto/league/nvwn3sdihyyd2itjt7vy",2025,3,REG,ATL,CAR,0,0,0,0,0,0,0,0,0,0,0,0,,,0,,0,0,0,0,0,0,,0,2,5,20,0,0,0,33,22,1,-8.997106627561152,0,0.6060606060606061,0.12195121951219512,0.10784313725490197,0.25841702534672406,0,1,0,0,0,0,0,0.0,0.0,0,0,0,0,0,0,0,0,0,0,0,0,0,0,0,2,0,2,32,0,0,0,0,,,0,0,0,0,0,0,0,0,0,0,0,0,,,,0,0,0,0,0,0,0,,0,0,0,0,0,2.0,4.0
00-0034413,F.Oluokun,Foye Oluokun,LB,LB,"https://static.www.nfl.com/image/private/f_auto,q_auto/league/ldsewkhf1k2uxwcud0bj",2025,3,REG,JAX,HOU,0,0,0,0,0,0,0,0,0,0,0,0,,,0,,0,0,0,0,0,0,,0,0,0,0,0,0,0,0,0,0,,0,,0.0,0.0,0.0,0,5,0,1,0,0,0,0.0,0.0,0,0,0,0,0,0,0,0,0,0,0,0,0,0,0,0,0,0,0,0,0,0,0,,,0,0,0,0,0,0,0,0,0,0,0,0,,,,0,0,0,0,0,0,0,,0,0,0,0,0,0.0,0.0
00-0034431,Z.Franklin,Zaire Franklin,OLB,LB,"https://static.www.nfl.com/image/upload/f_auto,q_auto/league/sjssdwwimkrgh3jzuo89",2025,3,REG,IND,TEN,0,0,0,0,0,0,0,0,0,0,0,0,,,0,,0,0,0,0,0,0,,0,0,0,0,0,0,0,0,0,0,,0,,0.0,0.0,0.0,0,4,0,2,0,0,0,0.0,0.0,0,0,0,1,0,0,0,0,0,0,0,0,0,0,0,0,0,0,0,0,0,0,0,,,0,0,0,0,0,0,0,0,0,0,0,0,,,,0,0,0,0,0,0,0,,0,0,0,0,0,0.0,0.0
00-0034437,L.Cooke,Logan Cooke,P,SPEC,"https://static.www.nfl.com/image/upload/f_auto,q_auto/league/tm0qrnirdvbhshxsfhg2",2025,3,REG,JAX,HOU,0,0,0,0,0,0,0,0,0,0,0,0,,,0,,0,0,0,0,0,0,,0,0,0,0,0,0,0,0,0,0,,0,,0.0,0.0,0.0,0,0,0,0,0,0,0,0.0,0.0,0,0,0,0,0,0,0,0,0,0,0,0,0,0,0,0,0,0,0,0,0,0,0,,,0,0,0,0,0,0,0,0,0,0,0,0,,,,0,0,0,0,0,0,0,,0,0,0,0,0,0.0,0.0
00-0034465,J.Reaves,Jeremy Reaves,SAF,DB,"https://static.www.nfl.com/image/upload/f_auto,q_auto/league/kwmtxcogvel516q4ws86",2025,3,REG,WAS,LV,0,0,0,0,0,0,0,0,0,0,0,0,,,0,,0,0,0,0,0,0,,0,0,0,0,0,0,0,0,0,0,,0,,0.0,0.0,0.0,0,2,0,2,0,0,0,0.0,0.0,1,0,0,0,0,0,0,0,0,0,0,0,0,0,0,0,0,0,0,0,0,0,0,,,0,0,0,0,0,0,0,0,0,0,0,0,,,,0,0,0,0,0,0,0,,0,0,0,0,0,0.0,0.0
00-0034473,D.Gardeck,Dennis Gardeck,LB,LB,"https://static.www.nfl.com/image/upload/f_auto,q_auto/league/n7dgy1vckfce4ynxeoil",2025,3,REG,JAX,HOU,0,0,0,0,0,0,0,0,0,0,0,0,,,0,,0,0,0,0,0,0,,0,0,0,0,0,0,0,0,0,0,,0,,0.0,0.0,0.0,0,3,0,1,1,2,0,0.0,0.0,0,0,0,1,0,0,0,0,0,0,0,0,0,1,5,0,0,0,0,0,0,0,0,,,0,0,0,0,0,0,0,0,0,0,0,0,,,,0,0,0,0,0,0,0,,0,0,0,0,0,0.0,0.0
00-0034485,J.Owens,Jonathan Owens,DB,DB,"https://static.www.nfl.com/image/upload/f_auto,q_auto/league/nefkbybdw0icaynztmxk",2025,3,REG,CHI,DAL,0,0,0,0,0,0,0,0,0,0,0,0,,,0,,0,0,0,0,0,0,,0,0,0,0,0,0,0,0,0,0,,0,,0.0,0.0,0.0,0,2,0,0,0,0,0,0.0,0.0,0,0,0,0,0,0,0,0,0,0,0,0,0,0,0,0,0,0,0,0,0,0,0,,,0,0,0,0,0,0,0,0,0,0,0,0,,,,0,0,0,0,0,0,0,,0,0,0,0,0,0.0,0.0
00-0034488,T.Thomas,Tavierre Thomas,SAF,DB,"https://static.www.nfl.com/image/upload/f_auto,q_auto/league/bbljj6ltlnswmkqjhzfw",2025,3,REG,MIN,CIN,0,0,0,0,0,0,0,0,0,0,0,0,,,0,,0,0,0,0,0,0,,0,0,0,0,0,0,0,0,0,0,,0,,0.0,0.0,0.0,0,1,0,2,0,0,0,0.0,0.0,0,0,0,0,0,0,0,0,0,0,0,0,0,1,15,0,0,0,0,0,0,0,0,,,0,0,0,0,0,0,0,0,0,0,0,0,,,,0,0,0,0,0,0,0,,0,0,0,0,0,0.0,0.0
00-0034521,A.Lazard,Allen Lazard,WR,WR,"https://static.www.nfl.com/image/upload/f_auto,q_auto/league/b05f33npu1zjtpozfgdk",2025,3,REG,NYJ,TB,0,0,0,0,0,0,0,0,0,0,0,0,,,0,,0,0,0,0,0,0,,0,2,3,13,1,0,0,12,5,1,0.923552600084804,0,1.0833333333333333,0.08571428571428572,0.07453416149068323,0.18074534161490682,0,0,0,0,0,0,0,0.0,0.0,0,0,0,0,0,0,0,0,0,0,0,0,0,0,0,0,0,0,0,0,0,0,0,,,0,0,0,0,0,0,0,0,0,0,0,0,,,,0,0,0,0,0,0,0,,0,0,0,0,0,7.3,9.3
00-0034573,C.Ward,Charvarius Ward,CB,DB,"https://static.www.nfl.com/image/upload/f_auto,q_auto/league/vbxv5ynhjrayfzbe2lda",2025,3,REG,IND,TEN,0,0,0,0,0,0,0,0,0,0,0,0,,,0,,0,0,0,0,0,0,,0,0,0,0,0,0,0,0,0,0,,0,,0.0,0.0,0.0,0,1,0,0,0,0,0,0.0,0.0,0,0,0,2,0,0,0,0,0,0,0,0,0,1,5,0,0,0,0,0,0,0,0,,,0,0,0,0,0,0,0,0,0,0,0,0,,,,0,0,0,0,0,0,0,,0,0,0,0,0,0.0,0.0
00-0034673,T.Edmunds,Tremaine Edmunds,MLB,LB,"https://static.www.nfl.com/image/upload/f_auto,q_auto/league/unz9o9leinnet5o4qlsr",2025,3,REG,CHI,DAL,0,0,0,0,0,0,0,0,0,0,0,0,,,0,,0,0,0,0,0,0,,0,0,0,0,0,0,0,0,0,0,,0,,0.0,0.0,0.0,0,3,3,9,0,0,0,0.0,0.0,0,2,0,2,0,0,0,0,0,0,0,0,0,0,0,0,0,0,0,0,0,0,0,,,0,0,0,0,0,0,0,0,0,0,0,0,,,,0,0,0,0,0,0,0,,0,0,0,0,0,0.0,0.0
00-0034675,J.Bates,Jessie Bates,FS,DB,"https://static.www.nfl.com/image/upload/f_auto,q_auto/league/ypv1sfm8zjghyzvmx0a1",2025,3,REG,ATL,CAR,0,0,0,0,0,0,0,0,0,0,0,0,,,0,,0,0,0,0,0,0,,0,0,0,0,0,0,0,0,0,0,,0,,0.0,0.0,0.0,0,3,0,4,0,0,0,0.0,0.0,1,0,0,0,0,0,0,0,0,0,0,0,0,0,0,0,0,0,0,0,0,0,0,,,0,0,0,0,0,0,0,0,0,0,0,0,,,,0,0,0,0,0,0,0,,0,0,0,0,0,0.0,0.0
00-0034720,R.Spillane,Robert Spillane,LB,LB,"https://static.www.nfl.com/image/upload/f_auto,q_auto/league/jt2r3dnb8dmywp1azotj",2025,3,REG,NE,PIT,0,0,0,0,0,0,0,0,0,0,0,0,,,0,,0,0,0,0,0,0,,0,0,0,0,0,0,0,0,0,0,,0,,0.0,0.0,0.0,0,8,1,6,1,5,0,0.0,0.0,0,1,37,1,0,0,0,0,0,0,0,0,0,0,0,0,0,0,0,0,0,0,0,,,0,0,0,0,0,0,0,0,0,0,0,0,,,,0,0,0,0,0,0,0,,0,0,0,0,0,0.0,0.0
00-0034721,C.Bojorquez,Corey Bojorquez,P,SPEC,"https://static.www.nfl.com/image/private/f_auto,q_auto/league/eiuli9dmspe6d4cwwa00",2025,3,REG,CLE,GB,0,0,0,0,0,0,0,0,0,0,0,0,,,0,,0,0,0,0,0,0,,0,0,0,0,0,0,0,0,0,0,,0,,0.0,0.0,0.0,0,0,0,0,0,0,0,0.0,0.0,0,0,0,0,0,0,0,0,0,0,0,0,0,0,0,0,0,0,0,0,0,0,0,,,0,0,0,0,0,0,0,0,0,0,0,0,,,,0,0,0,0,0,0,0,,0,0,0,0,0,0.0,0.0
00-0034753,M.Andrews,Mark Andrews,TE,TE,"https://static.www.nfl.com/image/upload/f_auto,q_auto/league/wzx3p0hzm3qyqsrfqznb",2025,3,REG,BAL,DET,0,0,0,0,0,0,0,0,0,0,0,0,,,0,,0,0,0,0,0,0,,0,6,6,91,2,0,0,65,26,4,10.055352277995553,0,1.4,0.21428571428571427,0.22887323943661972,0.48163983903420515,0,0,0,0,0,0,0,0.0,0.0,0,0,0,0,0,0,0,0,0,0,0,0,0,0,0,0,0,0,0,0,0,0,0,,,0,0,0,0,0,0,0,0,0,0,0,0,,,,0,0,0,0,0,0,0,,0,0,0,0,0,21.1,27.1
00-0034754,O.Burks,Oren Burks,ILB,LB,"https://static.www.nfl.com/image/upload/f_auto,q_auto/league/efcamqfjel7jozjdvbe9",2025,3,REG,CIN,MIN,0,0,0,0,0,0,0,0,0,0,0,0,,,0,,0,0,0,0,0,0,,0,0,0,0,0,0,0,0,0,0,,0,,0.0,0.0,0.0,0,2,0,3,0,0,1,0.0,0.0,0,0,0,0,0,0,0,0,0,0,0,0,0,0,0,0,0,0,0,0,0,0,0,,,0,0,0,0,0,0,0,0,0,0,0,0,,,,0,0,0,0,0,0,0,,0,0,0,0,0,0.0,0.0
00-0034760,N.Shepherd,Nathan Shepherd,DT,DL,"https://static.www.nfl.com/image/upload/f_auto,q_auto/league/sl9b2jgyvmo5yn0vglok",2025,3,REG,NO,SEA,0,0,0,0,0,0,0,0,0,0,0,0,,,0,,0,0,0,0,0,0,,0,0,0,0,0,0,0,0,0,0,,0,,0.0,0.0,0.0,0,1,0,4,1,2,0,0.0,0.0,0,0,0,0,0,0,0,0,0,0,0,0,0,1,5,0,0,0,0,0,0,0,0,,,0,0,0,0,0,0,0,0,0,0,0,0,,,,0,0,0,0,0,0,0,,0,0,0,0,0,0.0,0.0
00-0034773,V.Vea,Vita Vea,DT,DL,"https://static.www.nfl.com/image/upload/f_auto,q_auto/league/enh7ieutevvqmvrn13ob",2025,3,REG,TB,NYJ,0,0,0,0,0,0,0,0,0,0,0,0,,,0,,0,0,0,0,0,0,,0,0,0,0,0,0,0,0,0,0,,0,,0.0,0.0,0.0,0,0,0,2,0,0,0,0.0,0.0,0,0,0,0,0,0,0,0,0,0,1,1,0,0,0,0,0,0,0,0,0,0,0,,,0,0,0,0,0,0,0,0,0,0,0,0,,,,0,0,0,0,0,0,0,,0,0,0,0,0,0.0,0.0
00-0034775,C.Kirk,Christian Kirk,WR,WR,"https://static.www.nfl.com/image/upload/f_auto,q_auto/league/bugikrmfz5k4jvyaogza",2025,3,REG,HOU,JAX,0,0,0,0,0,0,0,0,0,0,0,0,,,0,,0,0,0,0,0,0,,0,3,8,25,0,0,0,98,20,2,-7.796333823003806,0,0.25510204081632654,0.2222222222222222,0.3402777777777778,0.5715277777777777,0,0,0,0,0,0,0,0.0,0.0,0,0,0,0,0,0,0,0,0,0,0,0,0,0,0,0,0,0,0,0,0,0,0,,,0,0,0,0,0,0,0,0,0,0,0,0,,,,0,0,0,0,0,0,0,,0,0,0,0,0,2.5,5.5
00-0034778,C.Davis,Carlton Davis III,CB,DB,"https://static.www.nfl.com/image/upload/f_auto,q_auto/league/pzbrbbwgymysharir2ms",2025,3,REG,NE,PIT,0,0,0,0,0,0,0,0,0,0,0,0,,,0,,0,0,0,0,0,0,,0,0,0,0,0,0,0,0,0,0,,0,,0.0,0.0,0.0,0,2,0,0,0,0,0,0.0,0.0,0,0,0,0,0,0,0,0,0,0,0,0,0,1,18,0,0,0,0,0,0,0,0,,,0,0,0,0,0,0,0,0,0,0,0,0,,,,0,0,0,0,0,0,0,,0,0,0,0,0,0.0,0.0
00-0034780,I.Yiadom,Isaac Yiadom,CB,DB,"https://static.www.nfl.com/image/upload/f_auto,q_auto/league/yshnc3lfpcams5ropegx",2025,3,REG,NO,SEA,0,0,0,0,0,0,0,0,0,0,0,0,,,0,,0,0,0,0,0,0,,0,0,0,0,0,0,0,0,0,0,,0,,0.0,0.0,0.0,0,2,0,0,0,0,0,0.0,0.0,0,0,0,0,0,0,0,0,0,0,0,0,0,0,0,0,0,0,0,0,0,0,0,,,0,0,0,0,0,0,0,0,0,0,0,0,,,,0,0,0,0,0,0,0,,0,0,0,0,0,0.0,0.0
00-0034782,H.Phillips,Harrison Phillips,DT,DL,"https://static.www.nfl.com/image/upload/f_auto,q_auto/league/znophhdzukalwuwsx6vx",2025,3,REG,NYJ,TB,0,0,0,0,0,0,0,0,0,0,0,0,,,0,,0,0,0,0,0,0,,0,0,0,0,0,0,0,0,0,0,,0,,0.0,0.0,0.0,0,1,0,5,0,0,1,0.5,4.0,0,0,0,0,0,0,0,0,0,0,0,0,0,0,0,0,0,0,0,0,0,0,0,,,0,0,0,0,0,0,0,0,0,0,0,0,,,,0,0,0,0,0,0,0,,0,0,0,0,0,0.0,0.0
00-0034789,M.Fitzpatrick,Minkah Fitzpatrick,FS,DB,"https://static.www.nfl.com/image/upload/f_auto,q_auto/league/umy9w1ayh5lnhjc10mmq",2025,3,REG,MIA,BUF,0,0,0,0,0,0,0,0,0,0,0,0,,,0,,0,0,0,0,0,0,,0,0,0,0,0,0,0,0,0,0,,0,,0.0,0.0,0.0,0,4,0,1,0,0,0,0.0,0.0,0,0,0,0,0,0,0,0,0,0,0,0,0,0,0,0,0,0,0,0,0,0,0,,,0,0,0,0,0,0,0,0,0,0,0,0,,,,0,0,0,0,0,0,0,,0,0,0,0,0,0.0,0.0
00-0034790,D.James,Derwin James,FS,DB,"https://static.www.nfl.com/image/upload/f_auto,q_auto/league/z9au0ajgcwoeozfdu0ec",2025,3,REG,LAC,DEN,0,0,0,0,0,0,0,0,0,0,0,0,,,0,,0,0,0,0,0,0,,0,0,0,0,0,0,0,0,0,0,,0,,0.0,0.0,0.0,0,9,1,2,4,14,0,1.0,6.0,1,0,0,0,0,0,0,0,0,0,0,0,0,0,0,0,0,0,0,0,0,0,0,,,0,0,0,0,0,0,0,0,0,0,0,0,,,,0,0,0,0,0,0,0,,0,0,0,0,0,0.0,0.0
00-0034791,N.Chubb,Nick Chubb,RB,RB,"https://static.www.nfl.com/image/upload/f_auto,q_auto/league/h5y74trx6l8ivpkbmrkt",2025,3,REG,HOU,JAX,0,0,0,0,0,0,0,0,0,0,0,0,,,0,,9,38,0,0,0,1,-1.0830672279116698,0,3,4,2,0,0,0,-7,4,0,-1.7884975471533835,0,-0.2857142857142857,0.1111111111111111,-0.024305555555555556,0.14965277777777777,0,0,0,0,0,0,0,0.0,0.0,0,0,0,0,0,0,0,0,0,0,0,0,0,0,0,0,0,0,0,0,0,0,0,,,0,0,0,0,0,0,0,0,0,0,0,0,,,,0,0,0,0,0,0,0,,0,0,0,0,0,4.0,7.0
00-0034792,C.Armstrong,Cornell Armstrong,DB,DB,"https://static.www.nfl.com/image/upload/f_auto,q_auto/league/aslfjfnirvlt7u6z8hkn",2025,3,REG,MIA,BUF,0,0,0,0,0,0,0,0,0,0,0,0,,,0,,0,0,0,0,0,0,,0,0,0,0,0,0,0,0,0,0,,0,,0.0,0.0,0.0,0,1,0,0,0,0,0,0.0,0.0,0,0,0,0,0,0,0,0,0,0,0,0,0,0,0,0,0,0,0,0,0,0,0,,,0,0,0,0,0,0,0,0,0,0,0,0,,,,0,0,0,0,0,0,0,,0,0,0,0,0,0.0,0.0
00-0034796,L.Jackson,Lamar Jackson,QB,QB,"https://static.www.nfl.com/image/upload/f_auto,q_auto/league/cruqs6qpbykh7a2whd7p",2025,3,REG,BAL,DET,21,27,288,3,0,7,-55,1,0,274,101,14,11.022880831304771,13.372031185362074,0,1.051094890510949,7,35,0,0,0,2,-1.1629311349825002,0,0,0,0,0,0,0,0,0,0,,0,,0.0,0.0,0.0,0,1,0,0,0,0,0,0.0,0.0,0,0,0,0,0,0,0,0,1,1,0,0,0,0,0,0,0,0,0,0,0,0,0,,,0,0,0,0,0,0,0,0,0,0,0,0,,,,0,0,0,0,0,0,0,,0,0,0,0,0,27.02,27.02
00-0034797,J.Baker,Jerome Baker,OLB,LB,"https://static.www.nfl.com/image/upload/f_auto,q_auto/league/wdo4k5bdufnhhu8izyj4",2025,3,REG,CLE,GB,0,0,0,0,0,0,0,0,0,0,0,0,,,0,,0,0,0,0,0,0,,0,0,0,0,0,0,0,0,0,0,,0,,0.0,0.0,0.0,0,1,0,0,0,0,0,0.0,0.0,0,0,0,0,0,0,0,0,0,0,0,0,0,0,0,0,0,0,0,0,0,0,0,,,0,0,0,0,0,0,0,0,0,0,0,0,,,,0,0,0,0,0,0,0,,0,0,0,0,0,0.0,0.0
00-0034800,B.Hill,B.J. Hill,DE,DL,"https://static.www.nfl.com/image/upload/f_auto,q_auto/league/t5d3t2wt1goqgv5njdqa",2025,3,REG,CIN,MIN,0,0,0,0,0,0,0,0,0,0,0,0,,,0,,0,0,0,0,0,0,,0,0,0,0,0,0,0,0,0,0,,0,,0.0,0.0,0.0,0,1,0,2,0,0,0,0.0,0.0,0,0,0,0,0,0,0,0,0,0,0,0,0,1,5,0,0,0,0,0,0,0,0,,,0,0,0,0,0,0,0,0,0,0,0,0,,,,0,0,0,0,0,0,0,,0,0,0,0,0,0.0,0.0
00-0034805,J.Franklin-Myers,John Franklin-Myers,DE,DL,"https://static.www.nfl.com/image/upload/f_auto,q_auto/league/uddpcfoopacmfjcovnvi",2025,3,REG,DEN,LAC,0,0,0,0,0,0,0,0,0,0,0,0,,,0,,0,0,0,0,0,0,,0,0,0,0,0,0,0,0,0,0,,0,,0.0,0.0,0.0,0,2,0,1,1,6,0,1.0,6.0,2,0,0,0,0,0,0,0,0,0,0,0,0,1,5,0,0,0,0,0,0,0,0,,,0,0,0,0,0,0,0,0,0,0,0,0,,,,0,0,0,0,0,0,0,,0,0,0,0,0,0.0,0.0
00-0034810,S.Joseph,Sebastian Joseph-Day,DE,DL,"https://static.www.nfl.com/image/upload/f_auto,q_auto/league/clutt16odnru2dvidv9w",2025,3,REG,TEN,IND,0,0,0,0,0,0,0,0,0,0,0,0,,,0,,0,0,0,0,0,0,,0,0,0,0,0,0,0,0,0,0,,0,,0.0,0.0,0.0,0,3,0,1,0,0,0,0.0,0.0,0,0,0,0,0,0,0,0,0,0,0,0,0,0,0,0,0,0,0,0,0,0,0,,,0,0,0,0,0,0,0,0,0,0,0,0,,,,0,0,0,0,0,0,0,,0,0,0,0,0,0.0,0.0
00-0034815,F.Warner,Fred Warner,MLB,LB,"https://static.www.nfl.com/image/upload/f_auto,q_auto/league/u3en19iyyfc64d3vprh6",2025,3,REG,SF,ARI,0,0,0,0,0,0,0,0,0,0,0,0,,,0,,0,0,0,0,0,0,,0,0,0,0,0,0,0,0,0,0,,0,,0.0,0.0,0.0,0,5,0,6,0,0,0,0.0,0.0,0,0,0,2,0,0,0,0,0,0,0,0,0,0,0,0,0,0,0,0,0,0,0,,,0,0,0,0,0,0,0,0,0,0,0,0,,,,0,0,0,0,0,0,0,,0,0,0,0,0,0.0,0.0
00-0034825,A.Key,Arden Key,LB,LB,"https://static.www.nfl.com/image/upload/f_auto,q_auto/league/wgnbernjlxpmk5rhgkhn",2025,3,REG,TEN,IND,0,0,0,0,0,0,0,0,0,0,0,0,,,0,,0,0,0,0,0,0,,0,0,0,0,0,0,0,0,0,0,,0,,0.0,0.0,0.0,0,0,0,0,0,0,0,0.0,0.0,1,0,0,0,0,0,0,0,0,0,0,0,0,0,0,0,0,0,0,0,0,0,0,,,0,0,0,0,0,0,0,0,0,0,0,0,,,,0,0,0,0,0,0,0,,0,0,0,0,0,0.0,0.0
00-0034827,D.Moore,DJ Moore,WR,WR,"https://static.www.nfl.com/image/upload/f_auto,q_auto/league/qphturmeiifnqrnf5pax",2025,3,REG,CHI,DAL,0,0,0,0,0,0,0,0,0,0,0,0,,,0,,3,7,0,0,0,0,-1.1608540097950026,0,4,5,21,1,0,0,30,7,2,4.5850720353773795,0,0.7,0.17857142857142858,0.12,0.35185714285714287,0,0,0,0,0,0,0,0.0,0.0,0,0,0,0,0,0,0,0,0,0,0,0,0,0,0,0,0,0,0,0,0,0,0,,,0,0,0,0,0,0,0,0,0,0,0,0,,,,0,0,0,0,0,0,0,,0,0,0,0,0,8.8,12.8
00-0034828,H.Landry,Harold Landry III,LB,LB,"https://static.www.nfl.com/image/upload/f_auto,q_auto/league/u4vo0zlxvsph3annhc4f",2025,3,REG,NE,PIT,0,0,0,0,0,0,0,0,0,0,0,0,,,0,,0,0,0,0,0,0,,0,0,0,0,0,0,0,0,0,0,,0,,0.0,0.0,0.0,0,2,0,6,0,0,1,0.0,0.0,1,0,0,0,0,0,0,0,0,0,0,0,0,0,0,0,0,0,0,0,0,0,0,,,0,0,0,0,0,0,0,0,0,0,0,0,,,,0,0,0,0,0,0,0,,0,0,0,0,0,0.0,0.0
00-0034829,M.Gesicki,Mike Gesicki,TE,TE,"https://static.www.nfl.com/image/upload/f_auto,q_auto/league/mfswo0trev4oi2gnb41e",2025,3,REG,CIN,MIN,0,0,0,0,0,0,0,0,0,0,0,0,,,0,,0,0,0,0,0,0,,0,1,3,6,0,0,0,18,3,0,-4.692540503223427,0,0.3333333333333333,0.11538461538461539,0.13953488372093023,0.2707513416815742,0,1,0,0,0,0,0,0.0,0.0,0,0,0,0,0,0,0,0,0,0,0,0,0,0,0,0,0,0,0,0,0,0,0,,,0,0,0,0,0,0,0,0,0,0,0,0,,,,0,0,0,0,0,0,0,,0,0,0,0,0,0.6000000000000001,1.6
00-0034832,B.Chubb,Bradley Chubb,OLB,LB,"https://static.www.nfl.com/image/upload/f_auto,q_auto/league/u0hpsvirbf0ksqqrr4of",2025,3,REG,MIA,BUF,0,0,0,0,0,0,0,0,0,0,0,0,,,0,,0,0,0,0,0,0,,0,0,0,0,0,0,0,0,0,0,,0,,0.0,0.0,0.0,0,1,0,2,1,7,0,1.0,7.0,1,0,0,0,0,0,0,0,0,0,0,0,0,0,0,0,0,0,0,0,0,0,0,,,0,0,0,0,0,0,0,0,0,0,0,0,,,,0,0,0,0,0,0,0,,0,0,0,0,0,0.0,0.0
00-0034836,B.Smith,Braden Smith,OT,OL,"https://static.www.nfl.com/image/upload/f_auto,q_auto/league/xajcpouicrecoyupypyw",2025,3,REG,IND,TEN,0,0,0,0,0,0,0,0,0,0,0,0,,,0,,0,0,0,0,0,0,,0,0,0,0,0,0,0,0,0,0,,0,,0.0,0.0,0.0,0,0,0,0,0,0,0,0.0,0.0,0,0,0,0,0,0,0,0,0,0,0,0,0,1,10,0,0,0,0,0,0,0,0,,,0,0,0,0,0,0,0,0,0,0,0,0,,,,0,0,0,0,0,0,0,,0,0,0,0,0,0.0,0.0
00-0034837,C.Ridley,Calvin Ridley,WR,WR,"https://static.www.nfl.com/image/upload/f_auto,q_auto/league/l96rlegwqz7qfakbdtlp",2025,3,REG,TEN,IND,0,0,0,0,0,0,0,0,0,0,0,0,,,0,,0,0,0,0,0,0,,0,1,7,27,0,0,0,89,9,1,-4.490723738291324,0,0.30337078651685395,0.20588235294117646,0.4810810810810811,0.6455802861685215,0,0,0,0,0,0,0,0.0,0.0,0,0,0,0,0,0,0,0,0,0,0,0,0,0,0,0,0,0,0,0,0,0,0,,,0,0,0,0,0,0,0,0,0,0,0,0,,,,0,0,0,0,0,0,0,,0,0,0,0,0,2.7,3.7
00-0034843,M.Hughes,Mike Hughes,CB,DB,"https://static.www.nfl.com/image/upload/f_auto,q_auto/league/fzxie6iznr3i8qc2pmnv",2025,3,REG,ATL,CAR,0,0,0,0,0,0,0,0,0,0,0,0,,,0,,0,0,0,0,0,0,,0,0,0,0,0,0,0,0,0,0,,0,,0.0,0.0,0.0,0,1,0,2,0,0,0,0.0,0.0,0,0,0,0,0,0,0,0,0,0,0,0,0,0,0,0,0,0,0,0,0,0,0,,,0,0,0,0,0,0,0,0,0,0,0,0,,,,0,0,0,0,0,0,0,,0,0,0,0,0,0.0,0.0
00-0034844,S.Barkley,Saquon Barkley,RB,RB,"https://static.www.nfl.com/image/upload/f_auto,q_auto/league/ern1nbhivkmwkg82c7v1",2025,3,REG,PHI,LA,0,0,0,0,0,0,0,0,0,0,0,0,,,0,,18,46,0,0,0,3,-4.703516685578506,0,4,5,9,0,0,0,-2,9,0,-2.5350339899305254,0,-4.5,0.16666666666666666,-0.0072992700729927005,0.2448905109489051,0,0,0,0,0,0,0,0.0,0.0,0,0,0,0,0,0,0,0,0,0,0,0,0,0,0,0,0,0,0,0,0,0,0,,,0,0,0,0,0,0,0,0,0,0,0,0,,,,0,0,0,0,0,0,0,,0,0,0,0,0,5.5,9.5
00-0034855,B.Mayfield,Baker Mayfield,QB,QB,"https://static.www.nfl.com/image/upload/f_auto,q_auto/league/i2uufyghiphx4oihgucm",2025,3,REG,TB,NYJ,19,29,233,1,0,1,-8,1,0,232,139,12,8.269022356935064,1.1716819015042534,0,1.0043103448275863,4,44,0,0,0,2,5.684531551891723,0,0,0,0,0,0,0,0,0,0,,0,,0.0,0.0,0.0,0,0,0,0,0,0,0,0.0,0.0,0,0,0,0,0,0,0,0,0,0,0,0,0,0,0,0,0,0,0,0,0,0,0,,,0,0,0,0,0,0,0,0,0,0,0,0,,,,0,0,0,0,0,0,0,,0,0,0,0,0,17.72,17.72
00-0034856,D.Ward,Denzel Ward,CB,DB,"https://static.www.nfl.com/image/upload/f_auto,q_auto/league/mmp5gacrbeeolrsgg5wm",2025,3,REG,CLE,GB,0,0,0,0,0,0,0,0,0,0,0,0,,,0,,0,0,0,0,0,0,,0,0,0,0,0,0,0,0,0,0,,0,,0.0,0.0,0.0,0,3,1,1,0,0,0,0.0,0.0,0,0,0,1,0,0,0,0,0,0,0,0,0,0,0,0,0,0,0,0,0,0,0,,,0,0,0,0,0,0,0,0,0,0,0,0,,,,0,0,0,0,0,0,0,,0,0,0,0,0,0.0,0.0
00-0034857,J.Allen,Josh Allen,QB,QB,"https://static.www.nfl.com/image/upload/f_auto,q_auto/league/servs1fpsynfxep4rz2z",2025,3,REG,BUF,MIA,22,28,213,3,0,2,-10,0,0,111,160,12,10.64952215948613,7.680893937746684,0,1.9189189189189189,4,25,0,1,0,1,2.0526441030825495,0,0,0,0,0,0,0,0,0,0,,0,,0.0,0.0,0.0,0,0,0,0,0,0,0,0.0,0.0,0,0,0,0,0,0,0,0,1,2,0,0,0,0,0,0,0,0,0,0,0,0,0,,,0,0,0,0,0,0,0,0,0,0,0,0,,,,0,0,0,0,0,0,0,,0,0,0,0,0,23.02,23.02
00-0034869,S.Darnold,Sam Darnold,QB,QB,"https://static.www.nfl.com/image/upload/f_auto,q_auto/league/s5t8m6bhedjwwtfw3ild",2025,3,REG,SEA,NO,14,18,218,2,0,0,0,0,0,158,63,10,16.96673510819116,25.015234070665695,0,1.379746835443038,0,0,0,0,0,0,,0,0,0,0,0,0,0,0,0,0,,0,,0.0,0.0,0.0,0,0,0,0,0,0,0,0.0,0.0,0,0,0,0,0,0,0,0,0,0,0,0,0,0,0,0,0,0,0,0,0,0,0,,,0,0,0,0,0,0,0,0,0,0,0,0,,,,0,0,0,0,0,0,0,,0,0,0,0,0,16.72,16.72
00-0034874,R.Smith,Roquan Smith,ILB,LB,"https://static.www.nfl.com/image/upload/f_auto,q_auto/league/ru4idxsvmhlpiwx6za9a",2025,3,REG,BAL,DET,0,0,0,0,0,0,0,0,0,0,0,0,,,0,,0,0,0,0,0,0,,0,0,0,0,0,0,0,0,0,0,,0,,0.0,0.0,0.0,0,6,0,1,1,9,0,0.0,0.0,1,0,0,0,0,0,0,0,0,0,0,0,0,0,0,0,0,0,0,0,0,0,0,,,0,0,0,0,0,0,0,0,0,0,0,0,,,,0,0,0,0,0,0,0,,0,0,0,0,0,0.0,0.0
00-0034955,B.Rypien,Brett Rypien,QB,QB,"https://static.www.nfl.com/image/upload/f_auto,q_auto/league/aagqym9xmd5rligbbacq",2025,3,REG,CIN,MIN,0,0,0,0,0,1,-2,0,0,0,0,0,-1.2378779940772802,,0,,0,0,0,0,0,0,,0,0,0,0,0,0,0,0,0,0,,0,,0.0,0.0,0.0,0,0,0,0,0,0,0,0.0,0.0,0,0,0,0,0,0,0,0,0,0,0,0,0,0,0,0,0,0,0,0,0,0,0,,,0,0,0,0,0,0,0,0,0,0,0,0,,,,0,0,0,0,0,0,0,,0,0,0,0,0,0.0,0.0
00-0034959,A.Beck,Andrew Beck,RB,RB,"https://static.www.nfl.com/image/upload/f_auto,q_auto/league/cgfleml3vlakevf285n3",2025,3,REG,NYJ,TB,0,0,0,0,0,0,0,0,0,0,0,0,,,0,,0,0,0,0,0,0,,0,0,0,0,0,0,0,0,0,0,,0,,0.0,0.0,0.0,0,0,0,1,0,0,0,0.0,0.0,0,0,0,0,0,0,0,0,0,0,0,0,0,0,0,0,0,0,0,0,0,0,0,,,0,0,0,0,0,0,0,0,0,0,0,0,,,,0,0,0,0,0,0,0,,0,0,0,0,0,0.0,0.0
00-0034960,J.Meyers,Jakobi Meyers,WR,WR,"https://static.www.nfl.com/image/upload/f_auto,q_auto/league/lvtrni5hwbcslky9t1rz",2025,3,REG,LV,WAS,0,0,0,0,0,0,0,0,0,0,0,0,,,0,,0,0,0,0,0,0,,0,3,4,63,0,0,0,65,24,1,4.008935822290368,0,0.9692307692307692,0.14814814814814814,0.21311475409836064,0.37140255009107465,0,0,0,0,0,0,0,0.0,0.0,0,0,0,0,0,0,0,0,0,0,0,0,0,0,0,0,0,0,0,0,0,0,0,,,0,0,0,0,0,0,0,0,0,0,0,0,,,,0,0,0,0,0,0,0,,0,0,0,0,0,6.300000000000001,9.3
00-0034967,R.Gary,Rashan Gary,DE,DL,"https://static.www.nfl.com/image/private/f_auto,q_auto/league/t4clz4xe8sfxszmvohfo",2025,3,REG,GB,CLE,0,0,0,0,0,0,0,0,0,0,0,0,,,0,,0,0,0,0,0,0,,0,0,0,0,0,0,0,0,0,0,,0,,0.0,0.0,0.0,0,3,0,0,2,17,0,2.0,17.0,3,0,0,0,0,0,0,0,0,0,0,0,0,0,0,0,0,0,0,0,0,0,0,,,0,0,0,0,0,0,0,0,0,0,0,0,,,,0,0,0,0,0,0,0,,0,0,0,0,0,0.0,0.0
00-0034973,M.Crosby,Maxx Crosby,DE,DL,"https://static.www.nfl.com/image/upload/f_auto,q_auto/league/eradjc0noknlab2smu1e",2025,3,REG,LV,WAS,0,0,0,0,0,0,0,0,0,0,0,0,,,0,,0,0,0,0,0,0,,0,0,0,0,0,0,0,0,0,0,,0,,0.0,0.0,0.0,0,4,0,3,2,9,0,1.0,8.0,2,0,0,0,0,0,0,0,0,0,0,0,0,0,0,0,0,0,0,0,0,0,0,,,0,0,0,0,0,0,0,0,0,0,0,0,,,,0,0,0,0,0,0,0,,0,0,0,0,0,0.0,0.0
00-0034975,J.Hill,Justice Hill,RB,RB,"https://static.www.nfl.com/image/upload/f_auto,q_auto/league/h6p9crhra8ehxju3ubza",2025,3,REG,BAL,DET,0,0,0,0,0,0,0,0,0,0,0,0,,,0,,0,0,0,0,0,0,,0,3,4,45,0,0,0,17,41,1,0.6560126332333311,0,2.6470588235294117,0.14285714285714285,0.05985915492957746,0.25618712273641847,0,0,0,0,0,0,0,0.0,0.0,0,0,0,0,0,0,0,0,0,0,0,0,0,0,0,0,0,0,0,0,0,0,0,,,0,0,0,0,0,0,0,0,0,0,0,0,,,,0,0,0,0,0,0,0,,0,0,0,0,0,4.5,7.5
00-0034983,H.Renfrow,Hunter Renfrow,WR,WR,"https://static.www.nfl.com/image/upload/f_auto,q_auto/league/sgrqk1a6fm34swazm2bx",2025,3,REG,CAR,ATL,0,0,0,0,0,0,0,0,0,0,0,0,,,0,,0,0,0,0,0,0,,0,2,4,6,0,0,0,23,7,0,-3.200794655028941,0,0.2608695652173913,0.16666666666666666,0.17293233082706766,0.37105263157894736,0,0,0,0,0,0,0,0.0,0.0,0,0,0,0,0,0,0,0,0,0,0,0,0,0,0,0,0,0,0,0,0,0,0,,,0,0,0,0,0,0,0,0,0,0,0,0,,,,0,0,0,0,0,0,0,,0,0,0,0,0,0.6000000000000001,2.6
00-0034987,E.Speed,E.J. Speed,LB,LB,"https://static.www.nfl.com/image/upload/f_auto,q_auto/league/lpqe7elzi8tbt8rjzozd",2025,3,REG,HOU,JAX,0,0,0,0,0,0,0,0,0,0,0,0,,,0,,0,0,0,0,0,0,,0,0,0,0,0,0,0,0,0,0,,0,,0.0,0.0,0.0,0,2,0,3,0,0,0,0.0,0.0,0,0,0,0,0,0,0,0,0,0,0,0,0,0,0,0,0,0,0,0,0,0,0,,,0,0,0,0,0,0,0,0,0,0,0,0,,,,0,0,0,0,0,0,0,,0,0,0,0,0,0.0,0.0
00-0034993,M.Epps,Marcus Epps,SAF,DB,"https://static.www.nfl.com/image/upload/f_auto,q_auto/league/buqwodgcsy5ndrrxtpga",2025,3,REG,PHI,LA,0,0,0,0,0,0,0,0,0,0,0,0,,,0,,0,0,0,0,0,0,,0,0,0,0,0,0,0,0,0,0,,0,,0.0,0.0,0.0,0,1,0,0,0,0,0,0.0,0.0,0,0,0,0,0,0,0,0,0,0,0,0,0,0,0,0,0,0,0,0,0,0,0,,,0,0,0,0,0,0,0,0,0,0,0,0,,,,0,0,0,0,0,0,0,,0,0,0,0,0,0.0,0.0
00-0035021,A.Dulin,Ashton Dulin,WR,WR,"https://static.www.nfl.com/image/upload/f_auto,q_auto/league/tfiokr6nyal5c5qgdj1c",2025,3,REG,IND,TEN,0,0,0,0,0,0,0,0,0,0,0,0,,,0,,0,0,0,0,0,0,,0,0,0,0,0,0,0,0,0,0,,0,,0.0,0.0,0.0,0,0,0,1,0,0,0,0.0,0.0,0,0,0,0,0,0,0,0,0,0,0,0,0,0,0,0,0,0,0,0,0,0,0,,,0,0,0,0,0,0,0,0,0,0,0,0,,,,0,0,0,0,0,0,0,,0,0,0,0,0,0.0,0.0
00-0035042,J.Gillan,Jamie Gillan,P,SPEC,"https://static.www.nfl.com/image/upload/f_auto,q_auto/league/kxwddoiqqghc1kxaajco",2025,3,REG,NYG,KC,0,0,0,0,0,0,0,0,0,0,0,0,,,0,,0,0,0,0,0,0,,0,0,0,0,0,0,0,0,0,0,,0,,0.0,0.0,0.0,0,0,0,0,0,0,0,0.0,0.0,0,0,0,0,0,0,0,0,0,0,0,0,0,0,0,0,0,0,0,0,0,0,0,,,0,0,0,0,0,0,0,0,0,0,0,0,,,,0,0,0,0,1,0,1,0.0,0,0,0,0,0,0.0,0.0
00-0035100,J.Browning,Jake Browning,QB,QB,"https://static.www.nfl.com/image/upload/f_auto,q_auto/league/kzyh6yum2w3c6xrkndla",2025,3,REG,CIN,MIN,19,27,140,1,2,3,-20,0,0,129,84,6,-18.071667482451062,0.3612574476462144,0,1.0852713178294573,1,3,0,0,0,1,0.13696190132759511,0,0,0,0,0,0,0,0,0,0,,0,,0.0,0.0,0.0,0,0,0,0,0,0,0,0.0,0.0,0,0,0,0,0,0,0,0,0,0,0,0,0,0,0,0,0,0,0,0,0,0,0,,,0,0,0,0,0,0,0,0,0,0,0,0,,,,0,0,0,0,0,0,0,,0,0,0,0,0,5.900000000000001,5.900000000000001
00-0035112,P.Mekari,Patrick Mekari,OT,OL,"https://static.www.nfl.com/image/upload/f_auto,q_auto/league/vvvuokcp8hwm8i9j9ctb",2025,3,REG,JAX,HOU,0,0,0,0,0,0,0,0,0,0,0,0,,,0,,0,0,0,0,0,0,,0,0,0,0,0,0,0,0,0,0,,0,,0.0,0.0,0.0,0,0,0,0,0,0,0,0.0,0.0,0,0,0,0,0,0,0,0,0,0,0,0,0,1,10,0,0,0,0,0,0,0,0,,,0,0,0,0,0,0,0,0,0,0,0,0,,,,0,0,0,0,0,0,0,,0,0,0,0,0,0.0,0.0
00-0035133,K.Nixon,Keisean Nixon,CB,DB,"https://static.www.nfl.com/image/upload/f_auto,q_auto/league/vl34o93l5u7ins8ioebi",2025,3,REG,GB,CLE,0,0,0,0,0,0,0,0,0,0,0,0,,,0,,0,0,0,0,0,0,,0,0,0,0,0,0,0,0,0,0,,0,,0.0,0.0,0.0,0,3,1,0,0,0,0,0.0,0.0,0,0,0,0,0,0,0,0,0,0,0,0,0,1,2,0,0,0,0,0,0,0,0,,,0,0,0,0,0,0,0,0,0,0,0,0,,,,0,0,0,0,0,0,0,,0,0,0,0,0,0.0,0.0
00-0035144,Ma.Wilson,Mack Wilson,LB,LB,"https://static.www.nfl.com/image/upload/f_auto,q_auto/league/zjazfilpr7k2agiwqpxn",2025,3,REG,ARI,SF,0,0,0,0,0,0,0,0,0,0,0,0,,,0,,0,0,0,0,0,0,,0,0,0,0,0,0,0,0,0,0,,0,,0.0,0.0,0.0,0,6,0,6,1,5,0,0.0,0.0,0,0,0,2,0,0,0,0,0,0,0,0,0,0,0,0,0,0,0,0,0,0,0,,,0,0,0,0,0,0,0,0,0,0,0,0,,,,0,0,0,0,0,0,0,,0,0,0,0,0,0.0,0.0
00-0035156,J.Fox,Jack Fox,P,SPEC,"https://static.www.nfl.com/image/upload/f_auto,q_auto/league/oxbywegffnm7lrwl2map",2025,3,REG,DET,BAL,0,0,0,0,0,0,0,0,0,0,0,0,,,0,,0,0,0,0,0,0,,0,0,0,0,0,0,0,0,0,0,,0,,0.0,0.0,0.0,0,0,0,0,0,0,0,0.0,0.0,0,0,0,0,0,0,0,0,0,0,0,0,0,0,0,0,0,0,0,0,0,0,0,,,0,0,0,0,0,0,0,0,0,0,0,0,,,,0,0,0,0,0,0,0,,0,0,0,0,0,0.0,0.0
00-0035166,A.Al-Shaair,Azeez Al-Shaair,LB,LB,"https://static.www.nfl.com/image/upload/f_auto,q_auto/league/gtnnl92squxvzhhydeq8",2025,3,REG,HOU,JAX,0,0,0,0,0,0,0,0,0,0,0,0,,,0,,0,0,0,0,0,0,,0,0,0,0,0,0,0,0,0,0,,0,,0.0,0.0,0.0,0,4,0,4,0,0,0,0.0,0.0,0,0,0,0,0,0,0,0,0,0,0,0,0,0,0,0,0,0,0,0,0,0,0,,,0,0,0,0,0,0,0,0,0,0,0,0,,,,0,0,0,0,0,0,0,,0,0,0,0,0,0.0,0.0
00-0035190,A.Cole,AJ Cole,P,SPEC,"https://static.www.nfl.com/image/upload/f_auto,q_auto/league/t6ah2u0wptbb8n22tehr",2025,3,REG,LV,WAS,0,0,0,0,0,0,0,0,0,0,0,0,,,0,,0,0,0,0,0,0,,0,0,0,0,0,0,0,0,0,0,,0,,0.0,0.0,0.0,0,0,0,0,0,0,0,0.0,0.0,0,0,0,0,0,0,0,0,0,0,0,0,0,0,0,0,0,0,0,0,0,0,0,,,0,0,0,0,0,0,0,0,0,0,0,0,,,,0,0,0,0,0,0,0,,0,0,0,0,0,0.0,0.0
00-0035192,J.Slye,Joey Slye,K,SPEC,"https://static.www.nfl.com/image/upload/f_auto,q_auto/league/xokfs27mtqrbb0y47ahn",2025,3,REG,TEN,IND,0,0,0,0,0,0,0,0,0,0,0,0,,,0,,0,0,0,0,0,0,,0,0,0,0,0,0,0,0,0,0,,0,,0.0,0.0,0.0,0,1,0,1,0,0,0,0.0,0.0,0,0,0,0,0,0,0,0,0,0,0,0,0,0,0,0,0,0,0,2,4,1,1,57.0,0.5,0,0,0,1,1,0,0,0,0,0,0,1,57;42,64,62,99,64,62,2,2,0,0,1.0,0,0,0,0,0,0.0,0.0
00-0035208,O.Zaccheaus,Olamide Zaccheaus,WR,WR,"https://static.www.nfl.com/image/upload/f_auto,q_auto/league/ucpai2odeunecbe6o1dj",2025,3,REG,CHI,DAL,0,0,0,0,0,0,0,0,0,0,0,0,,,0,,1,12,0,0,0,1,0.6008073646808043,0,3,4,24,0,0,0,13,7,1,0.5627457385999151,0,1.8461538461538463,0.14285714285714285,0.052,0.2506857142857143,0,0,0,0,0,0,0,0.0,0.0,0,0,0,0,0,0,0,0,0,0,0,0,0,0,0,0,0,0,0,0,0,0,0,,,0,0,0,0,0,0,0,0,0,0,0,0,,,,0,0,0,0,0,0,0,,0,0,0,0,0,3.6,6.6
00-0035228,K.Murray,Kyler Murray,QB,QB,"https://static.www.nfl.com/image/upload/f_auto,q_auto/league/flezsremqighwuiyu77f",2025,3,REG,ARI,SF,22,35,159,1,0,1,-5,0,0,177,92,8,-0.6186131590061501,-2.625567948116976,0,0.8983050847457628,6,37,0,0,0,2,2.604093028290663,0,0,0,0,0,0,0,0,0,0,,0,,0.0,0.0,0.0,0,0,0,0,0,0,0,0.0,0.0,0,0,0,0,0,0,0,0,0,0,0,0,0,1,10,0,0,0,0,0,0,0,0,,,0,0,0,0,0,0,0,0,0,0,0,0,,,,0,0,0,0,0,0,0,,0,0,0,0,0,14.059999999999999,14.059999999999999
00-0035229,T.Hockenson,T.J. Hockenson,TE,TE,"https://static.www.nfl.com/image/upload/f_auto,q_auto/league/rs8o65x0u0n9xzde0fd6",2025,3,REG,MIN,CIN,0,0,0,0,0,0,0,0,0,0,0,0,,,0,,0,0,0,0,0,0,,0,5,6,49,1,0,0,45,18,4,6.146305150410626,0,1.0888888888888888,0.25,0.2393617021276596,0.5425531914893618,0,0,0,0,0,0,0,0.0,0.0,0,0,0,0,0,0,0,0,0,0,0,0,0,1,5,0,0,0,0,0,0,0,0,,,0,0,0,0,0,0,0,0,0,0,0,0,,,,0,0,0,0,0,0,0,,0,0,0,0,0,10.9,15.9
00-0035234,T.Howard,Tytus Howard,OT,OL,"https://static.www.nfl.com/image/upload/f_auto,q_auto/league/dsxhasekno62of0prulo",2025,3,REG,HOU,JAX,0,0,0,0,0,0,0,0,0,0,0,0,,,0,,0,0,0,0,0,0,,0,0,0,0,0,0,0,0,0,0,,0,,0.0,0.0,0.0,0,0,0,0,0,0,0,0.0,0.0,0,0,0,0,0,0,0,0,0,0,0,0,0,1,5,0,0,0,0,0,0,0,0,,,0,0,0,0,0,0,0,0,0,0,0,0,,,,0,0,0,0,0,0,0,,0,0,0,0,0,0.0,0.0
00-0035236,B.Murphy,Byron Murphy,CB,DB,"https://static.www.nfl.com/image/upload/f_auto,q_auto/league/secfzfwznyhcgiow4rvq",2025,3,REG,MIN,CIN,0,0,0,0,0,0,0,0,0,0,0,0,,,0,,0,0,0,0,0,0,,0,0,0,0,0,0,0,0,0,0,,0,,0.0,0.0,0.0,0,2,0,1,0,0,0,0.0,0.0,0,0,0,1,0,0,0,0,0,0,0,0,0,0,0,0,0,0,0,0,0,0,0,,,0,0,0,0,0,0,0,0,0,0,0,0,,,,0,0,0,0,0,0,0,,0,0,0,0,0,0.0,0.0
00-0035237,J.Taylor,Jawaan Taylor,OT,OL,"https://static.www.nfl.com/image/upload/f_auto,q_auto/league/honwntzfepzenss8uqhw",2025,3,REG,KC,NYG,0,0,0,0,0,0,0,0,0,0,0,0,,,0,,0,0,0,0,0,0,,0,0,0,0,0,0,0,0,0,0,,0,,0.0,0.0,0.0,0,0,0,0,0,0,0,0.0,0.0,0,0,0,0,0,0,0,0,0,0,0,0,0,1,5,0,0,0,0,0,0,0,0,,,0,0,0,0,0,0,0,0,0,0,0,0,,,,0,0,0,0,0,0,0,,0,0,0,0,0,0.0,0.0
00-0035243,M.Sanders,Miles Sanders,RB,RB,"https://static.www.nfl.com/image/upload/f_auto,q_auto/league/niyjjkzmxjmesftgjs8y",2025,3,REG,DAL,CHI,0,0,0,0,0,0,0,0,0,0,0,0,,,0,,9,41,0,0,0,2,0.3381642969325185,0,3,3,12,0,0,0,10,2,0,-0.9643501896166273,0,1.2,0.06818181818181818,0.03731343283582089,0.12839213025780188,0,0,0,0,0,0,0,0.0,0.0,0,0,0,0,0,0,0,0,0,0,0,0,0,0,0,0,0,2,44,0,0,0,0,,,0,0,0,0,0,0,0,0,0,0,0,0,,,,0,0,0,0,0,0,0,,0,0,0,0,0,5.300000000000001,8.3
00-0035248,Z.Allen,Zach Allen,DE,DL,"https://static.www.nfl.com/image/upload/f_auto,q_auto/league/alnctfzlh2giup65i5zt",2025,3,REG,DEN,LAC,0,0,0,0,0,0,0,0,0,0,0,0,,,0,,0,0,0,0,0,0,,0,0,0,0,0,0,0,0,0,0,,0,,0.0,0.0,0.0,0,0,0,2,0,0,0,0.0,0.0,2,0,0,0,0,0,0,0,0,0,0,0,0,0,0,0,0,0,0,0,0,0,0,,,0,0,0,0,0,0,0,0,0,0,0,0,,,,0,0,0,0,0,0,0,,0,0,0,0,0,0.0,0.0
00-0035249,J.Oliver,Josh Oliver,TE,TE,"https://static.www.nfl.com/image/upload/f_auto,q_auto/league/pfvhbfguzu6wv9ikluop",2025,3,REG,MIN,CIN,0,0,0,0,0,0,0,0,0,0,0,0,,,0,,0,0,0,0,0,0,,0,1,1,12,1,0,0,6,6,1,2.460818041814491,0,2.0,0.041666666666666664,0.031914893617021274,0.0848404255319149,0,0,0,0,0,0,0,0.0,0.0,0,0,0,0,0,0,0,0,0,0,0,0,0,0,0,0,0,0,0,0,0,0,0,,,0,0,0,0,0,0,0,0,0,0,0,0,,,,0,0,0,0,0,0,0,,0,0,0,0,0,7.2,8.2
00-0035250,D.Singletary,Devin Singletary,RB,RB,"https://static.www.nfl.com/image/upload/f_auto,q_auto/league/wqw8ee4nsxsisqb3bagw",2025,3,REG,NYG,KC,0,0,0,0,0,0,0,0,0,0,0,0,,,0,,4,11,0,0,0,0,-0.6431895348941907,0,0,0,0,0,0,0,0,0,0,,0,,0.0,0.0,0.0,0,0,0,0,0,0,0,0.0,0.0,0,0,0,0,0,0,0,0,0,0,0,0,0,0,0,0,0,5,134,0,0,0,0,,,0,0,0,0,0,0,0,0,0,0,0,0,,,,0,0,0,0,0,0,0,,0,0,0,0,0,1.1,1.1
00-0035253,C.Gardner-Johnson,C.J. Gardner-Johnson,SAF,DB,"https://static.www.nfl.com/image/upload/f_auto,q_auto/league/h0fki8vjaxmtndolcsqf",2025,3,REG,HOU,JAX,0,0,0,0,0,0,0,0,0,0,0,0,,,0,,0,0,0,0,0,0,,0,0,0,0,0,0,0,0,0,0,,0,,0.0,0.0,0.0,0,3,0,2,0,0,0,0.0,0.0,0,0,0,0,0,0,0,0,0,0,0,0,0,0,0,0,0,0,0,0,0,0,0,,,0,0,0,0,0,0,0,0,0,0,0,0,,,,0,0,0,0,0,0,0,,0,0,0,0,0,0.0,0.0
00-0035254,A.Nelson,Anthony Nelson,LB,LB,"https://static.www.nfl.com/image/upload/f_auto,q_auto/league/p7ot8uy26tblyhgpwcdv",2025,3,REG,TB,NYJ,0,0,0,0,0,0,0,0,0,0,0,0,,,0,,0,0,0,0,0,0,,0,0,0,0,0,0,0,0,0,0,,0,,0.0,0.0,0.0,0,2,0,0,1,3,0,0.0,0.0,0,0,0,0,0,0,0,0,0,0,0,0,0,0,0,0,0,0,0,0,0,0,0,,,0,0,0,0,0,0,0,0,0,0,0,0,,,,0,0,0,0,0,0,0,,0,0,0,0,0,0.0,0.0
00-0035258,H.Froholdt,Hjalte Froholdt,C,OL,"https://static.www.nfl.com/image/upload/f_auto,q_auto/league/w29pfmjsyr2ylmbvedol",2025,3,REG,ARI,SF,0,0,0,0,0,0,0,0,0,0,0,0,,,0,,0,0,0,0,0,0,,0,0,0,0,0,0,0,0,0,0,,0,,0.0,0.0,0.0,0,0,0,0,0,0,0,0.0,0.0,0,0,0,0,0,0,0,0,1,1,0,0,0,0,0,0,0,0,0,0,0,0,0,,,0,0,0,0,0,0,0,0,0,0,0,0,,,,0,0,0,0,0,0,0,,0,0,0,0,0,0.0,0.0
00-0035261,T.Pollard,Tony Pollard,RB,RB,"https://static.www.nfl.com/image/upload/f_auto,q_auto/league/dvpdczetkdhrqpm8izmd",2025,3,REG,TEN,IND,0,0,0,0,0,0,0,0,0,0,0,0,,,0,,16,45,1,0,0,6,-1.2106468364363536,0,2,4,14,0,0,0,-1,11,0,-8.318727361387573,0,-14.0,0.11764705882352941,-0.005405405405405406,0.17268680445151033,0,0,0,0,0,0,0,0.0,0.0,0,0,0,0,0,0,0,0,0,0,0,0,0,0,0,0,0,0,0,0,0,0,0,,,0,0,0,0,0,0,0,0,0,0,0,0,,,,0,0,0,0,0,0,0,,0,0,0,0,0,11.9,13.9
00-0035262,D.Tranquill,Drue Tranquill,LB,LB,"https://static.www.nfl.com/image/upload/f_auto,q_auto/league/azjrwh0rdddskgckydsq",2025,3,REG,KC,NYG,0,0,0,0,0,0,0,0,0,0,0,0,,,0,,0,0,0,0,0,0,,0,0,0,0,0,0,0,0,0,0,,0,,0.0,0.0,0.0,0,1,0,5,0,0,0,0.0,0.0,0,0,0,0,0,0,0,0,0,0,0,0,0,0,0,0,0,0,0,0,0,0,0,,,0,0,0,0,0,0,0,0,0,0,0,0,,,,0,0,0,0,0,0,0,,0,0,0,0,0,0.0,0.0
00-0035269,M.Gay,Matt Gay,K,SPEC,"https://static.www.nfl.com/image/upload/f_auto,q_auto/league/qeca8ofwxhytcioy29wc",2025,3,REG,WAS,LV,0,0,0,0,0,0,0,0,0,0,0,0,,,0,,0,0,0,0,0,0,,0,0,0,0,0,0,0,0,0,0,,0,,0.0,0.0,0.0,0,0,0,0,0,0,0,0.0,0.0,0,0,0,0,0,0,0,0,0,0,0,0,0,1,0,0,0,0,0,2,3,1,0,56.0,0.6666666666666666,0,0,0,1,1,0,0,0,1,0,0,0,46;56,37,,102,37,0,5,5,0,0,1.0,0,0,0,0,0,0.0,0.0
00-0035272,A.Van Ginkel,Andrew Van Ginkel,OLB,LB,"https://static.www.nfl.com/image/upload/f_auto,q_auto/league/vbpdlib647tcpzz59wyt",2025,3,REG,MIN,CIN,0,0,0,0,0,0,0,0,0,0,0,0,,,0,,0,0,0,0,0,0,,0,0,0,0,0,0,0,0,0,0,,0,,0.0,0.0,0.0,0,2,0,0,1,9,0,2.0,9.0,1,0,0,0,0,0,0,0,0,0,0,0,0,0,0,0,0,0,0,0,0,0,0,,,0,0,0,0,0,0,0,0,0,0,0,0,,,,0,0,0,0,0,0,0,,0,0,0,0,0,0.0,0.0
00-0035277,M.Jackson,Mike Jackson,CB,DB,"https://static.www.nfl.com/image/upload/f_auto,q_auto/league/cqvxm9n1ncjq7hd2dtqb",2025,3,REG,CAR,ATL,0,0,0,0,0,0,0,0,0,0,0,0,,,0,,0,0,0,0,0,0,,0,0,0,0,0,0,0,0,0,0,,0,,0.0,0.0,0.0,0,5,0,1,0,0,0,0.0,0.0,0,1,54,1,0,0,0,0,0,0,0,0,0,0,0,0,0,0,0,0,0,0,0,,,0,0,0,0,0,0,0,0,0,0,0,0,,,,0,0,0,0,0,0,0,,0,0,0,0,0,0.0,0.0
00-0035279,C.Omenihu,Charles Omenihu,DE,DL,"https://static.www.nfl.com/image/upload/f_auto,q_auto/league/eqdzy6rghyb0sywwbd8i",2025,3,REG,KC,NYG,0,0,0,0,0,0,0,0,0,0,0,0,,,0,,0,0,0,0,0,0,,0,0,0,0,0,0,0,0,0,0,,0,,0.0,0.0,0.0,0,1,0,2,0,0,0,0.0,0.0,1,0,0,0,0,0,0,0,0,0,0,0,0,0,0,0,0,0,0,0,0,0,0,,,0,0,0,0,0,0,0,0,0,0,0,0,,,,0,0,0,0,0,0,0,,0,0,0,0,0,0.0,0.0
00-0035280,J.Bailey,Jake Bailey,P,SPEC,"https://static.www.nfl.com/image/upload/f_auto,q_auto/league/xgqo8pwrwqtmfhoaproq",2025,3,REG,MIA,BUF,0,0,0,0,0,0,0,0,0,0,0,0,,,0,,0,0,0,0,0,0,,0,0,0,0,0,0,0,0,0,0,,0,,0.0,0.0,0.0,0,0,0,0,0,0,0,0.0,0.0,0,0,0,0,0,0,0,0,0,0,0,0,0,0,0,0,0,0,0,0,0,0,0,,,0,0,0,0,0,0,0,0,0,0,0,0,,,,0,0,0,0,0,0,0,,0,0,0,0,0,0.0,0.0
00-0035286,C.Holcomb,Cole Holcomb,LB,LB,"https://static.www.nfl.com/image/upload/f_auto,q_auto/league/hhhvsv4sv9zreuedr7lj",2025,3,REG,PIT,NE,0,0,0,0,0,0,0,0,0,0,0,0,,,0,,0,0,0,0,0,0,,0,0,0,0,0,0,0,0,0,0,,0,,0.0,0.0,0.0,0,5,0,1,0,0,1,0.0,0.0,0,0,0,0,0,0,0,0,0,0,0,0,0,0,0,0,0,0,0,0,0,0,0,,,0,0,0,0,0,0,0,0,0,0,0,0,,,,0,0,0,0,0,0,0,,0,0,0,0,0,0.0,0.0
00-0035301,D.Wilson,Donovan Wilson,SAF,DB,"https://static.www.nfl.com/image/upload/f_auto,q_auto/league/fl10d0bhrvfrqkjamcgp",2025,3,REG,DAL,CHI,0,0,0,0,0,0,0,0,0,0,0,0,,,0,,0,0,0,0,0,0,,0,0,0,0,0,0,0,0,0,0,,0,,0.0,0.0,0.0,0,4,0,4,0,0,0,0.0,0.0,0,0,0,1,0,0,0,0,0,0,0,0,0,0,0,0,0,0,0,0,0,0,0,,,0,0,0,0,0,0,0,0,0,0,0,0,,,,0,0,0,0,0,0,0,,0,0,0,0,0,0.0,0.0
00-0035316,K.Elliss,Kaden Elliss,LB,LB,"https://static.www.nfl.com/image/upload/f_auto,q_auto/league/b7jmlakbznkeusvsztgo",2025,3,REG,ATL,CAR,0,0,0,0,0,0,0,0,0,0,0,0,,,0,,0,0,0,0,0,0,,0,0,0,0,0,0,0,0,0,0,,0,,0.0,0.0,0.0,0,4,1,4,3,9,0,1.0,7.0,1,0,0,0,0,0,0,0,0,0,0,0,0,0,0,0,0,0,0,0,0,0,0,,,0,0,0,0,0,0,0,0,0,0,0,0,,,,0,0,0,0,0,0,0,,0,0,0,0,0,0.0,0.0
00-0035352,T.Dodson,Tyrel Dodson,LB,LB,"https://static.www.nfl.com/image/upload/f_auto,q_auto/league/ssfyc6yarlegh112xeoa",2025,3,REG,MIA,BUF,0,0,0,0,0,0,0,0,0,0,0,0,,,0,,0,0,0,0,0,0,,0,0,0,0,0,0,0,0,0,0,,0,,0.0,0.0,0.0,0,11,0,0,1,1,0,1.0,3.0,1,0,0,1,0,0,0,0,0,0,0,0,0,0,0,0,0,0,0,0,0,0,0,,,0,0,0,0,0,0,0,0,0,0,0,0,,,,0,0,0,0,0,0,0,,0,0,0,0,0,0.0,0.0
00-0035357,C.Lewis,Cam Lewis,CB,DB,"https://static.www.nfl.com/image/upload/f_auto,q_auto/league/zjktx8s1xlcacohcfimq",2025,3,REG,BUF,MIA,0,0,0,0,0,0,0,0,0,0,0,0,,,0,,0,0,0,0,0,0,,0,0,0,0,0,0,0,0,0,0,,0,,0.0,0.0,0.0,0,1,0,0,0,0,0,0.0,0.0,0,0,0,0,0,0,0,0,0,0,0,0,0,0,0,0,0,0,0,0,0,0,0,,,0,0,0,0,0,0,0,0,0,0,0,0,,,,0,0,0,0,0,0,0,,0,0,0,0,0,0.0,0.0
00-0035358,C.McLaughlin,Chase McLaughlin,K,SPEC,"https://static.www.nfl.com/image/upload/f_auto,q_auto/league/vwefhtevyn2qxauchan5",2025,3,REG,TB,NYJ,0,0,0,0,0,0,0,0,0,0,0,0,,,0,,0,0,0,0,0,0,,0,0,0,0,0,0,0,0,0,0,,0,,0.0,0.0,0.0,0,0,0,0,0,0,0,0.0,0.0,0,0,0,0,0,0,0,0,0,0,0,0,0,0,0,0,0,0,0,5,6,0,1,55.0,0.8333333333333334,0,1,2,0,2,0,0,0,0,0,0,0,54;33;28;55;36,,43,206,0,43,2,2,0,0,1.0,1,1,0,0,36,0.0,0.0
00-0035359,D.Sills,David Sills,WR,WR,"https://static.www.nfl.com/image/upload/f_auto,q_auto/league/b0vacwlg3vcau2vzg3ry",2025,3,REG,ATL,CAR,0,0,0,0,0,0,0,0,0,0,0,0,,,0,,0,0,0,0,0,0,,0,1,2,9,0,0,0,36,3,0,0.26636823709122837,0,0.25,0.04878048780487805,0.11764705882352941,0.15552367288378766,0,0,0,0,0,0,0,0.0,0.0,0,0,0,0,0,0,0,0,0,0,0,0,0,0,0,0,0,0,0,0,0,0,0,,,0,0,0,0,0,0,0,0,0,0,0,0,,,,0,0,0,0,0,0,0,,0,0,0,0,0,0.9,1.9
00-0035378,A.Wingard,Andrew Wingard,SAF,DB,"https://static.www.nfl.com/image/upload/f_auto,q_auto/league/vumoaka528nab6au7caj",2025,3,REG,JAX,HOU,0,0,0,0,0,0,0,0,0,0,0,0,,,0,,0,0,0,0,0,0,,0,0,0,0,0,0,0,0,0,0,,0,,0.0,0.0,0.0,0,4,0,2,0,0,0,0.0,0.0,0,0,0,0,0,0,0,0,0,0,0,0,0,0,0,0,0,0,0,0,0,0,0,,,0,0,0,0,0,0,0,0,0,0,0,0,,,,0,0,0,0,0,0,0,,0,0,0,0,0,0.0,0.0
00-0035402,C.Granderson,Carl Granderson,DE,DL,"https://static.www.nfl.com/image/upload/f_auto,q_auto/league/qubwfcjeareypbdlvwnb",2025,3,REG,NO,SEA,0,0,0,0,0,0,0,0,0,0,0,0,,,0,,0,0,0,0,0,0,,0,0,0,0,0,0,0,0,0,0,,0,,0.0,0.0,0.0,0,1,0,1,0,0,0,0.0,0.0,0,0,0,0,0,0,0,0,0,0,0,0,0,0,0,0,0,0,0,0,0,0,0,,,0,0,0,0,0,0,0,0,0,0,0,0,,,,0,0,0,0,0,0,0,,0,0,0,0,0,0.0,0.0
00-0035409,S.Tuttle,Shy Tuttle,DT,DL,"https://static.www.nfl.com/image/upload/f_auto,q_auto/league/dbtt4xlpqoytpgiswgal",2025,3,REG,TEN,IND,0,0,0,0,0,0,0,0,0,0,0,0,,,0,,0,0,0,0,0,0,,0,0,0,0,0,0,0,0,0,0,,0,,0.0,0.0,0.0,0,1,0,0,0,0,0,0.0,0.0,0,0,0,0,0,0,0,0,0,0,0,0,0,0,0,0,0,0,0,0,0,0,0,,,0,0,0,0,0,0,0,0,0,0,0,0,,,,0,0,0,0,0,0,0,,0,0,0,0,0,0.0,0.0
00-0035413,L.Gifford,Luke Gifford,LB,LB,"https://static.www.nfl.com/image/upload/f_auto,q_auto/league/zuskjpnniq2xwnao6tuk",2025,3,REG,SF,ARI,0,0,0,0,0,0,0,0,0,0,0,0,,,0,,0,0,0,0,0,0,,0,0,0,0,0,0,0,0,0,0,,0,,0.0,0.0,0.0,0,0,0,2,0,0,0,0.0,0.0,0,0,0,0,0,0,0,0,0,0,0,0,0,0,0,0,0,0,0,0,0,0,0,,,0,0,0,0,0,0,0,0,0,0,0,0,,,,0,0,0,0,0,0,0,,0,0,0,0,0,0.0,0.0
00-0035500,G.Dortch,Greg Dortch,WR,WR,"https://static.www.nfl.com/image/upload/f_auto,q_auto/league/jt4lbkjxkkrw3f644sft",2025,3,REG,ARI,SF,0,0,0,0,0,0,0,0,0,0,0,0,,,0,,1,5,0,0,0,0,0.00960507697891444,0,2,2,3,0,0,0,-5,8,0,-1.022586150560528,0,0.0,0.058823529411764705,-0.02824858757062147,0.06846128281821202,0,0,0,0,0,0,0,0.0,0.0,0,0,0,0,0,0,0,0,0,0,0,0,0,0,0,1,8,2,58,0,0,0,0,,,0,0,0,0,0,0,0,0,0,0,0,0,,,,0,0,0,0,0,0,0,,0,0,0,0,0,0.8,2.8
00-0035525,D.Bush,Devin Bush,LB,LB,"https://static.www.nfl.com/image/upload/f_auto,q_auto/league/pgpf5oeyel2jgsz2luaq",2025,3,REG,CLE,GB,0,0,0,0,0,0,0,0,0,0,0,0,,,0,,0,0,0,0,0,0,,0,0,0,0,0,0,0,0,0,0,,0,,0.0,0.0,0.0,0,3,0,4,0,0,1,0.0,0.0,0,0,0,0,0,0,0,0,0,0,0,0,0,0,0,0,0,0,0,0,0,0,0,,,0,0,0,0,0,0,0,0,0,0,0,0,,,,0,0,0,0,0,0,0,,0,0,0,0,0,0.0,0.0
00-0035535,D.Slayton,Darius Slayton,WR,WR,"https://static.www.nfl.com/image/upload/f_auto,q_auto/league/fyjkvaekv40jn72d0b3q",2025,3,REG,NYG,KC,0,0,0,0,0,0,0,0,0,0,0,0,,,0,,0,0,0,0,0,0,,0,4,4,30,0,0,0,25,5,1,1.8895206291344948,0,1.2,0.13333333333333333,0.0880281690140845,0.26161971830985914,0,0,0,0,0,0,0,0.0,0.0,0,0,0,0,0,0,0,0,0,0,0,0,0,1,5,0,0,0,0,0,0,0,0,,,0,0,0,0,0,0,0,0,0,0,0,0,,,,0,0,0,0,0,0,0,,0,0,0,0,0,3.0,7.0
00-0035537,Ty.Johnson,Ty Johnson,RB,RB,"https://static.www.nfl.com/image/upload/f_auto,q_auto/league/hmnzcfm56ojey6myomjg",2025,3,REG,BUF,MIA,0,0,0,0,0,0,0,0,0,0,0,0,,,0,,3,13,0,0,0,1,0.4574220230570063,0,1,2,8,0,0,0,1,7,1,-0.4308738897088915,0,8.0,0.07407407407407407,0.009009009009009009,0.11741741741741742,0,1,0,1,0,0,0,0.0,0.0,0,0,0,0,0,0,0,0,0,0,0,0,0,0,0,0,0,0,0,0,0,0,0,,,0,0,0,0,0,0,0,0,0,0,0,0,,,,0,0,0,0,0,0,0,,0,0,0,0,0,2.1,3.1
00-0035617,T.Reeder,Troy Reeder,LB,LB,"https://static.www.nfl.com/image/upload/f_auto,q_auto/league/laiuwnorvmneuwvav61k",2025,3,REG,LA,PHI,0,0,0,0,0,0,0,0,0,0,0,0,,,0,,0,0,0,0,0,0,,0,0,0,0,0,0,0,0,0,0,,0,,0.0,0.0,0.0,0,1,0,1,0,0,0,0.0,0.0,0,0,0,0,0,0,0,0,0,0,0,0,0,0,0,0,0,0,0,0,0,0,0,,,0,0,0,0,0,0,0,0,0,0,0,0,,,,0,0,0,0,0,0,0,,0,0,0,0,0,0.0,0.0
00-0035625,J.Thornhill,Juan Thornhill,SAF,DB,"https://static.www.nfl.com/image/upload/f_auto,q_auto/league/os3bpcmalytfuwosxpzj",2025,3,REG,PIT,NE,0,0,0,0,0,0,0,0,0,0,0,0,,,0,,0,0,0,0,0,0,,0,0,0,0,0,0,0,0,0,0,,0,,0.0,0.0,0.0,0,3,0,3,0,0,0,0.0,0.0,0,0,0,0,0,0,0,0,0,0,0,0,0,0,0,0,0,0,0,0,0,0,0,,,0,0,0,0,0,0,0,0,0,0,0,0,,,,0,0,0,0,0,0,0,,0,0,0,0,0,0.0,0.0
00-0035631,D.Sample,Drew Sample,TE,TE,"https://static.www.nfl.com/image/upload/f_auto,q_auto/league/dvq8fanrbrpfgf2j3kpm",2025,3,REG,CIN,MIN,0,0,0,0,0,0,0,0,0,0,0,0,,,0,,0,0,0,0,0,0,,0,2,3,20,1,0,0,9,17,2,2.691562804102432,0,2.2222222222222223,0.11538461538461539,0.06976744186046512,0.22191413237924865,0,0,0,0,0,0,0,0.0,0.0,0,0,0,0,0,0,0,0,0,0,0,0,0,0,0,0,0,0,0,0,0,0,0,,,0,0,0,0,0,0,0,0,0,0,0,0,,,,0,0,0,0,0,0,0,,0,0,0,0,0,8.0,10.0
00-0035632,A.Hooker,Amani Hooker,SAF,DB,"https://static.www.nfl.com/image/upload/f_auto,q_auto/league/u9zrvmlfnvzmgttdcsn6",2025,3,REG,TEN,IND,0,0,0,0,0,0,0,0,0,0,0,0,,,0,,0,0,0,0,0,0,,0,0,0,0,0,0,0,0,0,0,,0,,0.0,0.0,0.0,0,5,0,0,0,0,0,0.0,0.0,0,0,0,2,0,0,0,0,0,0,0,0,0,0,0,0,0,0,0,0,0,0,0,,,0,0,0,0,0,0,0,0,0,0,0,0,,,,0,0,0,0,0,0,0,,0,0,0,0,0,0.0,0.0
00-0035637,R.Ya-Sin,Rock Ya-Sin,CB,DB,"https://static.www.nfl.com/image/upload/f_auto,q_auto/league/ezahxzran7e2ohnmtndh",2025,3,REG,DET,BAL,0,0,0,0,0,0,0,0,0,0,0,0,,,0,,0,0,0,0,0,0,,0,0,0,0,0,0,0,0,0,0,,0,,0.0,0.0,0.0,0,1,0,1,0,0,0,0.0,0.0,0,0,0,0,0,0,0,0,0,0,0,0,0,0,0,0,0,0,0,0,0,0,0,,,0,0,0,0,0,0,0,0,0,0,0,0,,,,0,0,0,0,0,0,0,,0,0,0,0,0,0.0,0.0
00-0035640,D.Metcalf,DK Metcalf,WR,WR,"https://static.www.nfl.com/image/upload/f_auto,q_auto/league/tknefloqsleltfmslj2y",2025,3,REG,PIT,NE,0,0,0,0,0,0,0,0,0,0,0,0,,,0,,0,0,0,0,0,0,,0,3,4,32,1,0,0,34,23,2,2.5927169783390127,0,0.9411764705882353,0.18181818181818182,0.2982456140350877,0.4814992025518341,0,1,0,0,0,0,0,0.0,0.0,0,0,0,0,0,0,0,0,0,0,0,0,0,0,0,0,0,0,0,0,0,0,0,,,0,0,0,0,0,0,0,0,0,0,0,0,,,,0,0,0,0,0,0,0,,0,0,0,0,0,9.2,12.2
00-0035642,J.Hines-Allen,Josh Hines-Allen,DE,DL,"https://static.www.nfl.com/image/upload/f_auto,q_auto/league/frooc3vy4adlwpkdnyks",2025,3,REG,JAX,HOU,0,0,0,0,0,0,0,0,0,0,0,0,,,0,,0,0,0,0,0,0,,0,0,0,0,0,0,0,0,0,0,,0,,0.0,0.0,0.0,0,1,0,1,0,0,0,0.5,4.0,3,0,0,1,0,0,0,0,0,0,0,0,0,0,0,0,0,0,0,0,0,0,0,,,0,0,0,0,0,0,0,0,0,0,0,0,,,,0,0,0,0,0,0,0,,0,0,0,0,0,0.0,0.0
00-0035643,J.Simmons,Jeffery Simmons,DT,DL,"https://static.www.nfl.com/image/upload/f_auto,q_auto/league/gi2z8wipg8w9vnxwbav0",2025,3,REG,TEN,IND,0,0,0,0,0,0,0,0,0,0,0,0,,,0,,0,0,0,0,0,0,,0,0,0,0,0,0,0,0,0,0,,0,,0.0,0.0,0.0,0,2,0,1,0,0,0,0.0,0.0,0,0,0,0,0,0,0,0,0,0,0,0,0,0,0,0,0,0,0,0,0,0,0,,,0,0,0,0,0,0,0,0,0,0,0,0,,,,0,0,0,0,0,0,0,,0,0,0,0,0,0.0,0.0
00-0035644,N.Fant,Noah Fant,TE,TE,"https://static.www.nfl.com/image/private/f_auto,q_auto/league/w1gqasldrg3jumzdqjvy",2025,3,REG,CIN,MIN,0,0,0,0,0,0,0,0,0,0,0,0,,,0,,0,0,0,0,0,0,,0,5,5,26,0,1,1,13,13,1,-9.8419405373279,0,2.0,0.19230769230769232,0.10077519379844961,0.3590041741204532,0,0,0,0,0,0,0,0.0,0.0,0,0,0,0,0,0,0,0,0,0,0,0,0,0,0,0,0,0,0,0,0,0,0,,,0,0,0,0,0,0,0,0,0,0,0,0,,,,0,0,0,0,0,0,0,,0,0,0,0,0,0.6000000000000001,5.6
00-0035645,G.Olszewski,Gunner Olszewski,WR,WR,"https://static.www.nfl.com/image/upload/f_auto,q_auto/league/q6fs5e2eotgeh47xeo74",2025,3,REG,NYG,KC,0,0,0,0,0,0,0,0,0,0,0,0,,,0,,0,0,0,0,0,0,,0,0,0,0,0,0,0,0,0,0,,0,,0.0,0.0,0.0,0,0,0,0,0,0,0,0.0,0.0,0,0,0,0,0,0,0,0,0,0,0,0,0,0,0,2,17,0,0,0,0,0,0,,,0,0,0,0,0,0,0,0,0,0,0,0,,,,0,0,0,0,0,0,0,,0,0,0,0,0,0.0,0.0
00-0035647,M.Sweat,Montez Sweat,DE,DL,"https://static.www.nfl.com/image/upload/f_auto,q_auto/league/lmaq9dyixaolzxleqb5e",2025,3,REG,CHI,DAL,0,0,0,0,0,0,0,0,0,0,0,0,,,0,,0,0,0,0,0,0,,0,0,0,0,0,0,0,0,0,0,,0,,0.0,0.0,0.0,0,2,0,0,1,7,0,1.0,7.0,2,0,0,0,0,0,0,0,0,0,0,0,0,0,0,0,0,0,0,0,0,0,0,,,0,0,0,0,0,0,0,0,0,0,0,0,,,,0,0,0,0,0,0,0,,0,0,0,0,0,0.0,0.0
00-0035655,W.Harris,Will Harris,SAF,DB,"https://static.www.nfl.com/image/upload/f_auto,q_auto/league/u5dy7qow1rg8c8768koq",2025,3,REG,WAS,LV,0,0,0,0,0,0,0,0,0,0,0,0,,,0,,0,0,0,0,0,0,,0,0,0,0,0,0,0,0,0,0,,0,,0.0,0.0,0.0,0,1,0,1,0,0,0,0.0,0.0,0,0,0,1,0,0,0,0,0,0,0,0,0,0,0,0,0,0,0,0,0,0,0,,,0,0,0,0,0,0,0,0,0,0,0,0,,,,0,0,0,0,0,0,0,,0,0,0,0,0,0.0,0.0
00-0035659,T.McLaurin,Terry McLaurin,WR,WR,"https://static.www.nfl.com/image/upload/f_auto,q_auto/league/wokz1etv1wj1vhbmvxgs",2025,3,REG,WAS,LV,0,0,0,0,0,0,0,0,0,0,0,0,,,0,,0,0,0,0,0,0,,0,3,4,74,0,0,0,57,22,3,5.367917444964405,0,1.2982456140350878,0.2222222222222222,0.36075949367088606,0.5858649789029535,0,0,0,0,0,0,0,0.0,0.0,0,0,0,0,0,0,0,0,0,0,0,0,0,1,5,0,0,0,0,0,0,0,0,,,0,0,0,0,0,0,0,0,0,0,0,0,,,,0,0,0,0,0,0,0,,0,0,0,0,0,7.4,10.4
00-0035662,M.Brown,Marquise Brown,WR,WR,"https://static.www.nfl.com/image/upload/f_auto,q_auto/league/ixuddegcphzmvjn4jq6r",2025,3,REG,KC,NYG,0,0,0,0,0,0,0,0,0,0,0,0,,,0,,0,0,0,0,0,0,,0,4,6,42,0,0,0,85,12,2,0.202110871316866,0,0.49411764705882355,0.17142857142857143,0.2664576802507837,0.44366323331840574,0,0,0,0,0,0,0,0.0,0.0,0,0,0,0,0,0,0,0,0,0,0,0,0,0,0,0,0,0,0,0,0,0,0,,,0,0,0,0,0,0,0,0,0,0,0,0,,,,0,0,0,0,0,0,0,,0,0,0,0,0,4.2,8.2
00-0035663,T.Rapp,Taylor Rapp,SAF,DB,"https://static.www.nfl.com/image/upload/f_auto,q_auto/league/olasn9vezmd1uvomkpws",2025,3,REG,BUF,MIA,0,0,0,0,0,0,0,0,0,0,0,0,,,0,,0,0,0,0,0,0,,0,0,0,0,0,0,0,0,0,0,,0,,0.0,0.0,0.0,0,1,0,2,0,0,0,0.0,0.0,0,0,0,0,0,0,0,0,0,0,0,0,0,0,0,0,0,0,0,0,0,0,0,,,0,0,0,0,0,0,0,0,0,0,0,0,,,,0,0,0,0,0,0,0,,0,0,0,0,0,0.0,0.0
00-0035669,N.Scott,Nick Scott,SAF,DB,"https://static.www.nfl.com/image/upload/f_auto,q_auto/league/cjfueipnys7gl5bby6gc",2025,3,REG,CAR,ATL,0,0,0,0,0,0,0,0,0,0,0,0,,,0,,0,0,0,0,0,0,,0,0,0,0,0,0,0,0,0,0,,0,,0.0,0.0,0.0,0,2,0,1,0,0,0,0.0,0.0,0,0,0,0,0,0,0,0,0,0,0,0,0,0,0,0,0,0,0,0,0,0,0,,,0,0,0,0,0,0,0,0,0,0,0,0,,,,0,0,0,0,0,0,0,,0,0,0,0,0,0.0,0.0
00-0035672,C.Barton,Cody Barton,LB,LB,"https://static.www.nfl.com/image/upload/f_auto,q_auto/league/wbbjzgrgoi4nbgyqmjcs",2025,3,REG,TEN,IND,0,0,0,0,0,0,0,0,0,0,0,0,,,0,,0,0,0,0,0,0,,0,0,0,0,0,0,0,0,0,0,,0,,0.0,0.0,0.0,0,5,0,1,0,0,0,0.0,0.0,0,0,0,0,0,0,0,0,0,0,0,0,0,0,0,0,0,0,0,0,0,0,0,,,0,0,0,0,0,0,0,0,0,0,0,0,,,,0,0,0,0,0,0,0,,0,0,0,0,0,0.0,0.0
00-0035676,A.Brown,A.J. Brown,WR,WR,"https://static.www.nfl.com/image/private/f_auto,q_auto/league/a014sgzctarbvhwb35lw",2025,3,REG,PHI,LA,0,0,0,0,0,0,0,0,0,0,0,0,,,0,,0,0,0,0,0,0,,0,6,10,109,1,0,0,120,33,4,5.984957258333452,0,0.9083333333333333,0.3333333333333333,0.43795620437956206,0.8065693430656935,0,0,0,0,0,0,0,0.0,0.0,0,0,0,0,0,0,0,0,0,0,0,0,0,1,6,0,0,0,0,0,0,0,0,,,0,0,0,0,0,0,0,0,0,0,0,0,,,,0,0,0,0,0,0,0,,0,0,0,0,0,16.9,22.9
00-0035678,D.Jones,Dre'Mont Jones,LB,LB,"https://static.www.nfl.com/image/upload/f_auto,q_auto/league/yk1ohzelbowitjp6fbef",2025,3,REG,TEN,IND,0,0,0,0,0,0,0,0,0,0,0,0,,,0,,0,0,0,0,0,0,,0,0,0,0,0,0,0,0,0,0,,0,,0.0,0.0,0.0,0,1,0,1,0,0,0,0.0,0.0,0,0,0,0,0,0,0,0,0,0,0,0,0,0,0,0,0,0,0,0,0,0,0,,,0,0,0,0,0,0,0,0,0,0,0,0,,,,0,0,0,0,0,0,0,,0,0,0,0,0,0.0,0.0
00-0035680,Qu.Williams,Quincy Williams,LB,LB,"https://static.www.nfl.com/image/upload/f_auto,q_auto/league/ukxxxlah4iappss0ro9e",2025,3,REG,NYJ,TB,0,0,0,0,0,0,0,0,0,0,0,0,,,0,,0,0,0,0,0,0,,0,0,0,0,0,0,0,0,0,0,,0,,0.0,0.0,0.0,0,3,0,1,1,2,0,0.5,4.0,2,0,0,1,0,0,0,0,0,0,0,0,0,0,0,0,0,0,0,0,0,0,0,,,0,0,0,0,0,0,0,0,0,0,0,0,,,,0,0,0,0,0,0,0,,0,0,0,0,0,0.0,0.0
00-0035683,D.Lawrence,Dexter Lawrence,DT,DL,"https://static.www.nfl.com/image/upload/f_auto,q_auto/league/t204hku4pnzartvixi2m",2025,3,REG,NYG,KC,0,0,0,0,0,0,0,0,0,0,0,0,,,0,,0,0,0,0,0,0,,0,0,0,0,0,0,0,0,0,0,,0,,0.0,0.0,0.0,0,0,0,1,0,0,0,0.0,0.0,2,0,0,0,0,0,0,0,0,0,0,0,0,0,0,0,0,0,0,0,0,0,0,,,0,0,0,0,0,0,0,0,0,0,0,0,,,,0,0,0,0,0,0,0,,0,0,0,0,0,0.0,0.0
00-0035685,D.Montgomery,David Montgomery,RB,RB,"https://static.www.nfl.com/image/upload/f_auto,q_auto/league/xeb6fq4zimgkksq7uari",2025,3,REG,DET,BAL,0,0,0,0,0,0,0,0,0,0,0,0,,,0,,12,151,2,0,0,6,11.06655875328579,0,1,1,13,0,0,0,4,9,1,0.8287998861633241,0,3.25,0.038461538461538464,0.018957345971563982,0.07096244987240248,0,0,0,0,0,0,0,0.0,0.0,0,0,0,0,0,0,0,0,0,0,0,0,0,0,0,0,0,0,0,0,0,0,0,,,0,0,0,0,0,0,0,0,0,0,0,0,,,,0,0,0,0,0,0,0,,0,0,0,0,0,28.400000000000002,29.400000000000002
00-0035687,B.Okereke,Bobby Okereke,ILB,LB,"https://static.www.nfl.com/image/upload/f_auto,q_auto/league/q5gc9nwmikqcyza7m3ku",2025,3,REG,NYG,KC,0,0,0,0,0,0,0,0,0,0,0,0,,,0,,0,0,0,0,0,0,,0,0,0,0,0,0,0,0,0,0,,0,,0.0,0.0,0.0,0,4,0,4,0,0,0,0.0,0.0,0,0,0,0,0,0,0,0,0,0,0,0,0,0,0,0,0,0,0,0,0,0,0,,,0,0,0,0,0,0,0,0,0,0,0,0,,,,0,0,0,0,0,0,0,,0,0,0,0,0,0.0,0.0
00-0035697,G.Pratt,Germaine Pratt,LB,LB,"https://static.www.nfl.com/image/upload/f_auto,q_auto/league/xxtvrfgycrmxgesobuwc",2025,3,REG,LV,WAS,0,0,0,0,0,0,0,0,0,0,0,0,,,0,,0,0,0,0,0,0,,0,0,0,0,0,0,0,0,0,0,,0,,0.0,0.0,0.0,0,1,0,4,0,0,0,0.0,0.0,0,0,0,0,0,0,0,0,0,0,0,0,0,0,0,0,0,0,0,0,0,0,0,,,0,0,0,0,0,0,0,0,0,0,0,0,,,,0,0,0,0,0,0,0,,0,0,0,0,0,0.0,0.0
00-0035699,J.Dean,Jamel Dean,CB,DB,"https://static.www.nfl.com/image/private/f_auto,q_auto/league/s0k1zs9nyl2cqsjwf5cs",2025,3,REG,TB,NYJ,0,0,0,0,0,0,0,0,0,0,0,0,,,0,,0,0,0,0,0,0,,0,0,0,0,0,0,0,0,0,0,,0,,0.0,0.0,0.0,0,1,0,0,0,0,0,0.0,0.0,0,1,55,1,1,0,0,0,0,0,0,0,0,1,15,0,0,0,0,0,0,0,0,,,0,0,0,0,0,0,0,0,0,0,0,0,,,,0,0,0,0,0,0,0,,0,0,0,0,0,0.0,0.0
00-0035700,J.Jacobs,Josh Jacobs,RB,RB,"https://static.www.nfl.com/image/upload/f_auto,q_auto/league/drtobqw2mk7yw3edjgwo",2025,3,REG,GB,CLE,0,0,0,0,0,0,0,0,0,0,0,0,,,0,,16,30,0,1,0,2,-3.705653100074453,0,5,9,44,0,0,0,-24,59,2,-0.0366631273063831,0,-1.8333333333333333,0.36,-0.5,0.19000000000000006,0,0,0,0,0,0,0,0.0,0.0,0,0,0,0,0,0,0,0,1,1,0,0,0,0,0,0,0,0,0,0,0,0,0,,,0,0,0,0,0,0,0,0,0,0,0,0,,,,0,0,0,0,0,0,0,,0,0,0,0,0,7.4,12.4
00-0035704,D.Lock,Drew Lock,QB,QB,"https://static.www.nfl.com/image/upload/f_auto,q_auto/league/e0xz0hu8s0lpbwlr0bzj",2025,3,REG,SEA,NO,2,3,15,0,0,0,0,0,0,5,16,1,-0.8927228087559342,-14.289780457814535,0,3.0,1,-1,0,0,0,0,0.0,0,0,0,0,0,0,0,0,0,0,,0,,0.0,0.0,0.0,0,0,0,0,0,0,0,0.0,0.0,0,0,0,0,0,0,0,0,0,0,0,0,0,0,0,0,0,0,0,0,0,0,0,,,0,0,0,0,0,0,0,0,0,0,0,0,,,,0,0,0,0,0,0,0,,0,0,0,0,0,0.5,0.5
00-0035705,J.Thompson,Jalen Thompson,SAF,DB,"https://static.www.nfl.com/image/upload/f_auto,q_auto/league/gbb1sb2kkjlihuax2cud",2025,3,REG,ARI,SF,0,0,0,0,0,0,0,0,0,0,0,0,,,0,,0,0,0,0,0,0,,0,0,0,0,0,0,0,0,0,0,,0,,0.0,0.0,0.0,0,4,0,2,0,0,0,0.0,0.0,0,0,0,0,0,0,0,0,0,0,0,0,0,0,0,0,0,0,0,0,0,0,0,,,0,0,0,0,0,0,0,0,0,0,0,0,,,,0,0,0,0,0,0,0,,0,0,0,0,0,0.0,0.0
00-0035707,D.White,Devin White,LB,LB,"https://static.www.nfl.com/image/upload/f_auto,q_auto/league/oqv87a7jn67zgnlplnbp",2025,3,REG,LV,WAS,0,0,0,0,0,0,0,0,0,0,0,0,,,0,,0,0,0,0,0,0,,0,0,0,0,0,0,0,0,0,0,,0,,0.0,0.0,0.0,0,1,2,3,2,3,0,0.0,0.0,1,0,0,0,0,0,0,0,0,0,0,0,0,0,0,0,0,0,0,0,0,0,0,,,0,0,0,0,0,0,0,0,0,0,0,0,,,,0,0,0,0,0,0,0,,0,0,0,0,0,0.0,0.0
00-0035710,D.Jones,Daniel Jones,QB,QB,"https://static.www.nfl.com/image/upload/f_auto,q_auto/league/nhuiypfjzpkisxllinyv",2025,3,REG,IND,TEN,18,25,228,1,0,0,0,0,0,175,120,10,10.818640147236174,1.6586910486221313,0,1.302857142857143,4,27,0,0,0,2,4.92718964186497,0,0,0,0,0,0,0,0,0,0,,0,,0.0,0.0,0.0,0,0,0,0,0,0,0,0.0,0.0,0,0,0,0,0,0,0,0,0,0,0,0,0,0,0,0,0,0,0,0,0,0,0,,,0,0,0,0,0,0,0,0,0,0,0,0,,,,0,0,0,0,0,0,0,,0,0,0,0,0,15.82,15.82
00-0035713,B.Burns,Brian Burns,LB,LB,"https://static.www.nfl.com/image/upload/f_auto,q_auto/league/glmrmpqkmsc0jiyicmlg",2025,3,REG,NYG,KC,0,0,0,0,0,0,0,0,0,0,0,0,,,0,,0,0,0,0,0,0,,0,0,0,0,0,0,0,0,0,0,,0,,0.0,0.0,0.0,0,5,0,1,1,15,1,1.0,15.0,2,0,0,2,0,0,0,0,0,0,0,0,0,0,0,0,0,0,0,0,0,0,0,,,0,0,0,0,0,0,0,0,0,0,0,0,,,,0,0,0,0,0,0,0,,0,0,0,0,0,0.0,0.0
00-0035717,N.Bosa,Nick Bosa,DE,DL,"https://static.www.nfl.com/image/upload/f_auto,q_auto/league/d41bo71xbojqb4picswi",2025,3,REG,SF,ARI,0,0,0,0,0,0,0,0,0,0,0,0,,,0,,0,0,0,0,0,0,,0,0,0,0,0,0,0,0,0,0,,0,,0.0,0.0,0.0,0,0,0,2,0,0,1,0.0,0.0,0,0,0,0,0,0,0,0,0,0,0,0,0,0,0,0,0,0,0,0,0,0,0,,,0,0,0,0,0,0,0,0,0,0,0,0,,,,0,0,0,0,0,0,0,,0,0,0,0,0,0.0,0.0
00-0035718,Q.Williams,Quinnen Williams,DT,DL,"https://static.www.nfl.com/image/upload/f_auto,q_auto/league/jawdo0a9miiqz8lqctvh",2025,3,REG,NYJ,TB,0,0,0,0,0,0,0,0,0,0,0,0,,,0,,0,0,0,0,0,0,,0,0,0,0,0,0,0,0,0,0,,0,,0.0,0.0,0.0,0,3,0,2,1,3,0,0.0,0.0,0,0,0,0,0,0,0,0,0,0,0,0,0,1,15,0,0,0,0,0,0,0,0,,,0,0,0,0,0,0,0,0,0,0,0,0,,,,0,0,0,0,0,0,0,,0,0,0,0,0,0.0,0.0
00-0035719,D.Samuel,Deebo Samuel Sr.,WR,WR,"https://static.www.nfl.com/image/upload/f_auto,q_auto/league/ntgyhqg6hq7fanhhsqiw",2025,3,REG,WAS,LV,0,0,0,0,0,0,0,0,0,0,0,0,,,0,,3,18,0,0,0,0,0.6444433077704161,0,2,3,11,0,0,0,6,23,0,1.7061866358853877,0,1.8333333333333333,0.16666666666666666,0.0379746835443038,0.27658227848101263,0,0,0,0,0,0,0,0.0,0.0,0,0,0,0,0,0,0,0,0,0,0,0,0,0,0,0,0,2,93,0,0,0,0,,,0,0,0,0,0,0,0,0,0,0,0,0,,,,0,0,0,0,0,0,0,,0,0,0,0,0,2.9000000000000004,4.9
00-0035726,J.Johnson,Jakob Johnson,RB,RB,"https://static.www.nfl.com/image/upload/f_auto,q_auto/league/awuzhbfuubbmxzxxdtsb",2025,3,REG,HOU,JAX,0,0,0,0,0,0,0,0,0,0,0,0,,,0,,0,0,0,0,0,0,,0,0,0,0,0,0,0,0,0,0,,0,,0.0,0.0,0.0,0,1,0,0,0,0,0,0.0,0.0,0,0,0,0,0,0,0,0,0,0,0,0,0,0,0,0,0,0,0,0,0,0,0,,,0,0,0,0,0,0,0,0,0,0,0,0,,,,0,0,0,0,0,0,0,,0,0,0,0,0,0.0,0.0
00-0035795,J.Pierre,James Pierre,CB,DB,"https://static.www.nfl.com/image/upload/f_auto,q_auto/league/zasdorlctouussgqzvwm",2025,3,REG,PIT,NE,0,0,0,0,0,0,0,0,0,0,0,0,,,0,,0,0,0,0,0,0,,0,0,0,0,0,0,0,0,0,0,,0,,0.0,0.0,0.0,0,2,0,0,0,0,0,0.0,0.0,0,0,0,0,0,0,0,0,0,0,0,0,0,0,0,0,0,0,0,0,0,0,0,,,0,0,0,0,0,0,0,0,0,0,0,0,,,,0,0,0,0,0,0,0,,0,0,0,0,0,0.0,0.0
00-0035821,C.Waitman,Corliss Waitman,P,SPEC,"https://static.www.nfl.com/image/upload/f_auto,q_auto/league/ob1q154g57ksxc5iskbw",2025,3,REG,PIT,NE,0,0,0,0,0,0,0,0,0,0,0,0,,,0,,0,0,0,0,0,0,,0,0,0,0,0,0,0,0,0,0,,0,,0.0,0.0,0.0,0,0,0,0,0,0,0,0.0,0.0,0,0,0,0,0,0,0,0,0,0,0,0,0,0,0,0,0,0,0,0,0,0,0,,,0,0,0,0,0,0,0,0,0,0,0,0,,,,0,0,0,0,0,0,0,,0,0,0,0,0,0.0,0.0
00-0035857,Ch.Williams,Chris Williams,DL,DL,"https://static.www.nfl.com/image/upload/f_auto,q_auto/league/bbjvbvpdww9kquh969zh",2025,3,REG,CHI,DAL,0,0,0,0,0,0,0,0,0,0,0,0,,,0,,0,0,0,0,0,0,,0,0,0,0,0,0,0,0,0,0,,0,,0.0,0.0,0.0,0,0,0,0,0,0,0,0.0,0.0,1,0,0,0,0,0,0,0,0,0,0,0,0,0,0,0,0,0,0,0,0,0,0,,,0,0,0,0,0,0,0,0,0,0,0,0,,,,0,0,0,0,0,0,0,,0,0,0,0,0,0.0,0.0
00-0035859,B.Gillikin,Blake Gillikin,P,SPEC,"https://static.www.nfl.com/image/upload/f_auto,q_auto/league/idkikmdoy9mz7fw2dgl0",2025,3,REG,ARI,SF,0,0,0,0,0,0,0,0,0,0,0,0,,,0,,0,0,0,0,0,0,,0,0,0,0,0,0,0,0,0,0,,0,,0.0,0.0,0.0,0,0,0,0,0,0,0,0.0,0.0,0,0,0,0,0,0,0,0,0,0,0,0,0,0,0,0,0,0,0,0,0,0,0,,,0,0,0,0,0,0,0,0,0,0,0,0,,,,0,0,0,0,0,0,0,,0,0,0,0,0,0.0,0.0
00-0035889,T.Townsend,Tommy Townsend,P,SPEC,"https://static.www.nfl.com/image/upload/f_auto,q_auto/league/r0i19wiyrxqeyssd65ac",2025,3,REG,HOU,JAX,0,0,0,0,0,0,0,0,0,0,0,0,,,0,,0,0,0,0,0,0,,0,0,0,0,0,0,0,0,0,0,,0,,0.0,0.0,0.0,0,0,0,0,0,0,0,0.0,0.0,0,0,0,0,0,0,0,0,0,0,0,0,0,0,0,0,0,0,0,0,0,0,0,,,0,0,0,0,0,0,0,0,0,0,0,0,,,,0,0,0,0,0,0,0,,0,0,0,0,0,0.0,0.0
00-0035895,J.Bachie,Joe Bachie,LB,LB,"https://static.www.nfl.com/image/upload/f_auto,q_auto/league/vxfo2qdczcokjvnah6hf",2025,3,REG,IND,TEN,0,0,0,0,0,0,0,0,0,0,0,0,,,0,,0,0,0,0,0,0,,0,0,0,0,0,0,0,0,0,0,,0,,0.0,0.0,0.0,0,5,0,0,0,0,0,0.0,0.0,0,0,0,0,0,0,0,0,0,0,0,0,0,0,0,0,0,0,0,0,0,0,0,,,0,0,0,0,0,0,0,0,0,0,0,0,,,,0,0,0,0,0,0,0,,0,0,0,0,0,0.0,0.0
00-0035942,C.Rozeboom,Christian Rozeboom,LB,LB,"https://static.www.nfl.com/image/upload/f_auto,q_auto/league/kobbnik0wg5amqr1imnr",2025,3,REG,CAR,ATL,0,0,0,0,0,0,0,0,0,0,0,0,,,0,,0,0,0,0,0,0,,0,0,0,0,0,0,0,0,0,0,,0,,0.0,0.0,0.0,0,5,1,3,0,0,0,0.0,0.0,0,0,0,0,0,0,0,0,0,0,0,0,0,0,0,0,0,0,0,0,0,0,0,,,0,0,0,0,0,0,0,0,0,0,0,0,,,,0,0,0,0,0,0,0,,0,0,0,0,0,0.0,0.0
00-0035944,J.Williams,Jonah Williams,DE,DL,"https://static.www.nfl.com/image/upload/f_auto,q_auto/league/d5yxodbic254mvmcqvel",2025,3,REG,NO,SEA,0,0,0,0,0,0,0,0,0,0,0,0,,,0,,0,0,0,0,0,0,,0,0,0,0,0,0,0,0,0,0,,0,,0.0,0.0,0.0,0,0,0,0,0,0,0,0.0,0.0,1,0,0,0,0,0,0,0,0,0,0,0,0,0,0,0,0,0,0,0,0,0,0,,,0,0,0,0,0,0,0,0,0,0,0,0,,,,0,0,0,0,0,0,0,,0,0,0,0,0,0.0,0.0
00-0036036,T.Steele,Terence Steele,OT,OL,"https://static.www.nfl.com/image/upload/f_auto,q_auto/league/ezmoh6joqsserp3ogcqc",2025,3,REG,DAL,CHI,0,0,0,0,0,0,0,0,0,0,0,0,,,0,,0,0,0,0,0,0,,0,0,0,0,0,0,0,0,0,0,,0,,0.0,0.0,0.0,0,0,0,0,0,0,0,0.0,0.0,0,0,0,0,0,0,0,0,0,0,0,0,0,1,10,0,0,0,0,0,0,0,0,,,0,0,0,0,0,0,0,0,0,0,0,0,,,,0,0,0,0,0,0,0,,0,0,0,0,0,0.0,0.0
00-0036040,J.Johnson,Juwan Johnson,TE,TE,"https://static.www.nfl.com/image/upload/f_auto,q_auto/league/wuyyzdqkh5fve8t7kfuv",2025,3,REG,NO,SEA,0,0,0,0,0,0,0,0,0,0,0,0,,,0,,0,0,0,0,0,0,,0,6,8,51,0,0,0,33,28,3,1.056985862844158,0,1.5454545454545454,0.1951219512195122,0.09510086455331412,0.3592535320165882,0,0,0,0,0,0,0,0.0,0.0,0,0,0,0,0,0,0,0,0,0,0,0,0,0,0,0,0,0,0,0,0,0,0,,,0,0,0,0,0,0,0,0,0,0,0,0,,,,0,0,0,0,0,0,0,,0,0,0,0,0,5.1000000000000005,11.100000000000001
00-0036081,B.Washington,Broderick Washington,DT,DL,"https://static.www.nfl.com/image/upload/f_auto,q_auto/league/p5tkzkh6v2hda70lwojk",2025,3,REG,BAL,DET,0,0,0,0,0,0,0,0,0,0,0,0,,,0,,0,0,0,0,0,0,,0,0,0,0,0,0,0,0,0,0,,0,,0.0,0.0,0.0,0,1,0,3,0,0,0,0.0,0.0,0,0,0,0,0,0,0,0,0,0,0,0,0,0,0,0,0,0,0,0,0,0,0,,,0,0,0,0,0,0,0,0,0,0,0,0,,,,0,0,0,0,0,0,0,,0,0,0,0,0,0.0,0.0
00-0036124,K.Dorsey,Khalil Dorsey,CB,DB,"https://static.www.nfl.com/image/upload/f_auto,q_auto/league/wmeizkmh4vdsbkf4uclw",2025,3,REG,DET,BAL,0,0,0,0,0,0,0,0,0,0,0,0,,,0,,0,0,0,0,0,0,,0,0,0,0,0,0,0,0,0,0,,0,,0.0,0.0,0.0,0,1,0,0,0,0,0,0.0,0.0,0,0,0,0,0,0,0,0,0,0,0,0,0,0,0,0,0,0,0,0,0,0,0,,,0,0,0,0,0,0,0,0,0,0,0,0,,,,0,0,0,0,0,0,0,,0,0,0,0,0,0.0,0.0
00-0036132,B.Bredeson,Ben Bredeson,G,OL,"https://static.www.nfl.com/image/upload/f_auto,q_auto/league/i5wt8frcymm1gjbwhlzy",2025,3,REG,TB,NYJ,0,0,0,0,0,0,0,0,0,0,0,0,,,0,,0,0,0,0,0,0,,0,0,0,0,0,0,0,0,0,0,,0,,0.0,0.0,0.0,0,0,0,0,0,0,0,0.0,0.0,0,0,0,0,0,0,0,0,0,0,0,0,0,2,10,0,0,0,0,0,0,0,0,,,0,0,0,0,0,0,0,0,0,0,0,0,,,,0,0,0,0,0,0,0,,0,0,0,0,0,0.0,0.0
00-0036139,R.Dowdle,Rico Dowdle,RB,RB,"https://static.www.nfl.com/image/upload/f_auto,q_auto/league/cvnrzndsiaojvvxz8vo5",2025,3,REG,CAR,ATL,0,0,0,0,0,0,0,0,0,0,0,0,,,0,,10,30,1,0,0,3,2.195487317745574,0,1,1,8,0,0,0,-7,15,1,0.7071177379693836,0,-1.1428571428571428,0.041666666666666664,-0.05263157894736842,0.02565789473684211,0,0,0,0,0,0,0,0.0,0.0,0,0,0,0,0,0,0,0,0,0,0,0,0,0,0,0,0,1,21,0,0,0,0,,,0,0,0,0,0,0,0,0,0,0,0,0,,,,0,0,0,0,0,0,0,,0,0,0,0,0,9.8,10.8
00-0036151,B.Huff,Bryce Huff,DE,DL,"https://static.www.nfl.com/image/upload/f_auto,q_auto/league/pminx3vvyt9laihkxk55",2025,3,REG,SF,ARI,0,0,0,0,0,0,0,0,0,0,0,0,,,0,,0,0,0,0,0,0,,0,0,0,0,0,0,0,0,0,0,,0,,0.0,0.0,0.0,0,2,0,3,1,5,0,1.0,5.0,2,0,0,1,0,0,0,0,0,0,0,0,0,0,0,0,0,0,0,0,0,0,0,,,0,0,0,0,0,0,0,0,0,0,0,0,,,,0,0,0,0,0,0,0,,0,0,0,0,0,0.0,0.0
00-0036158,J.Dobbins,J.K. Dobbins,RB,RB,"https://static.www.nfl.com/image/upload/f_auto,q_auto/league/cevotvl3ho5h1mioruyg",2025,3,REG,DEN,LAC,0,0,0,0,0,0,0,0,0,0,0,0,,,0,,11,83,1,0,0,3,2.137136272736825,0,1,2,0,0,0,0,-13,6,0,-1.6538717381190509,0,-0.0,0.08695652173913043,-0.048327137546468404,0.09660578632616776,0,0,0,0,0,0,0,0.0,0.0,0,0,0,0,0,0,0,0,0,0,0,0,0,0,0,0,0,0,0,0,0,0,0,,,0,0,0,0,0,0,0,0,0,0,0,0,,,,0,0,0,0,0,0,0,,0,0,0,0,0,14.3,15.3
00-0036159,J.Uche,Joshua Uche,LB,LB,"https://static.www.nfl.com/image/upload/f_auto,q_auto/league/t7ahfah5ks9tispkebd5",2025,3,REG,PHI,LA,0,0,0,0,0,0,0,0,0,0,0,0,,,0,,0,0,0,0,0,0,,0,0,0,0,0,0,0,0,0,0,,0,,0.0,0.0,0.0,0,1,0,0,0,0,0,0.0,0.0,0,0,0,0,0,0,0,0,0,0,0,0,0,0,0,0,0,0,0,0,0,0,0,,,0,0,0,0,0,0,0,0,0,0,0,0,,,,0,0,0,0,0,0,0,,0,0,0,0,0,0.0,0.0
00-0036181,T.Tart,Teair Tart,DT,DL,"https://static.www.nfl.com/image/upload/f_auto,q_auto/league/arx3xgdgct71ljt18bqa",2025,3,REG,LAC,DEN,0,0,0,0,0,0,0,0,0,0,0,0,,,0,,0,0,0,0,0,0,,0,0,0,0,0,0,0,0,0,0,,0,,0.0,0.0,0.0,0,1,0,0,1,3,0,0.0,0.0,0,0,0,0,0,0,0,0,0,0,0,0,0,0,0,0,0,0,0,0,0,0,0,,,0,0,0,0,0,0,0,0,0,0,0,0,,,,0,0,0,0,0,0,0,,0,0,0,0,0,0.0,0.0
00-0036182,N.Westbrook-Ikhine,Nick Westbrook-Ikhine,WR,WR,"https://static.www.nfl.com/image/upload/f_auto,q_auto/league/plgwfjcbl5quoi2jrass",2025,3,REG,MIA,BUF,0,0,0,0,0,0,0,0,0,0,0,0,,,0,,0,0,0,0,0,0,,0,0,0,0,0,0,0,0,0,0,,0,,0.0,0.0,0.0,0,1,0,0,0,0,0,0.0,0.0,0,0,0,0,0,0,0,0,0,0,0,0,0,0,0,0,0,0,0,0,0,0,0,,,0,0,0,0,0,0,0,0,0,0,0,0,,,,0,0,0,0,0,0,0,,0,0,0,0,0,0.0,0.0
00-0036192,A.Epenesa,A.J. Epenesa,DE,DL,"https://static.www.nfl.com/image/upload/f_auto,q_auto/league/t85moy0mhdu6pzxwzgxt",2025,3,REG,BUF,MIA,0,0,0,0,0,0,0,0,0,0,0,0,,,0,,0,0,0,0,0,0,,0,0,0,0,0,0,0,0,0,0,,0,,0.0,0.0,0.0,0,2,0,0,0,0,0,0.0,0.0,0,0,0,0,0,0,0,0,0,0,0,0,0,1,15,0,0,0,0,0,0,0,0,,,0,0,0,0,0,0,0,0,0,0,0,0,,,,0,0,0,0,0,0,0,,0,0,0,0,0,0.0,0.0
00-0036198,M.Onwenu,Mike Onwenu,G,OL,"https://static.www.nfl.com/image/upload/f_auto,q_auto/league/l8gnydhcpahpd20mqqlh",2025,3,REG,NE,PIT,0,0,0,0,0,0,0,0,0,0,0,0,,,0,,0,0,0,0,0,0,,0,0,0,0,0,0,0,0,0,0,,0,,0.0,0.0,0.0,0,1,0,0,0,0,0,0.0,0.0,0,0,0,0,0,0,0,0,0,0,0,0,0,1,5,0,0,0,0,0,0,0,0,,,0,0,0,0,0,0,0,0,0,0,0,0,,,,0,0,0,0,0,0,0,,0,0,0,0,0,0.0,0.0
00-0036199,G.Stone,Geno Stone,SAF,DB,"https://static.www.nfl.com/image/upload/f_auto,q_auto/league/upbrq8aqe7yff3pn8a69",2025,3,REG,CIN,MIN,0,0,0,0,0,0,0,0,0,0,0,0,,,0,,0,0,0,0,0,0,,0,0,0,0,0,0,0,0,0,0,,0,,0.0,0.0,0.0,0,3,0,1,0,0,0,0.0,0.0,1,0,0,0,0,0,0,0,0,0,0,0,0,0,0,0,0,0,0,0,0,0,0,,,0,0,0,0,0,0,0,0,0,0,0,0,,,,0,0,0,0,0,0,0,,0,0,0,0,0,0.0,0.0
00-0036204,L.London,LaCale London,DT,DL,"https://static.www.nfl.com/image/upload/f_auto,q_auto/league/cbkqmopy7d6b20m7nu2d",2025,3,REG,ATL,CAR,0,0,0,0,0,0,0,0,0,0,0,0,,,0,,0,0,0,0,0,0,,0,0,0,0,0,0,0,0,0,0,,0,,0.0,0.0,0.0,0,3,0,0,1,1,0,0.0,0.0,0,0,0,0,0,0,0,0,0,0,0,0,0,0,0,0,0,0,0,0,0,0,0,,,0,0,0,0,0,0,0,0,0,0,0,0,,,,0,0,0,0,0,0,0,,0,0,0,0,0,0.0,0.0
00-0036212,T.Tagovailoa,Tua Tagovailoa,QB,QB,"https://static.www.nfl.com/image/upload/f_auto,q_auto/league/ktqj3s5vofexl2dwrrp4",2025,3,REG,MIA,BUF,22,34,146,2,1,0,0,0,0,204,117,11,0.14744083787081763,-1.6873112230589895,0,0.7156862745098039,2,10,0,1,0,2,0.2927044708048925,0,0,0,0,0,0,0,0,0,0,,0,,0.0,0.0,0.0,0,0,0,0,0,0,0,0.0,0.0,0,0,0,0,0,0,0,0,1,1,0,0,0,0,0,0,0,0,0,0,0,0,0,,,0,0,0,0,0,0,0,0,0,0,0,0,,,,0,0,0,0,0,0,0,,0,0,0,0,0,12.84,12.84
00-0036220,D.Brown,Derrick Brown,DE,DL,"https://static.www.nfl.com/image/upload/f_auto,q_auto/league/nneryzn7ehs21yeed5ny",2025,3,REG,CAR,ATL,0,0,0,0,0,0,0,0,0,0,0,0,,,0,,0,0,0,0,0,0,,0,0,0,0,0,0,0,0,0,0,,0,,0.0,0.0,0.0,0,1,0,1,0,0,0,0.0,0.0,1,0,0,0,0,0,0,0,0,0,0,0,0,0,0,0,0,0,0,0,0,0,0,,,0,0,0,0,0,0,0,0,0,0,0,0,,,,0,0,0,0,0,0,0,,0,0,0,0,0,0.0,0.0
00-0036221,B.Jones,Brandon Jones,SAF,DB,"https://static.www.nfl.com/image/upload/f_auto,q_auto/league/qcgihmzgbq4osnqywbng",2025,3,REG,DEN,LAC,0,0,0,0,0,0,0,0,0,0,0,0,,,0,,0,0,0,0,0,0,,0,0,0,0,0,0,0,0,0,0,,0,,0.0,0.0,0.0,0,6,0,5,0,0,0,0.0,0.0,0,1,0,1,0,0,0,0,0,0,0,0,0,0,0,0,0,0,0,0,0,0,0,,,0,0,0,0,0,0,0,0,0,0,0,0,,,,0,0,0,0,0,0,0,,0,0,0,0,0,0.0,0.0
00-0036222,I.Rodgers,Isaiah Rodgers,CB,DB,"https://static.www.nfl.com/image/upload/f_auto,q_auto/league/uekaq7hovbb6iz95phej",2025,3,REG,MIN,CIN,0,0,0,0,0,0,0,0,0,0,0,0,,,0,,0,0,0,0,0,0,,0,0,0,0,0,0,0,0,0,0,,0,,0.0,0.0,0.0,0,3,0,0,0,0,2,0.0,0.0,0,1,87,2,1,0,0,0,0,0,1,1,1,0,0,0,0,0,0,0,0,0,0,,,0,0,0,0,0,0,0,0,0,0,0,0,,,,0,0,0,0,0,0,0,,0,0,0,0,0,0.0,0.0
00-0036223,J.Taylor,Jonathan Taylor,RB,RB,"https://static.www.nfl.com/image/upload/f_auto,q_auto/league/uwmnrhwtwug0wrgkomjk",2025,3,REG,IND,TEN,0,0,0,0,0,0,0,0,0,0,0,0,,,0,,17,102,3,0,0,6,3.4676779607622197,0,3,4,16,0,0,0,-11,29,0,-0.8802872484084219,0,-1.4545454545454546,0.16,-0.06285714285714286,0.196,0,0,0,0,0,0,0,0.0,0.0,0,0,0,0,0,0,0,0,0,0,0,0,0,0,0,0,0,0,0,0,0,0,0,,,0,0,0,0,0,0,0,0,0,0,0,0,,,,0,0,0,0,0,0,0,,0,0,0,0,0,29.8,32.8
00-0036224,J.Greenard,Jonathan Greenard,LB,LB,"https://static.www.nfl.com/image/upload/f_auto,q_auto/league/z49ugsnmbfkldervsiws",2025,3,REG,MIN,CIN,0,0,0,0,0,0,0,0,0,0,0,0,,,0,,0,0,0,0,0,0,,0,0,0,0,0,0,0,0,0,0,,0,,0.0,0.0,0.0,0,2,0,1,2,2,0,0.0,0.0,1,0,0,0,0,0,0,0,0,0,0,0,0,0,0,0,0,0,0,0,0,0,0,,,0,0,0,0,0,0,0,0,0,0,0,0,,,,0,0,0,0,0,0,0,,0,0,0,0,0,0.0,0.0
00-0036231,K.Dugger,Kyle Dugger,SAF,DB,"https://static.www.nfl.com/image/upload/f_auto,q_auto/league/k4btc5f7s5iq16whzzmv",2025,3,REG,NE,PIT,0,0,0,0,0,0,0,0,0,0,0,0,,,0,,0,0,0,0,0,0,,0,0,0,0,0,0,0,0,0,0,,0,,0.0,0.0,0.0,0,1,0,1,0,0,0,0.0,0.0,0,0,0,0,0,0,0,0,0,0,0,0,0,0,0,0,0,0,0,0,0,0,0,,,0,0,0,0,0,0,0,0,0,0,0,0,,,,0,0,0,0,0,0,0,,0,0,0,0,0,0.0,0.0
00-0036246,J.Runyan,Jon Runyan,G,OL,"https://static.www.nfl.com/image/upload/f_auto,q_auto/league/kauh0olqkhebxe8gf1if",2025,3,REG,NYG,KC,0,0,0,0,0,0,0,0,0,0,0,0,,,0,,0,0,0,0,0,0,,0,0,0,0,0,0,0,0,0,0,,0,,0.0,0.0,0.0,0,0,0,0,0,0,0,0.0,0.0,0,0,0,0,0,0,0,0,0,0,0,0,0,1,5,0,0,0,0,0,0,0,0,,,0,0,0,0,0,0,0,0,0,0,0,0,,,,0,0,0,0,0,0,0,,0,0,0,0,0,0.0,0.0
00-0036252,M.Pittman,Michael Pittman,WR,WR,"https://static.www.nfl.com/image/upload/f_auto,q_auto/league/z78xpye9hing1e7wke8b",2025,3,REG,IND,TEN,0,0,0,0,0,0,0,0,0,0,0,0,,,0,,0,0,0,0,0,0,,0,6,6,73,1,0,0,32,41,4,5.514039024361409,0,2.28125,0.24,0.18285714285714286,0.488,0,0,0,0,0,0,0,0.0,0.0,0,0,0,0,0,0,0,0,0,0,0,0,0,0,0,0,0,0,0,0,0,0,0,,,0,0,0,0,0,0,0,0,0,0,0,0,,,,0,0,0,0,0,0,0,,0,0,0,0,0,13.3,19.3
00-0036260,J.Kinlaw,Javon Kinlaw,DT,DL,"https://static.www.nfl.com/image/upload/f_auto,q_auto/league/lxyzkmqmy5sgrjktwq80",2025,3,REG,WAS,LV,0,0,0,0,0,0,0,0,0,0,0,0,,,0,,0,0,0,0,0,0,,0,0,0,0,0,0,0,0,0,0,,0,,0.0,0.0,0.0,0,0,0,1,0,0,0,0.0,0.0,0,0,0,0,0,0,0,0,0,0,0,0,0,0,0,0,0,0,0,0,0,0,0,,,0,0,0,0,0,0,0,0,0,0,0,0,,,,0,0,0,0,0,0,0,,0,0,0,0,0,0.0,0.0
00-0036262,D.Hamilton,DaVon Hamilton,DT,DL,"https://static.www.nfl.com/image/upload/f_auto,q_auto/league/ncq2nx5rlstdnbaokw76",2025,3,REG,JAX,HOU,0,0,0,0,0,0,0,0,0,0,0,0,,,0,,0,0,0,0,0,0,,0,0,0,0,0,0,0,0,0,0,,0,,0.0,0.0,0.0,0,0,0,0,0,0,0,0.0,0.0,1,0,0,0,0,0,0,0,0,0,0,0,0,0,0,0,0,0,0,0,0,0,0,,,0,0,0,0,0,0,0,0,0,0,0,0,,,,0,0,0,0,0,0,0,,0,0,0,0,0,0.0,0.0
00-0036264,J.Love,Jordan Love,QB,QB,"https://static.www.nfl.com/image/upload/f_auto,q_auto/league/uneiwen9drvci9ahuebp",2025,3,REG,GB,CLE,18,25,183,1,1,5,-34,0,0,48,137,8,-0.9422872209794448,-2.6773711442947388,0,3.8125,4,18,0,0,0,1,1.4942455049604177,0,0,0,0,0,0,0,0,0,0,,0,,0.0,0.0,0.0,0,0,0,0,0,0,0,0.0,0.0,0,0,0,0,0,0,0,0,0,0,0,0,0,0,0,0,0,0,0,0,0,0,0,,,0,0,0,0,0,0,0,0,0,0,0,0,,,,0,0,0,0,0,0,0,,0,0,0,0,0,11.120000000000001,11.120000000000001
00-0036266,J.Elliott,Jordan Elliott,DT,DL,"https://static.www.nfl.com/image/upload/f_auto,q_auto/league/vkl6igrusm0srrkge1d9",2025,3,REG,SF,ARI,0,0,0,0,0,0,0,0,0,0,0,0,,,0,,0,0,0,0,0,0,,0,0,0,0,0,0,0,0,0,0,,0,,0.0,0.0,0.0,0,1,0,2,1,1,0,0.0,0.0,0,0,0,0,0,0,0,0,0,0,0,0,0,0,0,0,0,0,0,0,0,0,0,,,0,0,0,0,0,0,0,0,0,0,0,0,,,,0,0,0,0,0,0,0,,0,0,0,0,0,0.0,0.0
00-0036274,J.Okudah,Jeff Okudah,CB,DB,"https://static.www.nfl.com/image/upload/f_auto,q_auto/league/spqqvbna344r34sgvpdk",2025,3,REG,MIN,CIN,0,0,0,0,0,0,0,0,0,0,0,0,,,0,,0,0,0,0,0,0,,0,0,0,0,0,0,0,0,0,0,,0,,0.0,0.0,0.0,0,3,0,0,0,0,0,0.0,0.0,0,0,0,0,0,0,0,0,0,0,1,1,0,1,15,0,0,0,0,0,0,0,0,,,0,0,0,0,0,0,0,0,0,0,0,0,,,,0,0,0,0,0,0,0,,0,0,0,0,0,0.0,0.0
00-0036275,D.Swift,D'Andre Swift,RB,RB,"https://static.www.nfl.com/image/upload/f_auto,q_auto/league/owpmwzoilitcodc6cmxo",2025,3,REG,CHI,DAL,0,0,0,0,0,0,0,0,0,0,0,0,,,0,,13,33,0,0,0,4,-0.14133270049933344,0,3,4,45,0,0,0,-9,62,1,1.492619038792327,0,-5.0,0.14285714285714285,-0.036,0.18908571428571427,0,0,0,0,0,0,0,0.0,0.0,0,0,0,0,0,0,0,0,0,0,0,0,0,0,0,0,0,0,0,0,0,0,0,,,0,0,0,0,0,0,0,0,0,0,0,0,,,,0,0,0,0,0,0,0,,0,0,0,0,0,7.800000000000001,10.8
00-0036282,G.Delpit,Grant Delpit,SAF,DB,"https://static.www.nfl.com/image/upload/f_auto,q_auto/league/vfp5ffmtbfgobosxlxjj",2025,3,REG,CLE,GB,0,0,0,0,0,0,0,0,0,0,0,0,,,0,,0,0,0,0,0,0,,0,0,0,0,0,0,0,0,0,0,,0,,0.0,0.0,0.0,0,6,0,3,1,3,0,0.0,0.0,0,1,25,1,0,0,0,0,0,0,0,0,0,0,0,0,0,0,0,0,0,0,0,,,0,0,0,0,0,0,0,0,0,0,0,0,,,,0,0,0,0,0,0,0,,0,0,0,0,0,0.0,0.0
00-0036284,M.Becton,Mekhi Becton,G,OL,"https://static.www.nfl.com/image/upload/f_auto,q_auto/league/y8g95wptr3ozqhtj6urd",2025,3,REG,LAC,DEN,0,0,0,0,0,0,0,0,0,0,0,0,,,0,,0,0,0,0,0,0,,0,0,0,0,0,0,0,0,0,0,,0,,0.0,0.0,0.0,0,0,0,0,0,0,0,0.0,0.0,0,0,0,0,0,0,0,0,0,0,0,0,0,1,10,0,0,0,0,0,0,0,0,,,0,0,0,0,0,0,0,0,0,0,0,0,,,,0,0,0,0,0,0,0,,0,0,0,0,0,0.0,0.0
00-0036286,K.Chaisson,K'Lavon Chaisson,LB,LB,"https://static.www.nfl.com/image/upload/f_auto,q_auto/league/gc9qqj4piwlwse4spobk",2025,3,REG,NE,PIT,0,0,0,0,0,0,0,0,0,0,0,0,,,0,,0,0,0,0,0,0,,0,0,0,0,0,0,0,0,0,0,,0,,0.0,0.0,0.0,0,2,0,1,1,2,0,0.0,0.0,2,0,0,0,0,0,0,0,0,0,0,0,0,2,10,0,0,0,0,0,0,0,0,,,0,0,0,0,0,0,0,0,0,0,0,0,,,,0,0,0,0,0,0,0,,0,0,0,0,0,0.0,0.0
00-0036287,N.Igbinoghene,Noah Igbinoghene,CB,DB,"https://static.www.nfl.com/image/upload/f_auto,q_auto/league/hyu05mp0m5bstdoi0wdx",2025,3,REG,WAS,LV,0,0,0,0,0,0,0,0,0,0,0,0,,,0,,0,0,0,0,0,0,,0,0,0,0,0,0,0,0,0,0,,0,,0.0,0.0,0.0,0,2,0,1,0,0,0,0.0,0.0,0,0,0,1,0,0,0,0,0,0,0,0,0,1,10,0,0,0,0,0,0,0,0,,,0,0,0,0,0,0,0,0,0,0,0,0,,,,0,0,0,0,0,0,0,,0,0,0,0,0,0.0,0.0
00-0036290,C.Kmet,Cole Kmet,TE,TE,"https://static.www.nfl.com/image/upload/f_auto,q_auto/league/ysnui8mzlu2fo70ub0yt",2025,3,REG,CHI,DAL,0,0,0,0,0,0,0,0,0,0,0,0,,,0,,0,0,0,0,0,0,,0,1,1,10,1,0,0,10,0,1,3.326576870807912,0,1.0,0.03571428571428571,0.04,0.08157142857142857,0,0,0,1,0,0,0,0.0,0.0,0,0,0,0,0,0,0,0,0,0,0,0,0,0,0,0,0,0,0,0,0,0,0,,,0,0,0,0,0,0,0,0,0,0,0,0,,,,0,0,0,0,0,0,0,,0,0,0,0,0,7.0,8.0
00-0036293,J.Chinn,Jeremy Chinn,SAF,DB,"https://static.www.nfl.com/image/upload/f_auto,q_auto/league/qdvollzto5i4xs6q9gov",2025,3,REG,LV,WAS,0,0,0,0,0,0,0,0,0,0,0,0,,,0,,0,0,0,0,0,0,,0,0,0,0,0,0,0,0,0,0,,0,,0.0,0.0,0.0,0,4,0,1,0,0,0,0.0,0.0,0,0,0,0,0,0,0,0,0,0,0,0,0,0,0,0,0,0,0,0,0,0,0,,,0,0,0,0,0,0,0,0,0,0,0,0,,,,0,0,0,0,0,0,0,,0,0,0,0,0,0.0,0.0
00-0036294,L.Wilson,Logan Wilson,LB,LB,"https://static.www.nfl.com/image/upload/f_auto,q_auto/league/skqpe0wm0iks4zydpzdp",2025,3,REG,CIN,MIN,0,0,0,0,0,0,0,0,0,0,0,0,,,0,,0,0,0,0,0,0,,0,0,0,0,0,0,0,0,0,0,,0,,0.0,0.0,0.0,0,2,0,3,0,0,0,0.0,0.0,0,0,0,0,0,0,0,0,0,0,0,0,0,0,0,0,0,0,0,0,0,0,0,,,0,0,0,0,0,0,0,0,0,0,0,0,,,,0,0,0,0,0,0,0,,0,0,0,0,0,0.0,0.0
00-0036298,A.Davis-Gaither,Akeem Davis-Gaither,LB,LB,"https://static.www.nfl.com/image/upload/f_auto,q_auto/league/bh8mbyhyngomfqg3hf2a",2025,3,REG,ARI,SF,0,0,0,0,0,0,0,0,0,0,0,0,,,0,,0,0,0,0,0,0,,0,0,0,0,0,0,0,0,0,0,,0,,0.0,0.0,0.0,0,5,0,3,0,0,0,0.0,0.0,0,0,0,0,0,0,0,0,0,0,0,0,0,0,0,0,0,0,0,0,0,0,0,,,0,0,0,0,0,0,0,0,0,0,0,0,,,,0,0,0,0,0,0,0,,0,0,0,0,0,0.0,0.0
00-0036302,J.Hawkins,Jaylinn Hawkins,SAF,DB,"https://static.www.nfl.com/image/upload/f_auto,q_auto/league/x6aoovce6sz0dxstlb4u",2025,3,REG,NE,PIT,0,0,0,0,0,0,0,0,0,0,0,0,,,0,,0,0,0,0,0,0,,0,0,0,0,0,0,0,0,0,0,,0,,0.0,0.0,0.0,0,2,0,1,0,0,0,0.0,0.0,0,0,0,0,0,0,0,0,0,0,0,0,0,0,0,0,0,0,0,0,0,0,0,,,0,0,0,0,0,0,0,0,0,0,0,0,,,,0,0,0,0,0,0,0,,0,0,0,0,0,0.0,0.0
00-0036306,D.Thomas,Daniel Thomas,SAF,DB,"https://static.www.nfl.com/image/upload/f_auto,q_auto/league/qbw8gam5wiinqegq213p",2025,3,REG,DET,BAL,0,0,0,0,0,0,0,0,0,0,0,0,,,0,,0,0,0,0,0,0,,0,0,0,0,0,0,0,0,0,0,,0,,0.0,0.0,0.0,0,0,0,1,0,0,0,0.0,0.0,0,0,0,0,0,0,0,0,0,0,0,0,0,0,0,0,0,0,0,0,0,0,0,,,0,0,0,0,0,0,0,0,0,0,0,0,,,,0,0,0,0,0,0,0,,0,0,0,0,0,0.0,0.0
00-0036309,D.Mooney,Darnell Mooney,WR,WR,"https://static.www.nfl.com/image/upload/f_auto,q_auto/league/eaejonwaflt9drrs9ika",2025,3,REG,ATL,CAR,0,0,0,0,0,0,0,0,0,0,0,0,,,0,,0,0,0,0,0,0,,0,4,11,44,0,0,0,125,9,3,-5.930387571187582,0,0.352,0.2682926829268293,0.4084967320261438,0.6883867368085446,0,0,0,0,0,0,0,0.0,0.0,0,0,0,0,0,0,0,0,0,0,0,0,0,0,0,0,0,0,0,0,0,0,0,,,0,0,0,0,0,0,0,0,0,0,0,0,,,,0,0,0,0,0,0,0,,0,0,0,0,0,4.4,8.4
00-0036313,B.Mann,Braden Mann,P,SPEC,"https://static.www.nfl.com/image/upload/f_auto,q_auto/league/eizeojehmxkvvfahj1tk",2025,3,REG,PHI,LA,0,0,0,0,0,0,0,0,0,0,0,0,,,0,,0,0,0,0,0,0,,0,0,0,0,0,0,0,0,0,0,,0,,0.0,0.0,0.0,0,0,0,0,0,0,0,0.0,0.0,0,0,0,0,0,0,0,0,0,0,0,0,0,0,0,0,0,0,0,0,0,0,0,,,0,0,0,0,0,0,0,0,0,0,0,0,,,,0,0,0,0,0,0,0,,0,0,0,0,0,0.0,0.0
00-0036322,J.Jefferson,Justin Jefferson,WR,WR,"https://static.www.nfl.com/image/upload/f_auto,q_auto/league/f0ccavu3ppzcs51e1cuv",2025,3,REG,MIN,CIN,0,0,0,0,0,0,0,0,0,0,0,0,,,0,,0,0,0,0,0,0,,0,5,7,75,0,0,0,49,44,2,4.762454372679721,0,1.530612244897959,0.2916666666666667,0.26063829787234044,0.6199468085106383,0,0,0,0,0,0,0,0.0,0.0,0,0,0,0,0,0,0,0,0,0,0,0,0,0,0,0,0,0,0,0,0,0,0,,,0,0,0,0,0,0,0,0,0,0,0,0,,,,0,0,0,0,0,0,0,,0,0,0,0,0,7.5,12.5
00-0036323,P.Queen,Patrick Queen,LB,LB,"https://static.www.nfl.com/image/upload/f_auto,q_auto/league/doxpcjbw3vigxuj4xdqu",2025,3,REG,PIT,NE,0,0,0,0,0,0,0,0,0,0,0,0,,,0,,0,0,0,0,0,0,,0,0,0,0,0,0,0,0,0,0,,0,,0.0,0.0,0.0,0,6,0,4,1,2,0,0.0,0.0,0,0,0,2,0,0,0,0,0,0,0,0,0,0,0,0,0,0,0,0,0,0,0,,,0,0,0,0,0,0,0,0,0,0,0,0,,,,0,0,0,0,0,0,0,,0,0,0,0,0,0.0,0.0
00-0036328,A.Gibson,Antonio Gibson,RB,RB,"https://static.www.nfl.com/image/upload/f_auto,q_auto/league/j7ixpkm7u4tdoqwzmbt4",2025,3,REG,NE,PIT,0,0,0,0,0,0,0,0,0,0,0,0,,,0,,7,28,0,1,1,2,-5.109182552841958,0,0,0,0,0,0,0,0,0,0,,0,,0.0,0.0,0.0,0,0,0,0,0,0,0,0.0,0.0,0,0,0,0,0,0,0,0,0,0,0,0,0,0,0,0,0,1,26,0,0,0,0,,,0,0,0,0,0,0,0,0,0,0,0,0,,,,0,0,0,0,0,0,0,,0,0,0,0,0,0.8000000000000003,0.8000000000000003
00-0036329,A.Davis,Ashtyn Davis,SAF,DB,"https://static.www.nfl.com/image/upload/f_auto,q_auto/league/f1yyvajikoqdnqunml6i",2025,3,REG,MIA,BUF,0,0,0,0,0,0,0,0,0,0,0,0,,,0,,0,0,0,0,0,0,,0,0,0,0,0,0,0,0,0,0,,0,,0.0,0.0,0.0,0,3,0,1,0,0,0,0.0,0.0,0,0,0,1,0,0,0,0,0,0,0,0,0,0,0,0,0,0,0,0,0,0,0,,,0,0,0,0,0,0,0,0,0,0,0,0,,,,0,0,0,0,0,0,0,,0,0,0,0,0,0.0,0.0
00-0036331,D.Duvernay,Devin Duvernay,WR,WR,"https://static.www.nfl.com/image/upload/f_auto,q_auto/league/rhqvgqqfokrv6omkw0lg",2025,3,REG,CHI,DAL,0,0,0,0,0,0,0,0,0,0,0,0,,,0,,0,0,0,0,0,0,,0,0,0,0,0,0,0,0,0,0,,0,,0.0,0.0,0.0,0,0,0,0,0,0,0,0.0,0.0,0,0,0,0,0,0,0,0,0,0,0,0,0,0,0,2,31,1,26,0,0,0,0,,,0,0,0,0,0,0,0,0,0,0,0,0,,,,0,0,0,0,0,0,0,,0,0,0,0,0,0.0,0.0
00-0036335,D.Wonnum,D.J. Wonnum,LB,LB,"https://static.www.nfl.com/image/upload/f_auto,q_auto/league/i4vqp3hdkbfiakcdmnmo",2025,3,REG,CAR,ATL,0,0,0,0,0,0,0,0,0,0,0,0,,,0,,0,0,0,0,0,0,,0,0,0,0,0,0,0,0,0,0,,0,,0.0,0.0,0.0,0,1,0,1,0,0,0,0.0,0.0,0,0,0,0,0,0,0,0,0,0,0,0,0,0,0,0,0,0,0,0,0,0,0,,,0,0,0,0,0,0,0,0,0,0,0,0,,,,0,0,0,0,0,0,0,,0,0,0,0,0,0.0,0.0
00-0036337,J.Lynch,James Lynch,DT,DL,"https://static.www.nfl.com/image/upload/f_auto,q_auto/league/d4funuhosghah7ved424",2025,3,REG,TEN,IND,0,0,0,0,0,0,0,0,0,0,0,0,,,0,,0,0,0,0,0,0,,0,0,0,0,0,0,0,0,0,0,,0,,0.0,0.0,0.0,0,1,1,0,0,0,0,0.0,0.0,0,0,0,0,0,0,0,0,0,0,0,0,0,0,0,0,0,0,0,0,0,0,0,,,0,0,0,0,0,0,0,0,0,0,0,0,,,,0,0,0,0,0,0,0,,0,0,0,0,0,0.0,0.0
00-0036338,T.Dye,Troy Dye,LB,LB,"https://static.www.nfl.com/image/upload/f_auto,q_auto/league/szcqhlzfkobuu2vh8s7v",2025,3,REG,LAC,DEN,0,0,0,0,0,0,0,0,0,0,0,0,,,0,,0,0,0,0,0,0,,0,0,0,0,0,0,0,0,0,0,,0,,0.0,0.0,0.0,0,2,0,1,0,0,0,1.0,0.0,0,0,0,0,0,0,0,0,0,0,0,0,0,0,0,0,0,0,0,0,0,0,0,,,0,0,0,0,0,0,0,0,0,0,0,0,,,,0,0,0,0,0,0,0,,0,0,0,0,0,0.0,0.0
00-0036347,B.Brandel,Blake Brandel,C,OL,"https://static.www.nfl.com/image/upload/f_auto,q_auto/league/njhqqbqvkymgl8fenuwr",2025,3,REG,MIN,CIN,0,0,0,0,0,0,0,0,0,0,0,0,,,0,,0,0,0,0,0,0,,0,0,0,0,0,0,0,0,0,0,,0,,0.0,0.0,0.0,0,0,0,0,0,0,0,0.0,0.0,0,0,0,0,0,0,0,0,1,1,0,0,0,1,5,0,0,0,0,0,0,0,0,,,0,0,0,0,0,0,0,0,0,0,0,0,,,,0,0,0,0,0,0,0,,0,0,0,0,0,0.0,0.0
00-0036348,J.Metellus,Josh Metellus,SAF,DB,"https://static.www.nfl.com/image/upload/f_auto,q_auto/league/gmb2ahv4eq0jphammw2h",2025,3,REG,MIN,CIN,0,0,0,0,0,0,0,0,0,0,0,0,,,0,,0,0,0,0,0,0,,0,0,0,0,0,0,0,0,0,0,,0,,0.0,0.0,0.0,0,3,1,1,0,0,0,0.0,0.0,0,1,0,1,0,0,0,0,0,0,0,0,0,0,0,0,0,0,0,0,0,0,0,,,0,0,0,0,0,0,0,0,0,0,0,0,,,,0,0,0,0,0,0,0,,0,0,0,0,0,0.0,0.0
00-0036349,K.Curl,Kam Curl,SAF,DB,"https://static.www.nfl.com/image/upload/f_auto,q_auto/league/tm9ahrg1kvnyyghpj5sy",2025,3,REG,LA,PHI,0,0,0,0,0,0,0,0,0,0,0,0,,,0,,0,0,0,0,0,0,,0,0,0,0,0,0,0,0,0,0,,0,,0.0,0.0,0.0,0,5,1,3,0,0,0,0.0,0.0,0,0,0,0,0,0,0,0,0,0,0,0,0,0,0,0,0,0,0,0,0,0,0,,,0,0,0,0,0,0,0,0,0,0,0,0,,,,0,0,0,0,0,0,0,,0,0,0,0,0,0.0,0.0
00-0036355,J.Herbert,Justin Herbert,QB,QB,"https://static.www.nfl.com/image/upload/f_auto,q_auto/league/s1oelyaroiaalgilbeqk",2025,3,REG,LAC,DEN,28,47,300,1,1,5,-30,0,0,429,135,17,-2.3949824955743924,-4.159013960096571,0,0.6993006993006993,2,6,0,0,0,1,0.6098652885485509,0,0,0,0,0,0,0,0,0,0,,0,,0.0,0.0,0.0,0,0,0,0,0,0,0,0.0,0.0,0,0,0,0,0,0,0,0,0,0,0,0,0,0,0,0,0,0,0,0,0,0,0,,,0,0,0,0,0,0,0,0,0,0,0,0,,,,0,0,0,0,0,0,0,,0,0,0,0,0,14.6,14.6
00-0036361,T.Diggs,Trevon Diggs,CB,DB,"https://static.www.nfl.com/image/upload/f_auto,q_auto/league/ktdcor3rnkwpgehtwldn",2025,3,REG,DAL,CHI,0,0,0,0,0,0,0,0,0,0,0,0,,,0,,0,0,0,0,0,0,,0,0,0,0,0,0,0,0,0,0,,0,,0.0,0.0,0.0,0,2,0,0,0,0,0,0.0,0.0,0,0,0,0,0,0,0,0,0,0,0,0,0,0,0,0,0,0,0,0,0,0,0,,,0,0,0,0,0,0,0,0,0,0,0,0,,,,0,0,0,0,0,0,0,,0,0,0,0,0,0.0,0.0
00-0036366,N.Gallimore,Neville Gallimore,DT,DL,"https://static.www.nfl.com/image/upload/f_auto,q_auto/league/qwrxmtnfxfkhenqgsnjp",2025,3,REG,IND,TEN,0,0,0,0,0,0,0,0,0,0,0,0,,,0,,0,0,0,0,0,0,,0,0,0,0,0,0,0,0,0,0,,0,,0.0,0.0,0.0,0,1,0,0,1,9,0,1.0,9.0,2,0,0,0,0,0,0,0,0,0,0,0,0,0,0,0,0,0,0,0,0,0,0,,,0,0,0,0,0,0,0,0,0,0,0,0,,,,0,0,0,0,0,0,0,,0,0,0,0,0,0.0,0.0
00-0036374,L.Sneed,L'Jarius Sneed,CB,DB,"https://static.www.nfl.com/image/upload/f_auto,q_auto/league/ft4szbihb9vyadwkiszf",2025,3,REG,TEN,IND,0,0,0,0,0,0,0,0,0,0,0,0,,,0,,0,0,0,0,0,0,,0,0,0,0,0,0,0,0,0,0,,0,,0.0,0.0,0.0,0,0,0,1,0,0,0,0.0,0.0,0,0,0,0,0,0,0,0,0,0,0,0,0,2,6,0,0,0,0,0,0,0,0,,,0,0,0,0,0,0,0,0,0,0,0,0,,,,0,0,0,0,0,0,0,,0,0,0,0,0,0.0,0.0
00-0036375,A.Robertson,Amik Robertson,CB,DB,"https://static.www.nfl.com/image/upload/f_auto,q_auto/league/htqmihuu8sds0x3qre8g",2025,3,REG,DET,BAL,0,0,0,0,0,0,0,0,0,0,0,0,,,0,,0,0,0,0,0,0,,0,0,0,0,0,0,0,0,0,0,,0,,0.0,0.0,0.0,0,2,0,0,0,0,0,0.0,0.0,0,0,0,0,0,0,0,0,0,0,0,0,0,0,0,0,0,0,0,0,0,0,0,,,0,0,0,0,0,0,0,0,0,0,0,0,,,,0,0,0,0,0,0,0,,0,0,0,0,0,0.0,0.0
00-0036380,A.Gilman,Alohi Gilman,SAF,DB,"https://static.www.nfl.com/image/upload/f_auto,q_auto/league/tdqmysxg2xt6jmsz4cty",2025,3,REG,LAC,DEN,0,0,0,0,0,0,0,0,0,0,0,0,,,0,,0,0,0,0,0,0,,0,0,0,0,0,0,0,0,0,0,,0,,0.0,0.0,0.0,0,2,0,0,0,0,0,0.0,0.0,0,0,0,0,0,0,0,0,0,0,0,0,0,1,5,0,0,0,0,0,0,0,0,,,0,0,0,0,0,0,0,0,0,0,0,0,,,,0,0,0,0,0,0,0,,0,0,0,0,0,0.0,0.0
00-0036388,X.McKinney,Xavier McKinney,SAF,DB,"https://static.www.nfl.com/image/upload/f_auto,q_auto/league/vvjc67dqz3mjghgkdr8v",2025,3,REG,GB,CLE,0,0,0,0,0,0,0,0,0,0,0,0,,,0,,0,0,0,0,0,0,,0,0,0,0,0,0,0,0,0,0,,0,,0.0,0.0,0.0,0,2,0,4,0,0,0,0.0,0.0,0,1,0,1,0,0,0,0,0,0,0,0,0,0,0,0,0,0,0,0,0,0,0,,,0,0,0,0,0,0,0,0,0,0,0,0,,,,0,0,0,0,0,0,0,,0,0,0,0,0,0.0,0.0
00-0036389,J.Hurts,Jalen Hurts,QB,QB,"https://static.www.nfl.com/image/upload/f_auto,q_auto/league/c47i9v6gmokkun9cat9s",2025,3,REG,PHI,LA,21,32,226,3,0,4,-24,1,1,274,63,9,-0.21159855952998619,5.956184168656667,0,0.8248175182481752,9,40,1,0,0,5,5.9633792688837275,0,0,0,0,0,0,0,0,0,0,,0,,0.0,0.0,0.0,0,0,0,0,0,0,0,0.0,0.0,0,0,0,0,0,0,0,0,0,0,0,0,0,0,0,0,0,0,0,0,0,0,0,,,0,0,0,0,0,0,0,0,0,0,0,0,,,,0,0,0,0,0,0,0,,0,0,0,0,0,29.04,29.04
00-0036394,D.Holmes,Darnay Holmes,CB,DB,"https://static.www.nfl.com/image/upload/f_auto,q_auto/league/pubbkwys2ishkc7i2ljb",2025,3,REG,LV,WAS,0,0,0,0,0,0,0,0,0,0,0,0,,,0,,0,0,0,0,0,0,,0,0,0,0,0,0,0,0,0,0,,0,,0.0,0.0,0.0,0,1,0,2,0,0,0,0.0,0.0,0,0,0,0,0,0,0,0,0,0,0,0,0,0,0,0,0,0,0,0,0,0,0,,,0,0,0,0,0,0,0,0,0,0,0,0,,,,0,0,0,0,0,0,0,,0,0,0,0,0,0.0,0.0
00-0036407,J.Jeudy,Jerry Jeudy,WR,WR,"https://static.www.nfl.com/image/upload/f_auto,q_auto/league/szca1v9butuqkjs7ekpm",2025,3,REG,CLE,GB,0,0,0,0,0,0,0,0,0,0,0,0,,,0,,0,0,0,0,0,0,,0,1,5,17,0,0,0,90,0,1,-0.23316486505791545,0,0.18888888888888888,0.15151515151515152,0.3543307086614173,0.4753042233357194,0,0,0,0,0,0,0,0.0,0.0,0,0,0,0,0,0,0,0,0,0,0,0,0,0,0,0,0,0,0,0,0,0,0,,,0,0,0,0,0,0,0,0,0,0,0,0,,,,0,0,0,0,0,0,0,,0,0,0,0,0,1.7000000000000002,2.7
00-0036409,J.Brooks,Jordyn Brooks,LB,LB,"https://static.www.nfl.com/image/upload/f_auto,q_auto/league/fqpdggqc3fngvkta63zy",2025,3,REG,MIA,BUF,0,0,0,0,0,0,0,0,0,0,0,0,,,0,,0,0,0,0,0,0,,0,0,0,0,0,0,0,0,0,0,,0,,0.0,0.0,0.0,0,4,0,0,0,0,0,0.0,0.0,0,0,0,0,0,0,0,0,0,0,0,0,0,1,2,0,0,0,0,0,0,0,0,,,0,0,0,0,0,0,0,0,0,0,0,0,,,,0,0,0,0,0,0,0,,0,0,0,0,0,0.0,0.0
00-0036410,T.Higgins,Tee Higgins,WR,WR,"https://static.www.nfl.com/image/upload/f_auto,q_auto/league/flr9f8oqigbyroeaubxb",2025,3,REG,CIN,MIN,0,0,0,0,0,0,0,0,0,0,0,0,,,0,,0,0,0,0,0,0,,0,1,2,15,0,0,0,39,3,1,1.8830977743342598,0,0.38461538461538464,0.07692307692307693,0.3023255813953488,0.3270125223613596,0,0,0,0,0,0,0,0.0,0.0,0,0,0,0,0,0,0,0,0,0,0,0,0,0,0,0,0,0,0,0,0,0,0,,,0,0,0,0,0,0,0,0,0,0,0,0,,,,0,0,0,0,0,0,0,,0,0,0,0,0,1.5,2.5
00-0036411,A.Winfield,Antoine Winfield Jr.,SAF,DB,"https://static.www.nfl.com/image/upload/f_auto,q_auto/league/wn2vlv6eyc9str0ak0fx",2025,3,REG,TB,NYJ,0,0,0,0,0,0,0,0,0,0,0,0,,,0,,0,0,0,0,0,0,,0,0,0,0,0,0,0,0,0,0,,0,,0.0,0.0,0.0,0,2,0,1,2,13,1,1.0,8.0,2,0,0,0,0,0,0,0,0,0,0,0,0,0,0,0,0,0,0,0,0,0,0,,,0,0,0,0,0,0,0,0,0,0,0,0,,,,0,0,0,0,0,0,0,,0,0,0,0,0,0.0,0.0
00-0036414,C.Akers,Cam Akers,RB,RB,"https://static.www.nfl.com/image/upload/f_auto,q_auto/league/dutj0wamu7giwghnmr4m",2025,3,REG,MIN,CIN,0,0,0,0,0,0,0,0,0,0,0,0,,,0,,5,19,0,0,0,1,-0.9147008640575223,0,0,1,0,0,0,0,-6,0,0,-1.4301598633173853,0,-0.0,0.041666666666666664,-0.031914893617021274,0.04015957446808511,0,0,0,0,0,0,0,0.0,0.0,0,0,0,0,0,0,0,0,0,0,0,0,0,0,0,0,0,0,0,0,0,0,0,,,0,0,0,0,0,0,0,0,0,0,0,0,,,,0,0,0,0,0,0,0,,0,0,0,0,0,1.9000000000000001,1.9000000000000001
00-0036415,V.Jefferson,Van Jefferson,WR,WR,"https://static.www.nfl.com/image/upload/f_auto,q_auto/league/aavlanyckqnsej61ulir",2025,3,REG,TEN,IND,0,0,0,0,0,0,0,0,0,0,0,0,,,0,,0,0,0,0,0,0,,0,1,1,8,0,0,0,1,7,0,0.20753423939459026,0,8.0,0.029411764705882353,0.005405405405405406,0.04790143084260731,0,0,0,0,0,0,0,0.0,0.0,0,0,0,0,0,0,0,0,0,0,0,0,0,1,5,0,0,0,0,0,0,0,0,,,0,0,0,0,0,0,0,0,0,0,0,0,,,,0,0,0,0,0,0,0,,0,0,0,0,0,0.8,1.8
00-0036417,D.Lewis,Damien Lewis,G,OL,"https://static.www.nfl.com/image/upload/f_auto,q_auto/league/aerw6b5qa0plz8ejg68g",2025,3,REG,CAR,ATL,0,0,0,0,0,0,0,0,0,0,0,0,,,0,,0,0,0,0,0,0,,0,0,0,0,0,0,0,0,0,0,,0,,0.0,0.0,0.0,0,0,0,0,0,0,0,0.0,0.0,0,0,0,0,0,0,0,0,0,0,0,0,0,2,20,0,0,0,0,0,0,0,0,,,0,0,0,0,0,0,0,0,0,0,0,0,,,,0,0,0,0,0,0,0,,0,0,0,0,0,0.0,0.0
00-0036418,Z.Baun,Zack Baun,LB,LB,"https://static.www.nfl.com/image/upload/f_auto,q_auto/league/lxfptgyjuuwmvxrwr3m4",2025,3,REG,PHI,LA,0,0,0,0,0,0,0,0,0,0,0,0,,,0,,0,0,0,0,0,0,,0,0,0,0,0,0,0,0,0,0,,0,,0.0,0.0,0.0,0,3,0,4,0,0,0,0.0,0.0,0,1,0,2,0,0,0,0,0,0,0,0,0,0,0,0,0,0,0,0,0,0,0,,,0,0,0,0,0,0,0,0,0,0,0,0,,,,0,0,0,0,0,0,0,,0,0,0,0,0,0.0,0.0
00-0036421,T.Burgess,Terrell Burgess,SAF,DB,"https://static.www.nfl.com/image/upload/f_auto,q_auto/league/noqfcnfnqtsfgkbg4jum",2025,3,REG,NO,SEA,0,0,0,0,0,0,0,0,0,0,0,0,,,0,,0,0,0,0,0,0,,0,0,0,0,0,0,0,0,0,0,,0,,0.0,0.0,0.0,0,1,0,1,0,0,0,0.0,0.0,0,0,0,0,0,0,0,0,0,0,0,0,0,0,0,0,0,0,0,0,0,0,0,,,0,0,0,0,0,0,0,0,0,0,0,0,,,,0,0,0,0,0,0,0,,0,0,0,0,0,0.0,0.0
00-0036422,A.Trautman,Adam Trautman,TE,TE,"https://static.www.nfl.com/image/upload/f_auto,q_auto/league/ck9dspk0ykijetdshyn4",2025,3,REG,DEN,LAC,0,0,0,0,0,0,0,0,0,0,0,0,,,0,,0,0,0,0,0,0,,0,0,0,0,0,0,0,0,0,0,,0,,0.0,0.0,0.0,0,0,0,0,0,0,0,0.0,0.0,0,0,0,0,0,0,0,0,0,0,0,0,0,2,15,0,0,0,0,0,0,0,0,,,0,0,0,0,0,0,0,0,0,0,0,0,,,,0,0,0,0,0,0,0,,0,0,0,0,0,0.0,0.0
00-0036427,T.Johnson,Tyler Johnson,WR,WR,"https://static.www.nfl.com/image/upload/f_auto,q_auto/league/s6fg2hapxwa9efbrygxf",2025,3,REG,NYJ,TB,0,0,0,0,0,0,0,0,0,0,0,0,,,0,,0,0,0,0,0,0,,0,2,3,32,0,0,0,36,18,2,1.2842764736851677,0,0.8888888888888888,0.08571428571428572,0.2236024844720497,0.2850931677018633,0,0,0,0,0,0,0,0.0,0.0,0,0,0,0,0,0,0,0,0,0,0,0,0,0,0,0,0,0,0,0,0,0,0,,,0,0,0,0,0,0,0,0,0,0,0,0,,,,0,0,0,0,0,0,0,,0,0,0,0,0,3.2,5.2
00-0036428,J.Strnad,Justin Strnad,LB,LB,"https://static.www.nfl.com/image/upload/f_auto,q_auto/league/qeikhakzijz2ipub82bt",2025,3,REG,DEN,LAC,0,0,0,0,0,0,0,0,0,0,0,0,,,0,,0,0,0,0,0,0,,0,0,0,0,0,0,0,0,0,0,,0,,0.0,0.0,0.0,0,0,0,5,0,0,0,0.0,0.0,0,0,0,1,0,0,0,0,0,0,0,0,0,0,0,0,0,0,0,0,0,0,0,,,0,0,0,0,0,0,0,0,0,0,0,0,,,,0,0,0,0,0,0,0,,0,0,0,0,0,0.0,0.0
00-0036429,C.Woerner,Charlie Woerner,TE,TE,"https://static.www.nfl.com/image/upload/f_auto,q_auto/league/tflwxcx2ohrc6e8j0n5a",2025,3,REG,ATL,CAR,0,0,0,0,0,0,0,0,0,0,0,0,,,0,,0,0,0,0,0,0,,0,1,1,-5,0,0,0,-5,0,0,-1.7551017821533605,0,0.0,0.024390243902439025,-0.016339869281045753,0.025147457356926514,0,0,0,0,0,0,0,0.0,0.0,0,0,0,0,0,0,0,0,0,0,0,0,0,0,0,0,0,0,0,0,0,0,0,,,0,0,0,0,0,0,0,0,0,0,0,0,,,,0,0,0,0,0,0,0,,0,0,0,0,0,-0.5,0.5
00-0036441,K.Murray,"Kenneth Murray, Jr.",LB,LB,"https://static.www.nfl.com/image/upload/f_auto,q_auto/league/up14o9gpznxgcvc5xtqh",2025,3,REG,DAL,CHI,0,0,0,0,0,0,0,0,0,0,0,0,,,0,,0,0,0,0,0,0,,0,0,0,0,0,0,0,0,0,0,,0,,0.0,0.0,0.0,0,3,0,3,0,0,0,0.0,0.0,0,0,0,0,0,0,0,0,0,0,0,0,0,0,0,0,0,0,0,0,0,0,0,,,0,0,0,0,0,0,0,0,0,0,0,0,,,,0,0,0,0,0,0,0,,0,0,0,0,0,0.0,0.0
00-0036479,K.Paye,Kwity Paye,DE,DL,"https://static.www.nfl.com/image/upload/f_auto,q_auto/league/omibgumkgr8ympte4rmo",2025,3,REG,IND,TEN,0,0,0,0,0,0,0,0,0,0,0,0,,,0,,0,0,0,0,0,0,,0,0,0,0,0,0,0,0,0,0,,0,,0.0,0.0,0.0,0,2,0,0,1,7,0,1.0,7.0,1,0,0,0,0,0,0,0,0,0,0,0,0,0,0,0,0,0,0,0,0,0,0,,,0,0,0,0,0,0,0,0,0,0,0,0,,,,0,0,0,0,0,0,0,,0,0,0,0,0,0.0,0.0
00-0036480,D.Odeyingbo,Dayo Odeyingbo,DE,DL,"https://static.www.nfl.com/image/upload/f_auto,q_auto/league/h0brx6vrdusdxl6fkxgv",2025,3,REG,CHI,DAL,0,0,0,0,0,0,0,0,0,0,0,0,,,0,,0,0,0,0,0,0,,0,0,0,0,0,0,0,0,0,0,,0,,0.0,0.0,0.0,0,1,0,3,0,0,0,0.0,0.0,1,0,0,0,0,0,0,0,0,0,0,0,0,0,0,0,0,0,0,0,0,0,0,,,0,0,0,0,0,0,0,0,0,0,0,0,,,,0,0,0,0,0,0,0,,0,0,0,0,0,0.0,0.0
00-0036483,W.Fries,Will Fries,G,OL,"https://static.www.nfl.com/image/upload/f_auto,q_auto/league/lswimbqlz0wdbsuq1wsh",2025,3,REG,MIN,CIN,0,0,0,0,0,0,0,0,0,0,0,0,,,0,,0,0,0,0,0,0,,0,0,0,0,0,0,0,0,0,0,,0,,0.0,0.0,0.0,0,0,0,0,0,0,0,0.0,0.0,0,0,0,0,0,0,0,0,0,0,0,0,0,1,10,0,0,0,0,0,0,0,0,,,0,0,0,0,0,0,0,0,0,0,0,0,,,,0,0,0,0,0,0,0,,0,0,0,0,0,0.0,0.0
00-0036500,J.Sherwood,Jamien Sherwood,LB,LB,"https://static.www.nfl.com/image/upload/f_auto,q_auto/league/fvyykbueuzcivau5d9qq",2025,3,REG,NYJ,TB,0,0,0,0,0,0,0,0,0,0,0,0,,,0,,0,0,0,0,0,0,,0,0,0,0,0,0,0,0,0,0,,0,,0.0,0.0,0.0,0,4,1,6,0,0,0,0.0,0.0,0,0,0,0,0,0,0,0,0,0,0,0,0,0,0,0,0,0,0,0,0,0,0,,,0,0,0,0,0,0,0,0,0,0,0,0,,,,0,0,0,0,0,0,0,,0,0,0,0,0,0.0,0.0
00-0036501,M.Carter,Michael Carter II,CB,DB,"https://static.www.nfl.com/image/upload/f_auto,q_auto/league/w4cxxdut9kjfowpssmse",2025,3,REG,NYJ,TB,0,0,0,0,0,0,0,0,0,0,0,0,,,0,,0,0,0,0,0,0,,0,0,0,0,0,0,0,0,0,0,,0,,0.0,0.0,0.0,0,3,1,1,0,0,0,0.0,0.0,0,0,0,0,0,0,0,0,0,0,0,0,0,0,0,0,0,0,0,0,0,0,0,,,0,0,0,0,0,0,0,0,0,0,0,0,,,,0,0,0,0,0,0,0,,0,0,0,0,0,0.0,0.0
00-0036502,J.Pinnock,Jason Pinnock,SAF,DB,"https://static.www.nfl.com/image/upload/f_auto,q_auto/league/vfudin1xe9wdv1bv6awj",2025,3,REG,SF,ARI,0,0,0,0,0,0,0,0,0,0,0,0,,,0,,0,0,0,0,0,0,,0,0,0,0,0,0,0,0,0,0,,0,,0.0,0.0,0.0,0,3,0,0,0,0,0,0.0,0.0,0,0,0,0,0,0,0,0,0,0,0,0,0,0,0,0,0,0,0,0,0,0,0,,,0,0,0,0,0,0,0,0,0,0,0,0,,,,0,0,0,0,0,0,0,,0,0,0,0,0,0.0,0.0
00-0036504,B.Echols,Brandin Echols,CB,DB,"https://static.www.nfl.com/image/upload/f_auto,q_auto/league/ckxgtnxueibsimypf1qt",2025,3,REG,PIT,NE,0,0,0,0,0,0,0,0,0,0,0,0,,,0,,0,0,0,0,0,0,,0,0,0,0,0,0,0,0,0,0,,0,,0.0,0.0,0.0,0,4,0,2,1,1,0,0.0,0.0,0,1,0,1,0,0,0,0,0,0,0,0,0,2,26,0,0,0,0,0,0,0,0,,,0,0,0,0,0,0,0,0,0,0,0,0,,,,0,0,0,0,0,0,0,,0,0,0,0,0,0.0,0.0
00-0036550,R.Bateman,Rashod Bateman,WR,WR,"https://static.www.nfl.com/image/upload/f_auto,q_auto/league/gtktmsfcxc1eijwpwzyq",2025,3,REG,BAL,DET,0,0,0,0,0,0,0,0,0,0,0,0,,,0,,0,0,0,0,0,0,,0,5,7,63,1,0,0,95,2,5,6.203143524879124,0,0.6631578947368421,0.25,0.3345070422535211,0.6091549295774648,0,0,0,0,0,0,0,0.0,0.0,0,0,0,0,0,0,0,0,0,0,0,0,0,0,0,0,0,0,0,0,0,0,0,,,0,0,0,0,0,0,0,0,0,0,0,0,,,,0,0,0,0,0,0,0,,0,0,0,0,0,12.3,17.3
00-0036554,N.Collins,Nico Collins,WR,WR,"https://static.www.nfl.com/image/upload/f_auto,q_auto/league/osmqyvmib3pssxi6cyic",2025,3,REG,HOU,JAX,0,0,0,0,0,0,0,0,0,0,0,0,,,0,,0,0,0,0,0,0,,0,8,11,104,1,1,1,139,34,3,3.967344638775103,0,0.7482014388489209,0.3055555555555556,0.4826388888888889,0.7961805555555556,0,0,0,0,0,0,0,0.0,0.0,0,0,0,0,0,0,0,0,0,0,0,0,0,0,0,0,0,0,0,0,0,0,0,,,0,0,0,0,0,0,0,0,0,0,0,0,,,,0,0,0,0,0,0,0,,0,0,0,0,0,14.399999999999999,22.4
00-0036555,C.Hubbard,Chuba Hubbard,RB,RB,"https://static.www.nfl.com/image/upload/f_auto,q_auto/league/pjgml85ghq7oa48dctn7",2025,3,REG,CAR,ATL,0,0,0,0,0,0,0,0,0,0,0,0,,,0,,17,73,0,0,0,3,-1.8132573041366413,0,2,3,3,0,0,0,13,9,0,-1.1687674251152202,0,0.23076923076923078,0.125,0.09774436090225563,0.25592105263157894,0,0,0,0,0,0,0,0.0,0.0,0,0,0,0,0,0,0,0,0,0,0,0,0,0,0,0,0,0,0,0,0,0,0,,,0,0,0,0,0,0,0,0,0,0,0,0,,,,0,0,0,0,0,0,0,,0,0,0,0,0,7.6000000000000005,9.600000000000001
00-0036563,D.Lenoir,Deommodore Lenoir,CB,DB,"https://static.www.nfl.com/image/upload/f_auto,q_auto/league/ypghnprlnzwmxjcrbpk7",2025,3,REG,SF,ARI,0,0,0,0,0,0,0,0,0,0,0,0,,,0,,0,0,0,0,0,0,,0,0,0,0,0,0,0,0,0,0,,0,,0.0,0.0,0.0,0,3,0,0,1,1,0,0.0,0.0,0,0,0,0,0,0,0,0,0,0,0,0,0,0,0,0,0,0,0,0,0,0,0,,,0,0,0,0,0,0,0,0,0,0,0,0,,,,0,0,0,0,0,0,0,,0,0,0,0,0,0.0,0.0
00-0036564,T.Hufanga,Talanoa Hufanga,SAF,DB,"https://static.www.nfl.com/image/upload/f_auto,q_auto/league/gyoo1p5nckluov1mihbe",2025,3,REG,DEN,LAC,0,0,0,0,0,0,0,0,0,0,0,0,,,0,,0,0,0,0,0,0,,0,0,0,0,0,0,0,0,0,0,,0,,0.0,0.0,0.0,0,4,0,2,0,0,0,0.0,0.0,0,0,0,2,0,0,0,0,0,0,0,0,0,3,41,0,0,0,0,0,0,0,0,,,0,0,0,0,0,0,0,0,0,0,0,0,,,,0,0,0,0,0,0,0,,0,0,0,0,0,0.0,0.0
00-0036568,R.Lopez,Roy Lopez,DT,DL,"https://static.www.nfl.com/image/upload/f_auto,q_auto/league/i4a37cibk9pwjjgq4rla",2025,3,REG,DET,BAL,0,0,0,0,0,0,0,0,0,0,0,0,,,0,,0,0,0,0,0,0,,0,0,0,0,0,0,0,0,0,0,,0,,0.0,0.0,0.0,0,0,0,0,0,0,0,0.0,0.0,0,0,0,0,0,0,0,0,0,0,0,0,0,1,6,0,0,0,0,0,0,0,0,,,0,0,0,0,0,0,0,0,0,0,0,0,,,,0,0,0,0,0,0,0,,0,0,0,0,0,0.0,0.0
00-0036589,N.McCloud,Nick McCloud,CB,DB,"https://static.www.nfl.com/image/upload/f_auto,q_auto/league/tktqsmdus8y1alse43j5",2025,3,REG,CHI,DAL,0,0,0,0,0,0,0,0,0,0,0,0,,,0,,0,0,0,0,0,0,,0,0,0,0,0,0,0,0,0,0,,0,,0.0,0.0,0.0,0,5,0,0,0,0,0,0.0,0.0,0,0,0,0,0,0,0,0,0,0,0,0,0,0,0,0,0,0,0,0,0,0,0,,,0,0,0,0,0,0,0,0,0,0,0,0,,,,0,0,0,0,0,0,0,,0,0,0,0,0,0.0,0.0
00-0036604,J.Meredith,Jordan Meredith,G,OL,"https://static.www.nfl.com/image/upload/f_auto,q_auto/league/mcahbqsrb49owl6ipc2y",2025,3,REG,LV,WAS,0,0,0,0,0,0,0,0,0,0,0,0,,,0,,0,0,0,0,0,0,,0,0,0,0,0,0,0,0,0,0,,0,,0.0,0.0,0.0,0,0,0,0,0,0,0,0.0,0.0,0,0,0,0,0,0,0,0,0,0,0,0,0,1,5,0,0,0,0,0,0,0,0,,,0,0,0,0,0,0,0,0,0,0,0,0,,,,0,0,0,0,0,0,0,,0,0,0,0,0,0.0,0.0
00-0036613,J.Waddle,Jaylen Waddle,WR,WR,"https://static.www.nfl.com/image/upload/f_auto,q_auto/league/dsxd2zcqm42wsv4ewtfc",2025,3,REG,MIA,BUF,0,0,0,0,0,0,0,0,0,0,0,0,,,0,,0,0,0,0,0,0,,0,5,6,39,1,0,0,25,18,4,2.5449278694577515,0,1.56,0.18181818181818182,0.12254901960784313,0.3585115864527629,0,1,0,0,0,0,0,0.0,0.0,0,0,0,0,0,0,0,0,0,0,0,0,0,0,0,0,0,0,0,0,0,0,0,,,0,0,0,0,0,0,0,0,0,0,0,0,,,,0,0,0,0,0,0,0,,0,0,0,0,0,9.9,14.9
00-0036616,C.Darrisaw,Christian Darrisaw,OT,OL,"https://static.www.nfl.com/image/upload/f_auto,q_auto/league/i6lajihxkwue0ntawn10",2025,3,REG,MIN,CIN,0,0,0,0,0,0,0,0,0,0,0,0,,,0,,0,0,0,0,0,0,,0,0,0,0,0,0,0,0,0,0,,0,,0.0,0.0,0.0,0,0,0,0,0,0,0,0.0,0.0,0,0,0,0,0,0,0,0,0,0,0,0,0,1,5,0,0,0,0,0,0,0,0,,,0,0,0,0,0,0,0,0,0,0,0,0,,,,0,0,0,0,0,0,0,,0,0,0,0,0,0.0,0.0
00-0036620,D.Eskridge,Dee Eskridge,WR,WR,"https://static.www.nfl.com/image/upload/f_auto,q_auto/league/baasw8ia3qztewmawfnz",2025,3,REG,MIA,BUF,0,0,0,0,0,0,0,0,0,0,0,0,,,0,,0,0,0,0,0,0,,0,0,0,0,0,0,0,0,0,0,,0,,0.0,0.0,0.0,0,0,0,0,0,0,0,0.0,0.0,0,0,0,0,0,0,0,0,0,0,0,0,0,0,0,0,0,3,104,0,0,0,0,,,0,0,0,0,0,0,0,0,0,0,0,0,,,,0,0,0,0,0,0,0,,0,0,0,0,0,0.0,0.0
00-0036621,N.Bolton,Nick Bolton,LB,LB,"https://static.www.nfl.com/image/upload/f_auto,q_auto/league/qwdpcmobp7qgdzqgltlr",2025,3,REG,KC,NYG,0,0,0,0,0,0,0,0,0,0,0,0,,,0,,0,0,0,0,0,0,,0,0,0,0,0,0,0,0,0,0,,0,,0.0,0.0,0.0,0,4,2,8,2,3,0,0.0,0.0,0,0,0,1,0,0,0,0,0,0,0,0,0,0,0,0,0,0,0,0,0,0,0,,,0,0,0,0,0,0,0,0,0,0,0,0,,,,0,0,0,0,0,0,0,,0,0,0,0,0,0.0,0.0
00-0036625,B.St-Juste,Benjamin St-Juste,CB,DB,"https://static.www.nfl.com/image/upload/f_auto,q_auto/league/mad9dx5zee70kec6lpan",2025,3,REG,LAC,DEN,0,0,0,0,0,0,0,0,0,0,0,0,,,0,,0,0,0,0,0,0,,0,0,0,0,0,0,0,0,0,0,,0,,0.0,0.0,0.0,0,1,0,1,0,0,0,0.0,0.0,0,0,0,1,0,0,0,0,0,0,0,0,0,0,0,0,0,0,0,0,0,0,0,,,0,0,0,0,0,0,0,0,0,0,0,0,,,,0,0,0,0,0,0,0,,0,0,0,0,0,0.0,0.0
00-0036626,D.Brown,Dyami Brown,WR,WR,"https://static.www.nfl.com/image/upload/f_auto,q_auto/league/wwl9s886olkkvu67qktp",2025,3,REG,JAX,HOU,0,0,0,0,0,0,0,0,0,0,0,0,,,0,,0,0,0,0,0,0,,0,2,3,7,0,0,0,51,2,1,0.21993677300633863,0,0.13725490196078433,0.07894736842105263,0.1619047619047619,0.23175438596491227,0,0,0,0,0,0,0,0.0,0.0,0,0,0,0,0,0,0,0,0,0,0,0,0,1,5,0,0,0,0,0,0,0,0,,,0,0,0,0,0,0,0,0,0,0,0,0,,,,0,0,0,0,0,0,0,,0,0,0,0,0,0.7000000000000001,2.7
00-0036629,C.Bynum,Camryn Bynum,SAF,DB,"https://static.www.nfl.com/image/upload/f_auto,q_auto/league/rncq5z5bfhigx2atid7k",2025,3,REG,IND,TEN,0,0,0,0,0,0,0,0,0,0,0,0,,,0,,0,0,0,0,0,0,,0,0,0,0,0,0,0,0,0,0,,0,,0.0,0.0,0.0,0,2,1,1,0,0,0,0.0,0.0,0,0,0,0,0,0,0,0,0,0,0,0,0,0,0,0,0,0,0,0,0,0,0,,,0,0,0,0,0,0,0,0,0,0,0,0,,,,0,0,0,0,0,0,0,,0,0,0,0,0,0.0,0.0
00-0036630,T.Wallace,Tylan Wallace,WR,WR,"https://static.www.nfl.com/image/upload/f_auto,q_auto/league/rifnnpeub6okv41offnd",2025,3,REG,BAL,DET,0,0,0,0,0,0,0,0,0,0,0,0,,,0,,0,0,0,0,0,0,,0,0,1,0,0,0,0,10,0,0,-0.4591185906319879,0,0.0,0.03571428571428571,0.035211267605633804,0.07821931589537223,0,1,0,1,0,0,0,0.0,0.0,0,0,0,0,0,0,0,0,0,0,0,0,0,0,0,0,0,0,0,0,0,0,0,,,0,0,0,0,0,0,0,0,0,0,0,0,,,,0,0,0,0,0,0,0,,0,0,0,0,0,0.0,0.0
00-0036637,N.Gray,Noah Gray,TE,TE,"https://static.www.nfl.com/image/upload/f_auto,q_auto/league/yugngcrdfxh0nwzl4zwp",2025,3,REG,KC,NYG,0,0,0,0,0,0,0,0,0,0,0,0,,,0,,0,0,0,0,0,0,,0,3,6,17,0,0,0,17,12,1,-1.5274239806132894,0,1.0,0.17142857142857143,0.05329153605015674,0.2944469323779668,0,0,0,0,0,0,0,0.0,0.0,0,0,0,0,0,0,0,0,0,0,0,0,0,0,0,0,0,0,0,0,0,0,0,,,0,0,0,0,0,0,0,0,0,0,0,0,,,,0,0,0,0,0,0,0,,0,0,0,0,0,1.7000000000000002,4.7
00-0036642,T.Slaton,Tedarrell Slaton,DT,DL,"https://static.www.nfl.com/image/upload/f_auto,q_auto/league/oktzavt6whxgvr6ukmhl",2025,3,REG,CIN,MIN,0,0,0,0,0,0,0,0,0,0,0,0,,,0,,0,0,0,0,0,0,,0,0,0,0,0,0,0,0,0,0,,0,,0.0,0.0,0.0,0,1,0,1,0,0,0,0.0,0.0,0,0,0,0,0,0,0,0,0,0,0,0,0,0,0,0,0,0,0,0,0,0,0,,,0,0,0,0,0,0,0,0,0,0,0,0,,,,0,0,0,0,0,0,0,,0,0,0,0,0,0.0,0.0
00-0036643,K.Britt,K.J. Britt,LB,LB,"https://static.www.nfl.com/image/upload/f_auto,q_auto/league/kca9qozdfs1albiamsq0",2025,3,REG,MIA,BUF,0,0,0,0,0,0,0,0,0,0,0,0,,,0,,0,0,0,0,0,0,,0,0,0,0,0,0,0,0,0,0,,0,,0.0,0.0,0.0,0,0,0,1,0,0,0,0.0,0.0,0,0,0,0,0,0,0,0,0,0,0,0,0,1,10,0,0,0,0,0,0,0,0,,,0,0,0,0,0,0,0,0,0,0,0,0,,,,0,0,0,0,0,0,0,,0,0,0,0,0,0.0,0.0
00-0036646,S.Fehoko,Simi Fehoko,WR,WR,"https://static.www.nfl.com/image/upload/f_auto,q_auto/league/kbnk59cdzp2opegnrom8",2025,3,REG,ARI,SF,0,0,0,0,0,0,0,0,0,0,0,0,,,0,,0,0,0,0,0,0,,0,0,0,0,0,0,0,0,0,0,,0,,0.0,0.0,0.0,0,1,0,0,0,0,0,0.0,0.0,0,0,0,0,0,0,0,0,0,0,0,0,0,0,0,0,0,0,0,0,0,0,0,,,0,0,0,0,0,0,0,0,0,0,0,0,,,,0,0,0,0,0,0,0,,0,0,0,0,0,0.0,0.0
00-0036648,N.Niemann,Nick Niemann,LB,LB,"https://static.www.nfl.com/image/upload/f_auto,q_auto/league/nbizfccowpxtgytc4n2u",2025,3,REG,GB,CLE,0,0,0,0,0,0,0,0,0,0,0,0,,,0,,0,0,0,0,0,0,,0,0,0,0,0,0,0,0,0,0,,0,,0.0,0.0,0.0,0,1,0,0,0,0,0,0.0,0.0,0,0,0,0,0,0,0,0,0,0,0,0,0,0,0,0,0,0,0,0,0,0,0,,,0,0,0,0,0,0,0,0,0,0,0,0,,,,0,0,0,0,0,0,0,,0,0,0,0,0,0.0,0.0
00-0036658,I.McDuffie,Isaiah McDuffie,LB,LB,"https://static.www.nfl.com/image/upload/f_auto,q_auto/league/kfscpyshsfu3hswm7lkd",2025,3,REG,GB,CLE,0,0,0,0,0,0,0,0,0,0,0,0,,,0,,0,0,0,0,0,0,,0,0,0,0,0,0,0,0,0,0,,0,,0.0,0.0,0.0,0,3,0,3,1,2,0,0.0,0.0,0,0,0,0,0,0,0,0,0,0,0,0,0,0,0,0,0,0,0,0,0,0,0,,,0,0,0,0,0,0,0,0,0,0,0,0,,,,0,0,0,0,0,0,0,,0,0,0,0,0,0.0,0.0
00-0036672,G.Stuard,Grant Stuard,LB,LB,"https://static.www.nfl.com/image/upload/f_auto,q_auto/league/ws9nh7wahkmhwqnpi7zv",2025,3,REG,DET,BAL,0,0,0,0,0,0,0,0,0,0,0,0,,,0,,0,0,0,0,0,0,,0,0,0,0,0,0,0,0,0,0,,0,,0.0,0.0,0.0,0,0,0,1,0,0,0,0.0,0.0,0,0,0,0,0,0,0,0,0,0,0,0,0,1,10,0,0,0,0,0,0,0,0,,,0,0,0,0,0,0,0,0,0,0,0,0,,,,0,0,0,0,0,0,0,,0,0,0,0,0,0.0,0.0
00-0036677,Z.Anderson,Zayne Anderson,SAF,DB,"https://static.www.nfl.com/image/upload/f_auto,q_auto/league/r4j0wtxm67rnmxl6zajl",2025,3,REG,GB,CLE,0,0,0,0,0,0,0,0,0,0,0,0,,,0,,0,0,0,0,0,0,,0,0,0,0,0,0,0,0,0,0,,0,,0.0,0.0,0.0,0,1,0,1,0,0,0,0.0,0.0,0,0,0,0,0,0,0,0,0,0,0,0,0,0,0,0,0,0,0,0,0,0,0,,,0,0,0,0,0,0,0,0,0,0,0,0,,,,0,0,0,0,0,0,0,,0,0,0,0,0,0.0,0.0
00-0036683,D.Key,Devon Key,SAF,DB,"https://static.www.nfl.com/image/upload/f_auto,q_auto/league/aax1z5qptzbpatde06cf",2025,3,REG,DEN,LAC,0,0,0,0,0,0,0,0,0,0,0,0,,,0,,0,0,0,0,0,0,,0,0,0,0,0,0,0,0,0,0,,0,,0.0,0.0,0.0,0,1,0,1,0,0,0,0.0,0.0,0,0,0,0,0,0,0,0,0,0,0,0,0,0,0,0,0,0,0,0,0,0,0,,,0,0,0,0,0,0,0,0,0,0,0,0,,,,0,0,0,0,0,0,0,,0,0,0,0,0,0.0,0.0
00-0036741,J.Stoll,Jack Stoll,TE,TE,"https://static.www.nfl.com/image/upload/f_auto,q_auto/league/rtgfs8jwzhtmupqxqgmz",2025,3,REG,NO,SEA,0,0,0,0,0,0,0,0,0,0,0,0,,,0,,0,0,0,0,0,0,,0,2,3,21,1,0,0,27,4,1,2.0269929515197873,0,0.7777777777777778,0.07317073170731707,0.07780979827089338,0.16422295635060097,0,1,0,0,0,0,0,0.0,0.0,0,0,0,0,0,0,0,0,0,0,0,0,0,0,0,0,0,0,0,0,0,0,0,,,0,0,0,0,0,0,0,0,0,0,0,0,,,,0,0,0,0,0,0,0,,0,0,0,0,0,8.1,10.1
00-0036813,C.Elliss,Christian Elliss,LB,LB,"https://static.www.nfl.com/image/upload/f_auto,q_auto/league/g78euyfj7wtinnylus04",2025,3,REG,NE,PIT,0,0,0,0,0,0,0,0,0,0,0,0,,,0,,0,0,0,0,0,0,,0,0,0,0,0,0,0,0,0,0,,0,,0.0,0.0,0.0,0,0,0,1,0,0,0,0.0,0.0,0,0,0,0,0,0,0,0,0,0,0,0,0,0,0,0,0,0,0,0,0,0,0,,,0,0,0,0,0,0,0,0,0,0,0,0,,,,0,0,0,0,0,0,0,,0,0,0,0,0,0.0,0.0
00-0036816,R.Patterson,Riley Patterson,K,SPEC,"https://static.www.nfl.com/image/private/f_auto,q_auto/league/waj6pvpu1ouzgssedqiq",2025,3,REG,MIA,BUF,0,0,0,0,0,0,0,0,0,0,0,0,,,0,,0,0,0,0,0,0,,0,0,0,0,0,0,0,0,0,0,,0,,0.0,0.0,0.0,0,0,0,0,0,0,0,0.0,0.0,0,0,0,0,0,0,0,0,0,0,0,0,0,0,0,0,0,0,0,0,0,0,0,,,0,0,0,0,0,0,0,0,0,0,0,0,,,,0,0,0,3,3,0,0,1.0,0,0,0,0,0,0.0,0.0
00-0036839,K.Smith,Kion Smith,OT,OL,"https://static.www.nfl.com/image/upload/f_auto,q_auto/league/rawjlqbe9aroo9cqkpfv",2025,3,REG,MIA,BUF,0,0,0,0,0,0,0,0,0,0,0,0,,,0,,0,0,0,0,0,0,,0,0,0,0,0,0,0,0,0,0,,0,,0.0,0.0,0.0,0,0,0,0,0,0,0,0.0,0.0,0,0,0,0,0,0,0,0,0,0,0,0,0,1,5,0,0,0,0,0,0,0,0,,,0,0,0,0,0,0,0,0,0,0,0,0,,,,0,0,0,0,0,0,0,,0,0,0,0,0,0.0,0.0
00-0036844,G.Wallow,Garret Wallow,LB,LB,"https://static.www.nfl.com/image/upload/f_auto,q_auto/league/jf7xnestp0wmq0lbezxs",2025,3,REG,DEN,LAC,0,0,0,0,0,0,0,0,0,0,0,0,,,0,,0,0,0,0,0,0,,0,0,0,0,0,0,0,0,0,0,,0,,0.0,0.0,0.0,0,0,0,1,0,0,0,0.0,0.0,0,0,0,0,0,0,0,0,0,0,0,0,0,0,0,0,0,0,0,0,0,0,0,,,0,0,0,0,0,0,0,0,0,0,0,0,,,,0,0,0,0,0,0,0,,0,0,0,0,0,0.0,0.0
00-0036849,T.Atwell,Tutu Atwell,WR,WR,"https://static.www.nfl.com/image/upload/f_auto,q_auto/league/twlslcaa7c2wblveaafu",2025,3,REG,LA,PHI,0,0,0,0,0,0,0,0,0,0,0,0,,,0,,0,0,0,0,0,0,,0,0,1,0,0,0,0,3,0,0,-1.390777767334294,0,0.0,0.030303030303030304,0.017857142857142856,0.05795454545454545,0,0,0,0,0,0,0,0.0,0.0,0,0,0,0,0,0,0,0,0,0,0,0,0,0,0,0,0,0,0,0,0,0,0,,,0,0,0,0,0,0,0,0,0,0,0,0,,,,0,0,0,0,0,0,0,,0,0,0,0,0,0.0,0.0
00-0036850,C.Sample,Cameron Sample,DE,DL,"https://static.www.nfl.com/image/private/f_auto,q_auto/league/kvkvhvbvcebjkevxjdhd",2025,3,REG,CIN,MIN,0,0,0,0,0,0,0,0,0,0,0,0,,,0,,0,0,0,0,0,0,,0,0,0,0,0,0,0,0,0,0,,0,,0.0,0.0,0.0,0,2,0,1,0,0,0,0.0,0.0,0,0,0,0,0,0,0,0,0,0,0,0,0,0,0,0,0,0,0,0,0,0,0,,,0,0,0,0,0,0,0,0,0,0,0,0,,,,0,0,0,0,0,0,0,,0,0,0,0,0,0.0,0.0
00-0036854,E.McPherson,Evan McPherson,K,SPEC,"https://static.www.nfl.com/image/upload/f_auto,q_auto/league/cpvujaqwscupzvbbx7oe",2025,3,REG,CIN,MIN,0,0,0,0,0,0,0,0,0,0,0,0,,,0,,0,0,0,0,0,0,,0,0,0,0,0,0,0,0,0,0,,0,,0.0,0.0,0.0,0,0,0,0,0,0,0,0.0,0.0,0,0,0,0,0,0,0,0,0,0,0,0,0,0,0,0,0,0,0,1,1,0,0,45.0,1.0,0,0,0,1,0,0,0,0,0,0,0,0,45,,,45,0,0,1,1,0,0,1.0,0,0,0,0,0,0.0,0.0
00-0036862,B.Skowronek,Ben Skowronek,WR,WR,"https://static.www.nfl.com/image/upload/f_auto,q_auto/league/drojmh3dbpuagobvilzv",2025,3,REG,PIT,NE,0,0,0,0,0,0,0,0,0,0,0,0,,,0,,0,0,0,0,0,0,,0,0,0,0,0,0,0,0,0,0,,0,,0.0,0.0,0.0,0,0,0,1,0,0,0,0.0,0.0,0,0,0,0,0,0,0,0,0,0,0,0,0,0,0,0,0,0,0,0,0,0,0,,,0,0,0,0,0,0,0,0,0,0,0,0,,,,0,0,0,0,0,0,0,,0,0,0,0,0,0.0,0.0
00-0036867,C.Rumph,Chris Rumph II,DE,DL,"https://static.www.nfl.com/image/upload/f_auto,q_auto/league/ayrvlbmyxlvek7afcioc",2025,3,REG,NO,SEA,0,0,0,0,0,0,0,0,0,0,0,0,,,0,,0,0,0,0,0,0,,0,0,0,0,0,0,0,0,0,0,,0,,0.0,0.0,0.0,0,2,0,2,0,0,0,0.0,0.0,0,0,0,0,0,0,0,0,0,0,0,0,0,0,0,0,0,0,0,0,0,0,0,,,0,0,0,0,0,0,0,0,0,0,0,0,,,,0,0,0,0,0,0,0,,0,0,0,0,0,0.0,0.0
00-0036871,N.Hobbs,Nate Hobbs,CB,DB,"https://static.www.nfl.com/image/upload/f_auto,q_auto/league/tqngf0urgkjrrqtx0kzl",2025,3,REG,GB,CLE,0,0,0,0,0,0,0,0,0,0,0,0,,,0,,0,0,0,0,0,0,,0,0,0,0,0,0,0,0,0,0,,0,,0.0,0.0,0.0,0,2,0,0,1,1,0,0.0,0.0,0,0,0,0,0,0,0,0,0,0,0,0,0,0,0,0,0,0,0,0,0,0,0,,,0,0,0,0,0,0,0,0,0,0,0,0,,,,0,0,0,0,0,0,0,,0,0,0,0,0,0.0,0.0
00-0036874,P.Surtain,Pat Surtain II,CB,DB,"https://static.www.nfl.com/image/upload/f_auto,q_auto/league/soec8zk3n5jvxvywq1gm",2025,3,REG,DEN,LAC,0,0,0,0,0,0,0,0,0,0,0,0,,,0,,0,0,0,0,0,0,,0,0,0,0,0,0,0,0,0,0,,0,,0.0,0.0,0.0,0,2,0,0,0,0,0,0.0,0.0,0,0,0,1,0,0,0,0,0,0,0,0,0,1,5,0,0,0,0,0,0,0,0,,,0,0,0,0,0,0,0,0,0,0,0,0,,,,0,0,0,0,0,0,0,,0,0,0,0,0,0.0,0.0
00-0036875,R.Stevenson,Rhamondre Stevenson,RB,RB,"https://static.www.nfl.com/image/upload/f_auto,q_auto/league/ed09migntlyy8ntgvcu1",2025,3,REG,NE,PIT,0,0,0,0,0,0,0,0,0,0,0,0,,,0,,4,18,0,2,2,1,-9.244979932962451,0,3,3,38,0,0,0,7,31,1,2.851692696218379,0,5.428571428571429,0.08333333333333333,0.033816425120772944,0.14867149758454107,0,0,0,0,0,0,0,0.0,0.0,0,0,0,0,0,0,0,0,0,0,0,0,0,0,0,0,0,0,0,0,0,0,0,,,0,0,0,0,0,0,0,0,0,0,0,0,,,,0,0,0,0,0,0,0,,0,0,0,0,0,1.6000000000000005,4.6000000000000005
00-0036876,K.Granson,Kylen Granson,TE,TE,"https://static.www.nfl.com/image/upload/f_auto,q_auto/league/ysbxmdw4da30q3kjb571",2025,3,REG,PHI,LA,0,0,0,0,0,0,0,0,0,0,0,0,,,0,,0,0,0,0,0,0,,0,0,0,0,0,0,0,0,0,0,,0,,0.0,0.0,0.0,0,0,0,1,0,0,0,0.0,0.0,0,0,0,0,0,0,0,0,0,0,0,0,0,0,0,0,0,0,0,0,0,0,0,,,0,0,0,0,0,0,0,0,0,0,0,0,,,,0,0,0,0,0,0,0,,0,0,0,0,0,0.0,0.0
00-0036883,T.Togiai,Tommy Togiai,DT,DL,"https://static.www.nfl.com/image/upload/f_auto,q_auto/league/vq1st1d5nifz8aze1aix",2025,3,REG,HOU,JAX,0,0,0,0,0,0,0,0,0,0,0,0,,,0,,0,0,0,0,0,0,,0,0,0,0,0,0,0,0,0,0,,0,,0.0,0.0,0.0,0,2,0,1,0,0,0,0.0,0.0,0,0,0,0,0,0,0,0,0,0,0,0,0,0,0,0,0,0,0,0,0,0,0,,,0,0,0,0,0,0,0,0,0,0,0,0,,,,0,0,0,0,0,0,0,,0,0,0,0,0,0.0,0.0
00-0036884,M.Wilson,Marco Wilson,CB,DB,"https://static.www.nfl.com/image/upload/f_auto,q_auto/league/mcmzfcisg5pkfulsp0tr",2025,3,REG,CIN,MIN,0,0,0,0,0,0,0,0,0,0,0,0,,,0,,0,0,0,0,0,0,,0,0,0,0,0,0,0,0,0,0,,0,,0.0,0.0,0.0,0,2,0,0,0,0,0,0.0,0.0,0,0,0,0,0,0,0,0,0,0,0,0,0,0,0,0,0,0,0,0,0,0,0,,,0,0,0,0,0,0,0,0,0,0,0,0,,,,0,0,0,0,0,0,0,,0,0,0,0,0,0.0,0.0
00-0036893,N.Harris,Najee Harris,RB,RB,"https://static.www.nfl.com/image/upload/f_auto,q_auto/league/grfxgbvqnzz40r7rdtvk",2025,3,REG,LAC,DEN,0,0,0,0,0,0,0,0,0,0,0,0,,,0,,6,28,0,0,0,1,0.3691096669062972,0,0,0,0,0,0,0,0,0,0,,0,,0.0,0.0,0.0,0,0,0,0,0,0,0,0.0,0.0,0,0,0,0,0,0,0,0,0,0,0,0,0,0,0,0,0,0,0,0,0,0,0,,,0,0,0,0,0,0,0,0,0,0,0,0,,,,0,0,0,0,0,0,0,,0,0,0,0,0,2.8000000000000003,2.8000000000000003
00-0036894,P.Freiermuth,Pat Freiermuth,TE,TE,"https://static.www.nfl.com/image/upload/f_auto,q_auto/league/vmwioi77upc9hqwaskfa",2025,3,REG,PIT,NE,0,0,0,0,0,0,0,0,0,0,0,0,,,0,,0,0,0,0,0,0,,0,1,3,6,0,0,0,23,2,0,-2.955843285890296,0,0.2608695652173913,0.13636363636363635,0.20175438596491227,0.3457735247208931,0,0,0,0,0,0,0,0.0,0.0,0,0,0,0,0,0,0,0,0,0,0,0,0,0,0,0,0,0,0,0,0,0,0,,,0,0,0,0,0,0,0,0,0,0,0,0,,,,0,0,0,0,0,0,0,,0,0,0,0,0,0.6000000000000001,1.6
00-0036900,J.Chase,Ja'Marr Chase,WR,WR,"https://static.www.nfl.com/image/upload/f_auto,q_auto/league/qya3dtjb5kgofcuj2tuw",2025,3,REG,CIN,MIN,0,0,0,0,0,0,0,0,0,0,0,0,,,0,,1,9,0,0,0,0,0.6876874112058431,0,5,6,50,0,1,1,30,24,1,-3.9080523806624115,0,1.6666666666666667,0.23076923076923078,0.23255813953488372,0.5089445438282647,0,1,0,0,0,0,0,0.0,0.0,0,0,0,0,0,0,0,0,0,0,0,0,0,0,0,0,0,0,0,0,0,0,0,,,0,0,0,0,0,0,0,0,0,0,0,0,,,,0,0,0,0,0,0,0,,0,0,0,0,0,3.9000000000000004,8.9
00-0036901,E.Stokes,Eric Stokes,CB,DB,"https://static.www.nfl.com/image/upload/f_auto,q_auto/league/utosvktgajhtqd2px9xp",2025,3,REG,LV,WAS,0,0,0,0,0,0,0,0,0,0,0,0,,,0,,0,0,0,0,0,0,,0,0,0,0,0,0,0,0,0,0,,0,,0.0,0.0,0.0,0,0,0,0,0,0,0,0.0,0.0,0,0,0,1,0,0,0,0,0,0,0,0,0,0,0,0,0,0,0,0,0,0,0,,,0,0,0,0,0,0,0,0,0,0,0,0,,,,0,0,0,0,0,0,0,,0,0,0,0,0,0.0,0.0
00-0036902,J.Ossai,Joseph Ossai,DE,DL,"https://static.www.nfl.com/image/upload/f_auto,q_auto/league/ixgqo1gn6f79bhhoyirq",2025,3,REG,CIN,MIN,0,0,0,0,0,0,0,0,0,0,0,0,,,0,,0,0,0,0,0,0,,0,0,0,0,0,0,0,0,0,0,,0,,0.0,0.0,0.0,0,1,0,0,1,5,0,1.0,5.0,1,0,0,0,0,0,0,0,0,0,0,0,0,0,0,0,0,0,0,0,0,0,0,,,0,0,0,0,0,0,0,0,0,0,0,0,,,,0,0,0,0,0,0,0,,0,0,0,0,0,0.0,0.0
00-0036912,D.Smith,DeVonta Smith,WR,WR,"https://static.www.nfl.com/image/upload/f_auto,q_auto/league/vj2fz8veorg1k5qthnjm",2025,3,REG,PHI,LA,0,0,0,0,0,0,0,0,0,0,0,0,,,0,,0,0,0,0,0,0,,0,8,9,60,1,0,0,68,6,3,6.9810533082201145,0,0.8823529411764706,0.3,0.24817518248175183,0.6237226277372262,0,0,0,0,0,0,0,0.0,0.0,0,0,0,0,0,0,0,0,0,0,0,0,0,0,0,0,0,0,0,0,0,0,0,,,0,0,0,0,0,0,0,0,0,0,0,0,,,,0,0,0,0,0,0,0,,0,0,0,0,0,12.0,20.0
00-0036914,G.Rousseau,Greg Rousseau,DE,DL,"https://static.www.nfl.com/image/upload/f_auto,q_auto/league/oljb2xg9fry8gnuqz66k",2025,3,REG,BUF,MIA,0,0,0,0,0,0,0,0,0,0,0,0,,,0,,0,0,0,0,0,0,,0,0,0,0,0,0,0,0,0,0,,0,,0.0,0.0,0.0,0,0,0,1,0,0,0,0.0,0.0,0,0,0,0,0,0,0,0,0,0,0,0,0,0,0,0,0,0,0,0,0,0,0,,,0,0,0,0,0,0,0,0,0,0,0,0,,,,0,0,0,0,0,0,0,,0,0,0,0,0,0.0,0.0
00-0036916,M.Williams,Milton Williams,DE,DL,"https://static.www.nfl.com/image/upload/f_auto,q_auto/league/pne778olspa9ercg4e56",2025,3,REG,NE,PIT,0,0,0,0,0,0,0,0,0,0,0,0,,,0,,0,0,0,0,0,0,,0,0,0,0,0,0,0,0,0,0,,0,,0.0,0.0,0.0,0,1,1,0,2,2,0,0.0,0.0,0,0,0,0,0,0,0,0,0,0,0,0,0,0,0,0,0,0,0,0,0,0,0,,,0,0,0,0,0,0,0,0,0,0,0,0,,,,0,0,0,0,0,0,0,,0,0,0,0,0,0.0,0.0
00-0036919,K.Gainwell,Kenneth Gainwell,RB,RB,"https://static.www.nfl.com/image/upload/f_auto,q_auto/league/f74x1ywy7oo5kq81vblh",2025,3,REG,PIT,NE,0,0,0,0,0,0,0,0,0,0,0,0,,,0,,4,16,1,0,0,2,0.48903784921276383,0,1,1,10,0,0,0,-4,14,0,0.6640165965654887,0,-2.5,0.045454545454545456,-0.03508771929824561,0.043620414673046254,0,0,0,0,0,0,0,0.0,0.0,0,0,0,0,0,0,0,0,0,0,0,0,0,0,0,0,0,1,27,0,0,0,0,,,0,0,0,0,0,0,0,0,0,0,0,0,,,,0,0,0,0,0,0,0,,0,0,0,0,0,8.6,9.6
00-0036927,P.Werner,Pete Werner,LB,LB,"https://static.www.nfl.com/image/upload/f_auto,q_auto/league/nqs87jnlklns7tm7w5jj",2025,3,REG,NO,SEA,0,0,0,0,0,0,0,0,0,0,0,0,,,0,,0,0,0,0,0,0,,0,0,0,0,0,0,0,0,0,0,,0,,0.0,0.0,0.0,0,6,1,6,0,0,0,0.0,0.0,0,0,0,0,0,0,0,0,0,0,1,1,0,0,0,0,0,0,0,0,0,0,0,,,0,0,0,0,0,0,0,0,0,0,0,0,,,,0,0,0,0,0,0,0,,0,0,0,0,0,0.0,0.0
00-0036932,M.Parsons,Micah Parsons,DE,DL,"https://static.www.nfl.com/image/upload/f_auto,q_auto/league/igbkpnpsezgrvngnf5ck",2025,3,REG,GB,CLE,0,0,0,0,0,0,0,0,0,0,0,0,,,0,,0,0,0,0,0,0,,0,0,0,0,0,0,0,0,0,0,,0,,0.0,0.0,0.0,0,2,0,0,0,0,0,0.0,0.0,2,0,0,0,0,0,0,0,0,0,0,0,0,2,10,0,0,0,0,0,0,0,0,,,0,0,0,0,0,0,0,0,0,0,0,0,,,,0,0,0,0,0,0,0,,0,0,0,0,0,0.0,0.0
00-0036933,Z.Collins,Zaven Collins,LB,LB,"https://static.www.nfl.com/image/upload/f_auto,q_auto/league/kyzjrpamx2gfuumvpxai",2025,3,REG,ARI,SF,0,0,0,0,0,0,0,0,0,0,0,0,,,0,,0,0,0,0,0,0,,0,0,0,0,0,0,0,0,0,0,,0,,0.0,0.0,0.0,0,0,0,2,0,0,0,0.0,0.0,1,0,0,0,0,0,0,0,0,0,0,0,0,0,0,0,0,0,0,0,0,0,0,,,0,0,0,0,0,0,0,0,0,0,0,0,,,,0,0,0,0,0,0,0,,0,0,0,0,0,0.0,0.0
00-0036934,Ja.Phillips,Jaelan Phillips,LB,LB,"https://static.www.nfl.com/image/upload/f_auto,q_auto/league/fppokhbgq3msu8wks1jz",2025,3,REG,MIA,BUF,0,0,0,0,0,0,0,0,0,0,0,0,,,0,,0,0,0,0,0,0,,0,0,0,0,0,0,0,0,0,0,,0,,0.0,0.0,0.0,0,3,0,0,0,0,0,0.0,0.0,0,0,0,0,0,0,0,0,0,0,0,0,0,0,0,0,0,0,0,0,0,0,0,,,0,0,0,0,0,0,0,0,0,0,0,0,,,,0,0,0,0,0,0,0,,0,0,0,0,0,0.0,0.0
00-0036937,P.Adebo,Paulson Adebo,CB,DB,"https://static.www.nfl.com/image/upload/f_auto,q_auto/league/syndlzqvjmmeplufohl8",2025,3,REG,NYG,KC,0,0,0,0,0,0,0,0,0,0,0,0,,,0,,0,0,0,0,0,0,,0,0,0,0,0,0,0,0,0,0,,0,,0.0,0.0,0.0,0,6,0,1,0,0,0,0.0,0.0,0,0,0,1,0,0,0,0,0,0,0,0,0,0,0,0,0,0,0,0,0,0,0,,,0,0,0,0,0,0,0,0,0,0,0,0,,,,0,0,0,0,0,0,0,,0,0,0,0,0,0.0,0.0
00-0036940,O.Oweh,Odafe Oweh,LB,LB,"https://static.www.nfl.com/image/upload/f_auto,q_auto/league/ommzbeg07ayr9x4t9rpr",2025,3,REG,BAL,DET,0,0,0,0,0,0,0,0,0,0,0,0,,,0,,0,0,0,0,0,0,,0,0,0,0,0,0,0,0,0,0,,0,,0.0,0.0,0.0,0,1,0,1,1,3,0,0.0,0.0,2,0,0,0,0,0,0,0,0,0,0,0,0,0,0,0,0,0,0,0,0,0,0,,,0,0,0,0,0,0,0,0,0,0,0,0,,,,0,0,0,0,0,0,0,,0,0,0,0,0,0.0,0.0
00-0036941,A.Cisco,Andre Cisco,SAF,DB,"https://static.www.nfl.com/image/upload/f_auto,q_auto/league/sdk8jvmv30mvetujj7bs",2025,3,REG,NYJ,TB,0,0,0,0,0,0,0,0,0,0,0,0,,,0,,0,0,0,0,0,0,,0,0,0,0,0,0,0,0,0,0,,0,,0.0,0.0,0.0,0,2,1,2,1,1,0,0.0,0.0,0,0,0,0,0,0,0,0,0,0,0,0,0,0,0,0,0,0,0,0,0,0,0,,,0,0,0,0,0,0,0,0,0,0,0,0,,,,0,0,0,0,0,0,0,,0,0,0,0,0,0.0,0.0
00-0036942,O.Odighizuwa,Osa Odighizuwa,DT,DL,"https://static.www.nfl.com/image/upload/f_auto,q_auto/league/xjx8vxlafv4i0hmvtrje",2025,3,REG,DAL,CHI,0,0,0,0,0,0,0,0,0,0,0,0,,,0,,0,0,0,0,0,0,,0,0,0,0,0,0,0,0,0,0,,0,,0.0,0.0,0.0,0,1,0,2,0,0,0,0.0,0.0,0,0,0,0,0,0,0,0,0,0,0,0,0,0,0,0,0,0,0,0,0,0,0,,,0,0,0,0,0,0,0,0,0,0,0,0,,,,0,0,0,0,0,0,0,,0,0,0,0,0,0.0,0.0
00-0036943,M.Fraboni,Mitchell Fraboni,LS,SPEC,"https://static.www.nfl.com/image/upload/f_auto,q_auto/league/csvbeqtitr9ixpgdt0fu",2025,3,REG,DEN,LAC,0,0,0,0,0,0,0,0,0,0,0,0,,,0,,0,0,0,0,0,0,,0,0,0,0,0,0,0,0,0,0,,0,,0.0,0.0,0.0,0,1,0,0,0,0,0,0.0,0.0,0,0,0,0,0,0,0,0,0,0,0,0,0,0,0,0,0,0,0,0,0,0,0,,,0,0,0,0,0,0,0,0,0,0,0,0,,,,0,0,0,0,0,0,0,,0,0,0,0,0,0.0,0.0
00-0036944,Ja.Horn,Jaycee Horn,CB,DB,"https://static.www.nfl.com/image/upload/f_auto,q_auto/league/lvqdczrm0ebvb8m3n5fu",2025,3,REG,CAR,ATL,0,0,0,0,0,0,0,0,0,0,0,0,,,0,,0,0,0,0,0,0,,0,0,0,0,0,0,0,0,0,0,,0,,0.0,0.0,0.0,0,3,0,0,0,0,0,0.0,0.0,0,0,0,0,0,0,0,0,0,0,0,0,0,0,0,0,0,0,0,0,0,0,0,,,0,0,0,0,0,0,0,0,0,0,0,0,,,,0,0,0,0,0,0,0,,0,0,0,0,0,0.0,0.0
00-0036952,J.Cooper,Jonathon Cooper,LB,LB,"https://static.www.nfl.com/image/upload/f_auto,q_auto/league/rzjdnsaz0sfs9v4xetov",2025,3,REG,DEN,LAC,0,0,0,0,0,0,0,0,0,0,0,0,,,0,,0,0,0,0,0,0,,0,0,0,0,0,0,0,0,0,0,,0,,0.0,0.0,0.0,0,2,0,2,1,7,0,1.0,7.0,1,0,0,0,0,0,0,0,0,0,0,0,0,0,0,0,0,0,0,0,0,0,0,,,0,0,0,0,0,0,0,0,0,0,0,0,,,,0,0,0,0,0,0,0,,0,0,0,0,0,0.0,0.0
00-0036962,T.Moehrig,Tre'von Moehrig,SAF,DB,"https://static.www.nfl.com/image/upload/f_auto,q_auto/league/cyprwi2vzj1a3oitgseo",2025,3,REG,CAR,ATL,0,0,0,0,0,0,0,0,0,0,0,0,,,0,,0,0,0,0,0,0,,0,0,0,0,0,0,0,0,0,0,,0,,0.0,0.0,0.0,0,4,0,2,1,2,0,0.0,0.0,1,0,0,0,0,0,0,0,0,0,0,0,0,0,0,0,0,0,0,0,0,0,0,,,0,0,0,0,0,0,0,0,0,0,0,0,,,,0,0,0,0,0,0,0,,0,0,0,0,0,0.0,0.0
00-0036963,A.St. Brown,Amon-Ra St. Brown,WR,WR,"https://static.www.nfl.com/image/upload/f_auto,q_auto/league/fd8nwhm6pvxfyzphzl6i",2025,3,REG,DET,BAL,0,0,0,0,0,0,0,0,0,0,0,0,,,0,,0,0,0,0,0,0,,0,7,8,77,1,0,0,79,13,5,8.737624598029651,0,0.9746835443037974,0.3076923076923077,0.3744075829383886,0.7236237695953336,0,0,0,0,0,0,0,0.0,0.0,0,0,0,0,0,0,0,0,0,0,0,0,0,0,0,0,0,0,0,0,0,0,0,,,0,0,0,0,0,0,0,0,0,0,0,0,,,,0,0,0,0,0,0,0,,0,0,0,0,0,13.7,20.7
00-0036964,D.Barnes,Derrick Barnes,LB,LB,"https://static.www.nfl.com/image/upload/f_auto,q_auto/league/jksvb5xfttcodlgvlyjo",2025,3,REG,DET,BAL,0,0,0,0,0,0,0,0,0,0,0,0,,,0,,0,0,0,0,0,0,,0,0,0,0,0,0,0,0,0,0,,0,,0.0,0.0,0.0,0,4,0,3,0,0,0,1.0,0.0,1,0,0,0,0,0,0,0,0,0,0,0,0,0,0,0,0,0,0,0,0,0,0,,,0,0,0,0,0,0,0,0,0,0,0,0,,,,0,0,0,0,0,0,0,,0,0,0,0,0,0.0,0.0
00-0036967,J.Tryon,Joe Tryon-Shoyinka,DE,DL,"https://static.www.nfl.com/image/upload/f_auto,q_auto/league/a9ggom2msswmbavzfxrl",2025,3,REG,CLE,GB,0,0,0,0,0,0,0,0,0,0,0,0,,,0,,0,0,0,0,0,0,,0,0,0,0,0,0,0,0,0,0,,0,,0.0,0.0,0.0,0,1,0,3,0,0,0,0.0,0.0,0,0,0,0,0,0,0,0,0,0,0,0,0,0,0,0,0,0,0,0,0,0,0,,,0,0,0,0,0,0,0,0,0,0,0,0,,,,0,0,0,0,0,0,0,,0,0,0,0,0,0.0,0.0
00-0036970,K.Pitts,Kyle Pitts,TE,TE,"https://static.www.nfl.com/image/upload/f_auto,q_auto/league/tbec213me3pszzszecqo",2025,3,REG,ATL,CAR,0,0,0,0,0,0,0,0,0,0,0,0,,,0,,0,0,0,0,0,0,,0,4,6,39,0,0,0,38,25,2,-1.1316511434852146,0,1.0263157894736843,0.14634146341463414,0.12418300653594772,0.3064402996971146,0,0,0,0,0,0,0,0.0,0.0,0,0,0,0,0,0,0,0,0,0,0,0,0,0,0,0,0,0,0,0,0,0,0,,,0,0,0,0,0,0,0,0,0,0,0,0,,,,0,0,0,0,0,0,0,,0,0,0,0,0,3.9000000000000004,7.9
00-0036971,T.Lawrence,Trevor Lawrence,QB,QB,"https://static.www.nfl.com/image/upload/f_auto,q_auto/league/d75srntioly7fq0z8vip",2025,3,REG,JAX,HOU,20,40,222,0,1,2,-17,0,0,315,119,10,-9.546405788773784,-17.02903438555567,0,0.7047619047619048,2,9,0,0,0,1,1.6229719686089084,0,0,0,0,0,0,0,0,0,0,,0,,0.0,0.0,0.0,0,0,0,0,0,0,0,0.0,0.0,0,0,0,0,0,0,0,0,0,0,0,0,0,0,0,0,0,0,0,0,0,0,0,,,0,0,0,0,0,0,0,0,0,0,0,0,,,,0,0,0,0,0,0,0,,0,0,0,0,0,7.780000000000001,7.780000000000001
00-0036972,M.Jones,Mac Jones,QB,QB,"https://static.www.nfl.com/image/upload/f_auto,q_auto/league/v5sg1z9qvdpjeapblndz",2025,3,REG,SF,ARI,27,41,284,1,1,1,-2,0,0,309,101,14,1.5022151318471164,3.2555606020124337,0,0.919093851132686,1,-1,0,0,0,0,0.15732593732947286,0,0,0,0,0,0,0,0,0,0,,0,,0.0,0.0,0.0,0,0,0,0,0,0,0,0.0,0.0,0,0,0,0,0,0,0,0,0,0,0,0,0,0,0,0,0,0,0,0,0,0,0,,,0,0,0,0,0,0,0,0,0,0,0,0,,,,0,0,0,0,0,0,0,,0,0,0,0,0,13.26,13.26
00-0036973,T.Etienne,Travis Etienne,RB,RB,"https://static.www.nfl.com/image/upload/f_auto,q_auto/league/gc0iljgj34piecyfueyd",2025,3,REG,JAX,HOU,0,0,0,0,0,0,0,0,0,0,0,0,,,0,,16,56,1,0,0,2,-1.761041485820897,0,0,2,0,0,0,0,-10,0,0,-1.255432094214484,0,-0.0,0.05263157894736842,-0.031746031746031744,0.05672514619883041,0,0,0,0,0,0,0,0.0,0.0,0,0,0,0,0,0,0,0,0,0,0,0,0,0,0,0,0,0,0,0,0,0,0,,,0,0,0,0,0,0,0,0,0,0,0,0,,,,0,0,0,0,0,0,0,,0,0,0,0,0,11.600000000000001,11.600000000000001
00-0036974,T.Campbell,Tyson Campbell,CB,DB,"https://static.www.nfl.com/image/upload/f_auto,q_auto/league/v3limnd5hwq7tvjnnjnn",2025,3,REG,JAX,HOU,0,0,0,0,0,0,0,0,0,0,0,0,,,0,,0,0,0,0,0,0,,0,0,0,0,0,0,0,0,0,0,,0,,0.0,0.0,0.0,0,7,0,0,0,0,1,0.0,0.0,0,0,0,1,0,0,0,0,0,0,0,0,0,1,5,0,0,0,0,0,0,0,0,,,0,0,0,0,0,0,0,0,0,0,0,0,,,,0,0,0,0,0,0,0,,0,0,0,0,0,0.0,0.0
00-0036975,W.Little,Walker Little,OT,OL,"https://static.www.nfl.com/image/upload/f_auto,q_auto/league/rcvi4hvhzassjkeya7z9",2025,3,REG,JAX,HOU,0,0,0,0,0,0,0,0,0,0,0,0,,,0,,0,0,0,0,0,0,,0,0,0,0,0,0,0,0,0,0,,0,,0.0,0.0,0.0,0,0,0,0,0,0,0,0.0,0.0,0,0,0,0,0,0,0,0,0,0,0,0,0,1,10,0,0,0,0,0,0,0,0,,,0,0,0,0,0,0,0,0,0,0,0,0,,,,0,0,0,0,0,0,0,,0,0,0,0,0,0.0,0.0
00-0036980,E.Moore,Elijah Moore,WR,WR,"https://static.www.nfl.com/image/upload/f_auto,q_auto/league/hglegw8qqnvb8fghc8cq",2025,3,REG,BUF,MIA,0,0,0,0,0,0,0,0,0,0,0,0,,,0,,1,11,0,0,0,1,0.26727138366550207,0,2,3,30,0,0,0,7,29,1,-0.2523249502410181,0,4.285714285714286,0.1111111111111111,0.06306306306306306,0.2108108108108108,0,0,0,0,0,0,0,0.0,0.0,0,0,0,0,0,0,0,0,0,0,0,0,0,0,0,0,0,0,0,0,0,0,0,,,0,0,0,0,0,0,0,0,0,0,0,0,,,,0,0,0,0,0,0,0,,0,0,0,0,0,4.1000000000000005,6.1000000000000005
00-0036981,C.Barmore,Christian Barmore,DT,DL,"https://static.www.nfl.com/image/upload/f_auto,q_auto/league/r2qnczxwkpqhk8is5jkv",2025,3,REG,NE,PIT,0,0,0,0,0,0,0,0,0,0,0,0,,,0,,0,0,0,0,0,0,,0,0,0,0,0,0,0,0,0,0,,0,,0.0,0.0,0.0,0,1,0,0,0,0,0,0.0,0.0,0,0,0,0,0,0,0,0,0,0,0,0,0,0,0,0,0,0,0,0,0,0,0,,,0,0,0,0,0,0,0,0,0,0,0,0,,,,0,0,0,0,0,0,0,,0,0,0,0,0,0.0,0.0
00-0036986,N.Wright,Nahshon Wright,CB,DB,"https://static.www.nfl.com/image/upload/f_auto,q_auto/league/muwpbl5yr0o4yvkcxtu3",2025,3,REG,CHI,DAL,0,0,0,0,0,0,0,0,0,0,0,0,,,0,,0,0,0,0,0,0,,0,0,0,0,0,0,0,0,0,0,,0,,0.0,0.0,0.0,0,4,2,3,0,0,0,0.0,0.0,0,0,0,0,0,0,0,0,0,0,0,0,0,0,0,0,0,0,0,0,0,0,0,,,0,0,0,0,0,0,0,0,0,0,0,0,,,,0,0,0,0,0,0,0,,0,0,0,0,0,0.0,0.0
00-0036987,B.Stephens,Brandon Stephens,CB,DB,"https://static.www.nfl.com/image/upload/f_auto,q_auto/league/xvwpf9u0s2yj7ldppaen",2025,3,REG,NYJ,TB,0,0,0,0,0,0,0,0,0,0,0,0,,,0,,0,0,0,0,0,0,,0,0,0,0,0,0,0,0,0,0,,0,,0.0,0.0,0.0,0,6,0,2,2,4,0,0.0,0.0,0,0,0,0,0,0,0,0,0,0,0,0,0,0,0,0,0,0,0,0,0,0,0,,,0,0,0,0,0,0,0,0,0,0,0,0,,,,0,0,0,0,0,0,0,,0,0,0,0,0,0.0,0.0
00-0036988,J.Palmer,Josh Palmer,WR,WR,"https://static.www.nfl.com/image/upload/f_auto,q_auto/league/woswdfrtxnsfgzsjvsxx",2025,3,REG,BUF,MIA,0,0,0,0,0,0,0,0,0,0,0,0,,,0,,0,0,0,0,0,0,,0,1,1,5,0,0,0,5,0,0,0.18837885750690475,0,1.0,0.037037037037037035,0.04504504504504504,0.08708708708708708,0,0,0,0,0,0,0,0.0,0.0,0,0,0,0,0,0,0,0,0,0,0,0,0,0,0,0,0,0,0,0,0,0,0,,,0,0,0,0,0,0,0,0,0,0,0,0,,,,0,0,0,0,0,0,0,,0,0,0,0,0,0.5,1.5
00-0036989,M.Koonce,Malcolm Koonce,DE,DL,"https://static.www.nfl.com/image/upload/f_auto,q_auto/league/cujkqhjibrywjodwgfyp",2025,3,REG,LV,WAS,0,0,0,0,0,0,0,0,0,0,0,0,,,0,,0,0,0,0,0,0,,0,0,0,0,0,0,0,0,0,0,,0,,0.0,0.0,0.0,0,0,0,0,0,0,0,0.0,0.0,0,0,0,0,0,0,0,0,0,0,0,0,0,1,16,0,0,0,0,0,0,0,0,,,0,0,0,0,0,0,0,0,0,0,0,0,,,,0,0,0,0,0,0,0,,0,0,0,0,0,0.0,0.0
00-0036990,D.Deablo,Divine Deablo,LB,LB,"https://static.www.nfl.com/image/upload/f_auto,q_auto/league/btw2sohcblkqvpsrctio",2025,3,REG,ATL,CAR,0,0,0,0,0,0,0,0,0,0,0,0,,,0,,0,0,0,0,0,0,,0,0,0,0,0,0,0,0,0,0,,0,,0.0,0.0,0.0,0,2,0,1,0,0,0,0.0,0.0,0,0,0,0,0,0,0,0,0,0,0,0,0,0,0,0,0,0,0,0,0,0,0,,,0,0,0,0,0,0,0,0,0,0,0,0,,,,0,0,0,0,0,0,0,,0,0,0,0,0,0.0,0.0
00-0036994,E.Jones,Ernest Jones,LB,LB,"https://static.www.nfl.com/image/upload/f_auto,q_auto/league/zn0pz6okty7vbj5ryryt",2025,3,REG,SEA,NO,0,0,0,0,0,0,0,0,0,0,0,0,,,0,,0,0,0,0,0,0,,0,0,0,0,0,0,0,0,0,0,,0,,0.0,0.0,0.0,0,2,1,4,1,4,0,0.0,0.0,0,0,0,0,0,0,0,0,0,0,0,0,0,0,0,0,0,0,0,0,0,0,0,,,0,0,0,0,0,0,0,0,0,0,0,0,,,,0,0,0,0,0,0,0,,0,0,0,0,0,0.0,0.0
00-0036995,B.Browning,Baron Browning,LB,LB,"https://static.www.nfl.com/image/upload/f_auto,q_auto/league/nd86rlr1op1wgkbpfcxv",2025,3,REG,ARI,SF,0,0,0,0,0,0,0,0,0,0,0,0,,,0,,0,0,0,0,0,0,,0,0,0,0,0,0,0,0,0,0,,0,,0.0,0.0,0.0,0,0,0,1,0,0,0,0.0,0.0,1,0,0,0,0,0,0,0,0,0,0,0,0,0,0,0,0,0,0,0,0,0,0,,,0,0,0,0,0,0,0,0,0,0,0,0,,,,0,0,0,0,0,0,0,,0,0,0,0,0,0.0,0.0
00-0036996,G.Newsome,Greg Newsome II,CB,DB,"https://static.www.nfl.com/image/private/f_auto,q_auto/league/vnzji51ny0rycaa1aqii",2025,3,REG,CLE,GB,0,0,0,0,0,0,0,0,0,0,0,0,,,0,,0,0,0,0,0,0,,0,0,0,0,0,0,0,0,0,0,,0,,0.0,0.0,0.0,0,3,1,0,0,0,0,0.0,0.0,0,0,0,0,0,0,0,0,0,0,0,0,0,0,0,0,0,0,0,0,0,0,0,,,0,0,0,0,0,0,0,0,0,0,0,0,,,,0,0,0,0,0,0,0,,0,0,0,0,0,0.0,0.0
00-0036997,J.Williams,Javonte Williams,RB,RB,"https://static.www.nfl.com/image/upload/f_auto,q_auto/league/hwzske22c4wrlf27qrih",2025,3,REG,DAL,CHI,0,0,0,0,0,0,0,0,0,0,0,0,,,0,,10,76,0,1,1,4,-0.2355335671454668,0,5,5,16,0,0,0,-16,32,1,-0.20118553034262732,0,-1.0,0.11363636363636363,-0.05970149253731343,0.12866350067842605,0,1,0,0,0,0,0,0.0,0.0,0,0,0,0,0,0,0,0,0,0,0,0,0,0,0,0,0,0,0,0,0,0,0,,,0,0,0,0,0,0,0,0,0,0,0,0,,,,0,0,0,0,0,0,0,,0,0,0,0,0,7.200000000000001,12.200000000000001
00-0036998,J.Holland,Jevon Holland,SAF,DB,"https://static.www.nfl.com/image/upload/f_auto,q_auto/league/zuvtkp7vhs3iqvpj9nen",2025,3,REG,NYG,KC,0,0,0,0,0,0,0,0,0,0,0,0,,,0,,0,0,0,0,0,0,,0,0,0,0,0,0,0,0,0,0,,0,,0.0,0.0,0.0,0,3,0,2,0,0,0,0.0,0.0,0,0,0,0,0,0,0,0,0,0,0,0,0,0,0,0,0,0,0,0,0,0,0,,,0,0,0,0,0,0,0,0,0,0,0,0,,,,0,0,0,0,0,0,0,,0,0,0,0,0,0.0,0.0
00-0037002,L.Dickerson,Landon Dickerson,G,OL,"https://static.www.nfl.com/image/upload/f_auto,q_auto/league/xmdowvfxum5huo9ahemm",2025,3,REG,PHI,LA,0,0,0,0,0,0,0,0,0,0,0,0,,,0,,0,0,0,0,0,0,,0,0,0,0,0,0,0,0,0,0,,0,,0.0,0.0,0.0,0,0,0,0,0,0,0,0.0,0.0,0,0,0,0,0,0,0,0,0,0,0,0,0,1,10,0,0,0,0,0,0,0,0,,,0,0,0,0,0,0,0,0,0,0,0,0,,,,0,0,0,0,0,0,0,,0,0,0,0,0,0.0,0.0
00-0037003,C.Surratt,Chazz Surratt,LB,LB,"https://static.www.nfl.com/image/upload/f_auto,q_auto/league/wvgrytpf6ymlzcmxcnch",2025,3,REG,SEA,NO,0,0,0,0,0,0,0,0,0,0,0,0,,,0,,0,0,0,0,0,0,,0,0,0,0,0,0,0,0,0,0,,0,,0.0,0.0,0.0,0,1,0,0,0,0,0,0.0,0.0,0,0,0,0,0,0,0,0,0,0,0,0,0,0,0,0,0,0,0,0,0,0,0,,,0,0,0,0,0,0,0,0,0,0,0,0,,,,0,0,0,0,0,0,0,,0,0,0,0,0,0.0,0.0
00-0037004,H.Long,Hunter Long,TE,TE,"https://static.www.nfl.com/image/upload/f_auto,q_auto/league/n1kvmijdfpyv1dwlwqa6",2025,3,REG,JAX,HOU,0,0,0,0,0,0,0,0,0,0,0,0,,,0,,0,0,0,0,0,0,,0,2,3,12,0,0,0,9,6,0,-0.530964853533078,0,1.3333333333333333,0.07894736842105263,0.02857142857142857,0.13842105263157894,0,0,0,0,0,0,0,0.0,0.0,0,0,0,0,0,0,0,0,0,0,0,0,0,0,0,0,0,0,0,0,0,0,0,,,0,0,0,0,0,0,0,0,0,0,0,0,,,,0,0,0,0,0,0,0,,0,0,0,0,0,1.2000000000000002,3.2
00-0037005,T.Tremble,Tommy Tremble,TE,TE,"https://static.www.nfl.com/image/upload/f_auto,q_auto/league/j0atbeflgj05pldxfon6",2025,3,REG,CAR,ATL,0,0,0,0,0,0,0,0,0,0,0,0,,,0,,0,0,0,0,0,0,,0,2,2,16,0,0,0,4,12,1,0.47234208364386987,0,4.0,0.08333333333333333,0.03007518796992481,0.14605263157894738,0,0,0,0,0,0,0,0.0,0.0,0,0,0,0,0,0,0,0,0,0,0,0,0,0,0,0,0,0,0,0,0,0,0,,,0,0,0,0,0,0,0,0,0,0,0,0,,,,0,0,0,0,0,0,0,,0,0,0,0,0,1.6,3.6
00-0037034,D.Alford,Dee Alford,CB,DB,"https://static.www.nfl.com/image/upload/f_auto,q_auto/league/ekj8kwdcwmajijqt1ce2",2025,3,REG,ATL,CAR,0,0,0,0,0,0,0,0,0,0,0,0,,,0,,0,0,0,0,0,0,,0,0,0,0,0,0,0,0,0,0,,0,,0.0,0.0,0.0,0,2,0,1,0,0,0,0.0,0.0,0,0,0,2,0,0,0,0,0,0,0,0,0,1,13,0,0,0,0,0,0,0,0,,,0,0,0,0,0,0,0,0,0,0,0,0,,,,0,0,0,0,0,0,0,,0,0,0,0,0,0.0,0.0
00-0037051,E.Garcia,Elijah Garcia,DE,DL,"https://static.www.nfl.com/image/upload/f_auto,q_auto/league/vygbzd5tl09jzhyjyiyh",2025,3,REG,NYG,KC,0,0,0,0,0,0,0,0,0,0,0,0,,,0,,0,0,0,0,0,0,,0,0,0,0,0,0,0,0,0,0,,0,,0.0,0.0,0.0,0,0,0,2,0,0,0,0.0,0.0,0,0,0,0,0,0,0,0,0,0,0,0,0,0,0,0,0,0,0,0,0,0,0,,,0,0,0,0,0,0,0,0,0,0,0,0,,,,0,0,0,0,0,0,0,,0,0,0,0,0,0.0,0.0
00-0037073,J.Davis,Jordan Davis,DT,DL,"https://static.www.nfl.com/image/upload/f_auto,q_auto/league/tcepyh61e1ct4vhdeaer",2025,3,REG,PHI,LA,0,0,0,0,0,0,0,0,0,0,0,0,,,0,,0,0,0,0,0,0,,0,0,0,0,0,0,0,0,0,0,,0,,0.0,0.0,0.0,1,3,1,1,1,1,0,1.0,0.0,1,0,0,0,0,0,0,61,0,0,0,0,0,0,0,0,0,0,0,0,0,0,0,,,0,0,0,0,0,0,0,0,0,0,0,0,,,,0,0,0,0,0,0,0,,0,0,0,0,0,6.0,6.0
00-0037074,Q.Walker,Quay Walker,LB,LB,"https://static.www.nfl.com/image/upload/f_auto,q_auto/league/dkqnq4ccxwrr7u34aqrz",2025,3,REG,GB,CLE,0,0,0,0,0,0,0,0,0,0,0,0,,,0,,0,0,0,0,0,0,,0,0,0,0,0,0,0,0,0,0,,0,,0.0,0.0,0.0,0,6,0,8,0,0,0,0.0,0.0,1,0,0,1,0,0,0,0,0,0,0,0,0,0,0,0,0,0,0,0,0,0,0,,,0,0,0,0,0,0,0,0,0,0,0,0,,,,0,0,0,0,0,0,0,,0,0,0,0,0,0.0,0.0
00-0037076,S.Rhyan,Sean Rhyan,OT,OL,"https://static.www.nfl.com/image/upload/f_auto,q_auto/league/qkl36vd0ozvjal6lisw9",2025,3,REG,GB,CLE,0,0,0,0,0,0,0,0,0,0,0,0,,,0,,0,0,0,0,0,0,,0,0,0,0,0,0,0,0,0,0,,0,,0.0,0.0,0.0,0,1,0,0,0,0,0,0.0,0.0,0,0,0,0,0,0,0,0,0,0,0,0,0,0,0,0,0,0,0,0,0,0,0,,,0,0,0,0,0,0,0,0,0,0,0,0,,,,0,0,0,0,0,0,0,,0,0,0,0,0,0.0,0.0
00-0037079,T.Woolen,Riq Woolen,CB,DB,"https://static.www.nfl.com/image/upload/f_auto,q_auto/league/rup4lbocfzdeohfrzfq9",2025,3,REG,SEA,NO,0,0,0,0,0,0,0,0,0,0,0,0,,,0,,0,0,0,0,0,0,,0,0,0,0,0,0,0,0,0,0,,0,,0.0,0.0,0.0,0,5,0,1,0,0,0,0.0,0.0,0,0,0,0,0,0,0,0,0,0,0,0,0,0,0,0,0,0,0,0,0,0,0,,,0,0,0,0,0,0,0,0,0,0,0,0,,,,0,0,0,0,0,0,0,,0,0,0,0,0,0.0,0.0
00-0037082,D.Robinson,Dominique Robinson,DE,DL,"https://static.www.nfl.com/image/upload/f_auto,q_auto/league/ces5sntijczc3q0pabay",2025,3,REG,CHI,DAL,0,0,0,0,0,0,0,0,0,0,0,0,,,0,,0,0,0,0,0,0,,0,0,0,0,0,0,0,0,0,0,,0,,0.0,0.0,0.0,0,3,0,1,1,10,0,1.0,10.0,1,0,0,0,0,0,0,0,0,0,0,0,0,0,0,0,0,0,0,0,0,0,0,,,0,0,0,0,0,0,0,0,0,0,0,0,,,,0,0,0,0,0,0,0,,0,0,0,0,0,0.0,0.0
00-0037083,K.Enagbare,Kingsley Enagbare,DE,DL,"https://static.www.nfl.com/image/upload/f_auto,q_auto/league/ty3h4h6l190fjiwmczlt",2025,3,REG,GB,CLE,0,0,0,0,0,0,0,0,0,0,0,0,,,0,,0,0,0,0,0,0,,0,0,0,0,0,0,0,0,0,0,,0,,0.0,0.0,0.0,0,0,0,0,0,0,0,0.0,0.0,1,0,0,0,0,0,0,0,0,0,0,0,0,0,0,0,0,0,0,0,0,0,0,,,0,0,0,0,0,0,0,0,0,0,0,0,,,,0,0,0,0,0,0,0,,0,0,0,0,0,0.0,0.0
00-0037085,T.Badie,Tyler Badie,RB,RB,"https://static.www.nfl.com/image/upload/f_auto,q_auto/league/ger5eiktec0vzmrxjnaw",2025,3,REG,DEN,LAC,0,0,0,0,0,0,0,0,0,0,0,0,,,0,,0,0,0,0,0,0,,0,0,0,0,0,0,0,0,0,0,,0,,0.0,0.0,0.0,0,1,0,1,0,0,0,0.0,0.0,0,0,0,0,0,0,0,0,0,0,0,0,0,0,0,0,0,0,0,0,0,0,0,,,0,0,0,0,0,0,0,0,0,0,0,0,,,,0,0,0,0,0,0,0,,0,0,0,0,0,0.0,0.0
00-0037086,G.Calcaterra,Grant Calcaterra,TE,TE,"https://static.www.nfl.com/image/upload/f_auto,q_auto/league/xzfqqlmavruytirlmg3n",2025,3,REG,PHI,LA,0,0,0,0,0,0,0,0,0,0,0,0,,,0,,0,0,0,0,0,0,,0,0,0,0,0,0,0,0,0,0,,0,,0.0,0.0,0.0,0,1,0,0,0,0,0,0.0,0.0,0,0,0,0,0,0,0,0,0,0,0,0,0,0,0,0,0,0,0,0,0,0,0,,,0,0,0,0,0,0,0,0,0,0,0,0,,,,0,0,0,0,0,0,0,,0,0,0,0,0,0.0,0.0
00-0037093,D.Young,Dareke Young,WR,WR,"https://static.www.nfl.com/image/upload/f_auto,q_auto/league/umjr6zhpksws2vpfo0qe",2025,3,REG,SEA,NO,0,0,0,0,0,0,0,0,0,0,0,0,,,0,,0,0,0,0,0,0,,0,1,1,12,0,0,0,12,0,1,0.7780408487888053,0,1.0,0.05,0.0736196319018405,0.12653374233128836,0,0,0,0,0,0,0,0.0,0.0,0,0,0,0,0,0,0,0,0,0,0,0,0,0,0,0,0,2,92,0,0,0,0,,,0,0,0,0,0,0,0,0,0,0,0,0,,,,0,0,0,0,0,0,0,,0,0,0,0,0,1.2000000000000002,2.2
00-0037109,J.Sanborn,Jack Sanborn,LB,LB,"https://static.www.nfl.com/image/upload/f_auto,q_auto/league/zlvowg4wze6yjwccibk2",2025,3,REG,DAL,CHI,0,0,0,0,0,0,0,0,0,0,0,0,,,0,,0,0,0,0,0,0,,0,0,0,0,0,0,0,0,0,0,,0,,0.0,0.0,0.0,0,3,0,4,0,0,0,0.0,0.0,0,0,0,0,0,0,0,0,0,0,0,0,0,0,0,0,0,0,0,0,0,0,0,,,0,0,0,0,0,0,0,0,0,0,0,0,,,,0,0,0,0,0,0,0,,0,0,0,0,0,0.0,0.0
00-0037112,J.Tonges,Jake Tonges,TE,TE,"https://static.www.nfl.com/image/upload/f_auto,q_auto/league/uztcdowl4wig2uhy1qxh",2025,3,REG,SF,ARI,0,0,0,0,0,0,0,0,0,0,0,0,,,0,,0,0,0,0,0,0,,0,2,3,21,0,0,0,24,7,2,0.7344878194853663,0,0.875,0.07894736842105263,0.07766990291262135,0.1727899846704139,0,0,0,0,0,0,0,0.0,0.0,0,0,0,0,0,0,0,0,0,0,0,0,0,0,0,0,0,0,0,0,0,0,0,,,0,0,0,0,0,0,0,0,0,0,0,0,,,,0,0,0,0,0,0,0,,0,0,0,0,0,2.1,4.1
00-0037120,T.Goodson,Tyler Goodson,RB,RB,"https://static.www.nfl.com/image/upload/f_auto,q_auto/league/fvuevf0apxtfjwdj7l0e",2025,3,REG,IND,TEN,0,0,0,0,0,0,0,0,0,0,0,0,,,0,,2,6,0,0,0,0,-0.47835944849066436,0,0,0,0,0,0,0,0,0,0,,0,,0.0,0.0,0.0,0,0,0,0,0,0,0,0.0,0.0,0,0,0,0,0,0,0,0,0,0,0,0,0,0,0,0,0,0,0,0,0,0,0,,,0,0,0,0,0,0,0,0,0,0,0,0,,,,0,0,0,0,0,0,0,,0,0,0,0,0,0.6000000000000001,0.6000000000000001
00-0037130,R.Blankenship,Reed Blankenship,SAF,DB,"https://static.www.nfl.com/image/upload/f_auto,q_auto/league/fot7g8gs7nv4ecavlisf",2025,3,REG,PHI,LA,0,0,0,0,0,0,0,0,0,0,0,0,,,0,,0,0,0,0,0,0,,0,0,0,0,0,0,0,0,0,0,,0,,0.0,0.0,0.0,0,2,0,2,0,0,0,0.0,0.0,0,0,0,1,0,0,0,0,0,0,0,0,0,0,0,0,0,0,0,0,0,0,0,,,0,0,0,0,0,0,0,0,0,0,0,0,,,,0,0,0,0,0,0,0,,0,0,0,0,0,0.0,0.0
00-0037137,J.Jobe,Josh Jobe,CB,DB,"https://static.www.nfl.com/image/upload/f_auto,q_auto/league/tfksoqwgf4axolfjv6zi",2025,3,REG,SEA,NO,0,0,0,0,0,0,0,0,0,0,0,0,,,0,,0,0,0,0,0,0,,0,0,0,0,0,0,0,0,0,0,,0,,0.0,0.0,0.0,0,9,0,2,0,0,0,0.0,0.0,0,0,0,1,0,0,0,0,0,0,0,0,0,3,15,0,0,0,0,0,0,0,0,,,0,0,0,0,0,0,0,0,0,0,0,0,,,,0,0,0,0,0,0,0,,0,0,0,0,0,0.0,0.0
00-0037190,A.Gardner,Sauce Gardner,CB,DB,"https://static.www.nfl.com/image/upload/f_auto,q_auto/league/vpwiytfdvaptwbtparmo",2025,3,REG,NYJ,TB,0,0,0,0,0,0,0,0,0,0,0,0,,,0,,0,0,0,0,0,0,,0,0,0,0,0,0,0,0,0,0,,0,,0.0,0.0,0.0,0,4,0,1,0,0,0,0.0,0.0,0,0,0,0,0,0,0,0,0,0,0,0,0,1,26,0,0,0,0,0,0,0,0,,,0,0,0,0,0,0,0,0,0,0,0,0,,,,0,0,0,0,0,0,0,,0,0,0,0,0,0.0,0.0
00-0037191,T.McDuffie,Trent McDuffie,CB,DB,"https://static.www.nfl.com/image/upload/f_auto,q_auto/league/nkb7xmyxy4uxe4qhablh",2025,3,REG,KC,NYG,0,0,0,0,0,0,0,0,0,0,0,0,,,0,,0,0,0,0,0,0,,0,0,0,0,0,0,0,0,0,0,,0,,0.0,0.0,0.0,0,3,0,1,0,0,0,0.0,0.0,0,0,0,0,0,0,0,0,0,0,0,0,0,1,5,0,0,0,0,0,0,0,0,,,0,0,0,0,0,0,0,0,0,0,0,0,,,,0,0,0,0,0,0,0,,0,0,0,0,0,0.0,0.0
00-0037192,G.Karlaftis,George Karlaftis,DE,DL,"https://static.www.nfl.com/image/upload/f_auto,q_auto/league/hxs6hihwuusxydnr8skh",2025,3,REG,KC,NYG,0,0,0,0,0,0,0,0,0,0,0,0,,,0,,0,0,0,0,0,0,,0,0,0,0,0,0,0,0,0,0,,0,,0.0,0.0,0.0,0,7,1,2,3,6,0,1.0,4.0,5,0,0,1,0,0,0,0,0,0,0,0,0,1,15,0,0,0,0,0,0,0,0,,,0,0,0,0,0,0,0,0,0,0,0,0,,,,0,0,0,0,0,0,0,,0,0,0,0,0,0.0,0.0
00-0037193,B.Cook,Bryan Cook,SAF,DB,"https://static.www.nfl.com/image/upload/f_auto,q_auto/league/ge8j9sel1xacfl2plnol",2025,3,REG,KC,NYG,0,0,0,0,0,0,0,0,0,0,0,0,,,0,,0,0,0,0,0,0,,0,0,0,0,0,0,0,0,0,0,,0,,0.0,0.0,0.0,0,0,0,2,0,0,0,0.0,0.0,0,0,0,1,0,0,0,0,0,0,0,0,0,0,0,0,0,0,0,0,0,0,0,,,0,0,0,0,0,0,0,0,0,0,0,0,,,,0,0,0,0,0,0,0,,0,0,0,0,0,0.0,0.0
00-0037195,J.Watson,Jaylen Watson,CB,DB,"https://static.www.nfl.com/image/upload/f_auto,q_auto/league/vxmoq9pwno4z14gldecd",2025,3,REG,KC,NYG,0,0,0,0,0,0,0,0,0,0,0,0,,,0,,0,0,0,0,0,0,,0,0,0,0,0,0,0,0,0,0,,0,,0.0,0.0,0.0,0,5,0,2,0,0,0,0.0,0.0,0,1,0,2,0,0,0,0,0,0,0,0,0,0,0,0,0,0,0,0,0,0,0,,,0,0,0,0,0,0,0,0,0,0,0,0,,,,0,0,0,0,0,0,0,,0,0,0,0,0,0.0,0.0
00-0037196,R.Walker,Rasheed Walker,OT,OL,"https://static.www.nfl.com/image/upload/f_auto,q_auto/league/txizso7r4uhuocg4uhks",2025,3,REG,GB,CLE,0,0,0,0,0,0,0,0,0,0,0,0,,,0,,0,0,0,0,0,0,,0,0,0,0,0,0,0,0,0,0,,0,,0.0,0.0,0.0,0,0,0,0,0,0,0,0.0,0.0,0,0,0,0,0,0,0,0,0,0,0,0,0,3,15,0,0,0,0,0,0,0,0,,,0,0,0,0,0,0,0,0,0,0,0,0,,,,0,0,0,0,0,0,0,,0,0,0,0,0,0.0,0.0
00-0037197,I.Pacheco,Isiah Pacheco,RB,RB,"https://static.www.nfl.com/image/upload/f_auto,q_auto/league/tqshteijt4xhgk2ei9sx",2025,3,REG,KC,NYG,0,0,0,0,0,0,0,0,0,0,0,0,,,0,,10,45,0,0,0,2,0.14502520998939872,0,1,1,3,0,0,0,-3,6,0,-0.4745529545471072,0,-1.0,0.02857142857142857,-0.009404388714733543,0.036274070756829375,0,0,0,0,0,0,0,0.0,0.0,0,0,0,0,0,0,0,0,1,1,0,0,0,0,0,0,0,0,0,0,0,0,0,,,0,0,0,0,0,0,0,0,0,0,0,0,,,,0,0,0,0,0,0,0,,0,0,0,0,0,4.800000000000001,5.800000000000001
00-0037205,B.Schooler,Brenden Schooler,SAF,DB,"https://static.www.nfl.com/image/upload/f_auto,q_auto/league/lawgvaccr2r2susesv1g",2025,3,REG,NE,PIT,0,0,0,0,0,0,0,0,0,0,0,0,,,0,,0,0,0,0,0,0,,0,0,0,0,0,0,0,0,0,0,,0,,0.0,0.0,0.0,0,1,0,0,0,0,0,0.0,0.0,0,0,0,0,0,0,0,0,0,0,0,0,0,0,0,0,0,0,0,0,0,0,0,,,0,0,0,0,0,0,0,0,0,0,0,0,,,,0,0,0,0,0,0,0,,0,0,0,0,0,0.0,0.0
00-0037224,C.Dicker,Cameron Dicker,K,SPEC,"https://static.www.nfl.com/image/upload/f_auto,q_auto/league/vd4nd1hoax82j7fi2bx0",2025,3,REG,LAC,DEN,0,0,0,0,0,0,0,0,0,0,0,0,,,0,,0,0,0,0,0,0,,0,0,0,0,0,0,0,0,0,0,,0,,0.0,0.0,0.0,0,0,0,0,0,0,0,0.0,0.0,0,0,0,0,0,0,0,0,0,0,0,0,0,0,0,0,0,0,0,3,3,0,0,43.0,1.0,0,1,1,1,0,0,0,0,0,0,0,0,32;24;43,,,99,0,0,2,2,0,0,1.0,1,1,0,0,43,0.0,0.0
00-0037228,J.Warren,Jaylen Warren,RB,RB,"https://static.www.nfl.com/image/upload/f_auto,q_auto/league/f3txbqdarbabqtq4sx98",2025,3,REG,PIT,NE,0,0,0,0,0,0,0,0,0,0,0,0,,,0,,18,47,0,0,0,5,-2.7167021761997603,0,5,6,34,0,0,0,-20,49,1,-0.6221001808298752,0,-1.7,0.2727272727272727,-0.17543859649122806,0.2862838915470494,0,0,0,0,0,0,0,0.0,0.0,0,0,0,0,0,0,0,0,0,0,0,0,0,0,0,0,0,0,0,0,0,0,0,,,0,0,0,0,0,0,0,0,0,0,0,0,,,,0,0,0,0,0,0,0,,0,0,0,0,0,8.1,13.1
00-0037231,K.Austin,Kevin Austin Jr.,WR,WR,"https://static.www.nfl.com/image/upload/f_auto,q_auto/league/fh2yaqaxkornxeb7d9ie",2025,3,REG,NO,SEA,0,0,0,0,0,0,0,0,0,0,0,0,,,0,,0,0,0,0,0,0,,0,0,1,0,0,0,0,23,0,0,-1.2293068341678008,0,0.0,0.024390243902439025,0.06628242074927954,0.08298306037815421,0,0,0,0,0,0,0,0.0,0.0,0,0,0,0,0,0,0,0,0,0,0,0,0,0,0,0,0,0,0,0,0,0,0,,,0,0,0,0,0,0,0,0,0,0,0,0,,,,0,0,0,0,0,0,0,,0,0,0,0,0,0.0,0.0
00-0037235,T.Walker,Travon Walker,DE,DL,"https://static.www.nfl.com/image/upload/f_auto,q_auto/league/dg4shgrhcxlmhrdaifiu",2025,3,REG,JAX,HOU,0,0,0,0,0,0,0,0,0,0,0,0,,,0,,0,0,0,0,0,0,,0,0,0,0,0,0,0,0,0,0,,0,,0.0,0.0,0.0,0,1,0,2,1,12,0,1.0,12.0,1,0,0,0,0,0,0,0,0,0,0,0,0,0,0,0,0,0,0,0,0,0,0,,,0,0,0,0,0,0,0,0,0,0,0,0,,,,0,0,0,0,0,0,0,,0,0,0,0,0,0.0,0.0
00-0037236,A.Hutchinson,Aidan Hutchinson,DE,DL,"https://static.www.nfl.com/image/upload/f_auto,q_auto/league/mnv2cpjveex9rtrkkaly",2025,3,REG,DET,BAL,0,0,0,0,0,0,0,0,0,0,0,0,,,0,,0,0,0,0,0,0,,0,0,0,0,0,0,0,0,0,0,,0,,0.0,0.0,0.0,0,2,0,0,1,6,1,1.0,6.0,1,0,0,0,0,0,0,0,0,0,0,0,0,1,5,0,0,0,0,0,0,0,0,,,0,0,0,0,0,0,0,0,0,0,0,0,,,,0,0,0,0,0,0,0,,0,0,0,0,0,0.0,0.0
00-0037237,D.Stingley,Derek Stingley Jr.,CB,DB,"https://static.www.nfl.com/image/upload/f_auto,q_auto/league/wkzinciyrrmsqdlda8lj",2025,3,REG,HOU,JAX,0,0,0,0,0,0,0,0,0,0,0,0,,,0,,0,0,0,0,0,0,,0,0,0,0,0,0,0,0,0,0,,0,,0.0,0.0,0.0,0,0,0,0,0,0,0,0.0,0.0,0,0,0,1,0,0,0,0,0,0,0,0,0,1,11,0,0,0,0,0,0,0,0,,,0,0,0,0,0,0,0,0,0,0,0,0,,,,0,0,0,0,0,0,0,,0,0,0,0,0,0.0,0.0
00-0037238,D.London,Drake London,WR,WR,"https://static.www.nfl.com/image/upload/f_auto,q_auto/league/np91pvk7mczra1iyjkmo",2025,3,REG,ATL,CAR,0,0,0,0,0,0,0,0,0,0,0,0,,,0,,0,0,0,0,0,0,,0,5,8,55,0,0,0,101,14,3,2.6439829976187657,0,0.5445544554455446,0.1951219512195122,0.3300653594771242,0.5237286784632552,0,0,0,0,0,0,0,0.0,0.0,0,0,0,0,0,0,0,0,0,0,0,0,0,0,0,0,0,0,0,0,0,0,0,,,0,0,0,0,0,0,0,0,0,0,0,0,,,,0,0,0,0,0,0,0,,0,0,0,0,0,5.5,10.5
00-0037239,C.Olave,Chris Olave,WR,WR,"https://static.www.nfl.com/image/upload/f_auto,q_auto/league/vrrmyvpvujynckag9jop",2025,3,REG,NO,SEA,0,0,0,0,0,0,0,0,0,0,0,0,,,0,,0,0,0,0,0,0,,0,10,14,57,0,0,0,92,27,4,1.8509033784320819,0,0.6195652173913043,0.34146341463414637,0.26512968299711814,0.6977859000492022,0,0,0,0,0,0,0,0.0,0.0,0,0,0,0,0,0,0,0,0,0,0,0,0,1,5,0,0,0,0,0,0,0,0,,,0,0,0,0,0,0,0,0,0,0,0,0,,,,0,0,0,0,0,0,0,,0,0,0,0,0,5.7,15.7
00-0037240,J.Williams,Jameson Williams,WR,WR,"https://static.www.nfl.com/image/upload/f_auto,q_auto/league/gpjarmglg1jhwq5wr1uu",2025,3,REG,DET,BAL,0,0,0,0,0,0,0,0,0,0,0,0,,,0,,0,0,0,0,0,0,,0,2,3,43,0,0,0,54,4,2,4.47678966447711,0,0.7962962962962963,0.11538461538461539,0.2559241706161137,0.35222384250820266,0,0,0,0,0,0,0,0.0,0.0,0,0,0,0,0,0,0,0,0,0,0,0,0,0,0,0,0,0,0,0,0,0,0,,,0,0,0,0,0,0,0,0,0,0,0,0,,,,0,0,0,0,0,0,0,,0,0,0,0,0,4.3,6.3
00-0037242,K.Elam,Kaiir Elam,CB,DB,"https://static.www.nfl.com/image/upload/f_auto,q_auto/league/ye7stldje2waxyyjukvw",2025,3,REG,DAL,CHI,0,0,0,0,0,0,0,0,0,0,0,0,,,0,,0,0,0,0,0,0,,0,0,0,0,0,0,0,0,0,0,,0,,0.0,0.0,0.0,0,1,0,1,0,0,0,0.0,0.0,0,0,0,0,0,0,0,0,0,0,0,0,0,0,0,0,0,0,0,0,0,0,0,,,0,0,0,0,0,0,0,0,0,0,0,0,,,,0,0,0,0,0,0,0,,0,0,0,0,0,0.0,0.0
00-0037244,D.Lloyd,Devin Lloyd,LB,LB,"https://static.www.nfl.com/image/upload/f_auto,q_auto/league/f4iyy3k80fzfzsgavxon",2025,3,REG,JAX,HOU,0,0,0,0,0,0,0,0,0,0,0,0,,,0,,0,0,0,0,0,0,,0,0,0,0,0,0,0,0,0,0,,0,,0.0,0.0,0.0,0,4,0,2,1,1,0,0.0,0.0,0,0,0,0,0,0,0,0,0,0,1,1,0,0,0,0,0,0,0,0,0,0,0,,,0,0,0,0,0,0,0,0,0,0,0,0,,,,0,0,0,0,0,0,0,,0,0,0,0,0,0.0,0.0
00-0037246,J.Pitre,Jalen Pitre,SAF,DB,"https://static.www.nfl.com/image/upload/f_auto,q_auto/league/nq8a3zanbbjoihquklor",2025,3,REG,HOU,JAX,0,0,0,0,0,0,0,0,0,0,0,0,,,0,,0,0,0,0,0,0,,0,0,0,0,0,0,0,0,0,0,,0,,0.0,0.0,0.0,0,3,0,0,0,0,0,0.0,0.0,0,1,0,3,0,0,0,0,0,0,0,0,0,0,0,0,0,0,0,0,0,0,0,,,0,0,0,0,0,0,0,0,0,0,0,0,,,,0,0,0,0,0,0,0,,0,0,0,0,0,0.0,0.0
00-0037247,G.Pickens,George Pickens,WR,WR,"https://static.www.nfl.com/image/upload/f_auto,q_auto/league/cbpyykoguf7rsxezqzvk",2025,3,REG,DAL,CHI,0,0,0,0,0,0,0,0,0,0,0,0,,,0,,0,0,0,0,0,0,,0,5,9,68,1,0,0,76,24,5,0.136325386728406,0,0.8947368421052632,0.20454545454545456,0.2835820895522388,0.5053256445047489,0,1,0,0,0,0,0,0.0,0.0,0,0,0,0,0,0,0,0,0,0,0,0,0,0,0,0,0,0,0,0,0,0,0,,,0,0,0,0,0,0,0,0,0,0,0,0,,,,0,0,0,0,0,0,0,,0,0,0,0,0,12.8,17.8
00-0037248,J.Cook,James Cook,RB,RB,"https://static.www.nfl.com/image/upload/f_auto,q_auto/league/anjbznqb9i21wzcgrtbs",2025,3,REG,BUF,MIA,0,0,0,0,0,0,0,0,0,0,0,0,,,0,,19,108,1,0,0,6,2.3779587577446364,0,3,3,10,0,0,0,5,5,0,-0.9475014915806241,0,2.0,0.1111111111111111,0.04504504504504504,0.19819819819819817,0,0,0,0,0,0,0,0.0,0.0,0,0,0,0,0,0,0,0,0,0,0,0,0,0,0,0,0,0,0,0,0,0,0,,,0,0,0,0,0,0,0,0,0,0,0,0,,,,0,0,0,0,0,0,0,,0,0,0,0,0,17.8,20.8
00-0037249,N.Bonitto,Nik Bonitto,LB,LB,"https://static.www.nfl.com/image/upload/f_auto,q_auto/league/y1ptokk7b6jovbe2gtss",2025,3,REG,DEN,LAC,0,0,0,0,0,0,0,0,0,0,0,0,,,0,,0,0,0,0,0,0,,0,0,0,0,0,0,0,0,0,0,,0,,0.0,0.0,0.0,0,3,0,1,2,16,0,2.0,16.0,5,0,0,0,0,0,0,0,0,0,0,0,0,1,5,0,0,0,0,0,0,0,0,,,0,0,0,0,0,0,0,0,0,0,0,0,,,,0,0,0,0,0,0,0,,0,0,0,0,0,0.0,0.0
00-0037251,A.Wright,Alex Wright,DE,DL,"https://static.www.nfl.com/image/upload/f_auto,q_auto/league/rwvd1sputd9x1dziyznz",2025,3,REG,CLE,GB,0,0,0,0,0,0,0,0,0,0,0,0,,,0,,0,0,0,0,0,0,,0,0,0,0,0,0,0,0,0,0,,0,,0.0,0.0,0.0,0,1,0,0,1,5,0,1.0,5.0,1,0,0,0,0,0,0,0,0,0,0,0,0,0,0,0,0,0,0,0,0,0,0,,,0,0,0,0,0,0,0,0,0,0,0,0,,,,0,0,0,0,0,0,0,,0,0,0,0,0,0.0,0.0
00-0037253,M.Jones,Marcus Jones,CB,DB,"https://static.www.nfl.com/image/upload/f_auto,q_auto/league/bwy0az1y2vgvirna4bye",2025,3,REG,NE,PIT,0,0,0,0,0,0,0,0,0,0,0,0,,,0,,0,0,0,0,0,0,,0,0,0,0,0,0,0,0,0,0,,0,,0.0,0.0,0.0,0,1,1,0,0,0,0,0.0,0.0,0,0,0,0,0,0,0,0,0,0,0,0,0,1,15,1,11,0,0,0,0,0,0,,,0,0,0,0,0,0,0,0,0,0,0,0,,,,0,0,0,0,0,0,0,,0,0,0,0,0,0.0,0.0
00-0037254,T.Bernard,Terrel Bernard,LB,LB,"https://static.www.nfl.com/image/upload/f_auto,q_auto/league/ryvz6uol9kymdgslc0rh",2025,3,REG,BUF,MIA,0,0,0,0,0,0,0,0,0,0,0,0,,,0,,0,0,0,0,0,0,,0,0,0,0,0,0,0,0,0,0,,0,,0.0,0.0,0.0,0,5,0,2,1,2,0,0.0,0.0,0,1,24,1,0,0,0,0,0,0,0,0,0,0,0,0,0,0,0,0,0,0,0,,,0,0,0,0,0,0,0,0,0,0,0,0,,,,0,0,0,0,0,0,0,,0,0,0,0,0,0.0,0.0
00-0037256,R.White,Rachaad White,RB,RB,"https://static.www.nfl.com/image/upload/f_auto,q_auto/league/sxugbms8ketvgmilnlu3",2025,3,REG,TB,NYJ,0,0,0,0,0,0,0,0,0,0,0,0,,,0,,5,12,0,0,0,0,-2.3750732676245963,0,1,1,2,0,0,0,-7,9,0,-0.41923980998683064,0,-0.2857142857142857,0.034482758620689655,-0.03017241379310345,0.030603448275862068,0,0,0,0,0,0,0,0.0,0.0,0,0,0,0,0,0,0,0,0,0,0,0,0,0,0,0,0,0,0,0,0,0,0,,,0,0,0,0,0,0,0,0,0,0,0,0,,,,0,0,0,0,0,0,0,,0,0,0,0,0,1.4000000000000001,2.4000000000000004
00-0037261,K.Shakir,Khalil Shakir,WR,WR,"https://static.www.nfl.com/image/upload/f_auto,q_auto/league/otadttbhvkmavhsonnqm",2025,3,REG,BUF,MIA,0,0,0,0,0,0,0,0,0,0,0,0,,,0,,0,0,0,0,0,0,,0,4,4,45,1,0,0,0,45,2,4.005442807159852,0,0.0,0.14814814814814814,0.0,0.2222222222222222,0,0,0,0,0,0,0,0.0,0.0,0,0,0,0,0,0,0,0,0,0,0,0,0,0,0,0,0,0,0,0,0,0,0,,,0,0,0,0,0,0,0,0,0,0,0,0,,,,0,0,0,0,0,0,0,,0,0,0,0,0,10.5,14.5
00-0037262,T.Booker,Thomas Booker,DT,DL,"https://static.www.nfl.com/image/upload/f_auto,q_auto/league/mial4vlgplowh3uxrnmk",2025,3,REG,LV,WAS,0,0,0,0,0,0,0,0,0,0,0,0,,,0,,0,0,0,0,0,0,,0,0,0,0,0,0,0,0,0,0,,0,,0.0,0.0,0.0,0,2,0,1,0,0,1,0.0,0.0,0,0,0,0,0,0,0,0,0,0,0,0,0,0,0,0,0,0,0,0,0,0,0,,,0,0,0,0,0,0,0,0,0,0,0,0,,,,0,0,0,0,0,0,0,,0,0,0,0,0,0.0,0.0
00-0037263,T.Allgeier,Tyler Allgeier,RB,RB,"https://static.www.nfl.com/image/upload/f_auto,q_auto/league/buwaomfsz4y6orgb0cyg",2025,3,REG,ATL,CAR,0,0,0,0,0,0,0,0,0,0,0,0,,,0,,1,4,0,0,0,0,-0.10957707744091749,0,1,2,0,0,0,0,-5,0,0,-1.2800229208078235,0,-0.0,0.04878048780487805,-0.016339869281045753,0.061732823210585056,0,0,0,0,0,0,0,0.0,0.0,0,0,0,0,0,0,0,0,0,0,0,0,0,0,0,0,0,0,0,0,0,0,0,,,0,0,0,0,0,0,0,0,0,0,0,0,,,,0,0,0,0,0,0,0,,0,0,0,0,0,0.4,1.4
00-0037267,J.Ford,Jerome Ford,RB,RB,"https://static.www.nfl.com/image/private/f_auto,q_auto/league/djggmwo5v8osoboiseo2",2025,3,REG,CLE,GB,0,0,0,0,0,0,0,0,0,0,0,0,,,0,,0,0,0,0,0,0,,0,4,4,10,0,0,0,-5,15,0,-1.6804627756191919,0,-2.0,0.12121212121212122,-0.01968503937007874,0.1680386542591267,0,0,0,0,0,0,0,0.0,0.0,0,0,0,0,0,0,0,0,0,0,0,0,0,0,0,0,0,0,0,0,0,0,0,,,0,0,0,0,0,0,0,0,0,0,0,0,,,,0,0,0,0,0,0,0,,0,0,0,0,0,1.0,5.0
00-0037268,Z.McCollum,Zyon McCollum,CB,DB,"https://static.www.nfl.com/image/upload/f_auto,q_auto/league/pkpopwwr1bwjvpxwqs94",2025,3,REG,TB,NYJ,0,0,0,0,0,0,0,0,0,0,0,0,,,0,,0,0,0,0,0,0,,0,0,0,0,0,0,0,0,0,0,,0,,0.0,0.0,0.0,0,9,0,0,0,0,0,0.0,0.0,0,0,0,0,0,0,0,0,0,0,0,0,0,0,0,0,0,0,0,0,0,0,0,,,0,0,0,0,0,0,0,0,0,0,0,0,,,,0,0,0,0,0,0,0,,0,0,0,0,0,0.0,0.0
00-0037269,E.Johnson,Eric Johnson,DT,DL,"https://static.www.nfl.com/image/upload/f_auto,q_auto/league/fsvxbdkpnaondae99zbl",2025,3,REG,IND,TEN,0,0,0,0,0,0,0,0,0,0,0,0,,,0,,0,0,0,0,0,0,,0,0,0,0,0,0,0,0,0,0,,0,,0.0,0.0,0.0,0,1,0,0,1,6,0,0.0,0.0,0,0,0,0,0,0,0,0,0,0,0,0,0,0,0,0,0,0,0,0,0,0,0,,,0,0,0,0,0,0,0,0,0,0,0,0,,,,0,0,0,0,0,0,0,,0,0,0,0,0,0.0,0.0
00-0037280,M.Butler,Matthew Butler,DT,DL,"https://static.www.nfl.com/image/upload/f_auto,q_auto/league/nsv9pnp9s8oaxaepftzk",2025,3,REG,MIA,BUF,0,0,0,0,0,0,0,0,0,0,0,0,,,0,,0,0,0,0,0,0,,0,0,0,0,0,0,0,0,0,0,,0,,0.0,0.0,0.0,0,0,0,1,0,0,0,0.0,0.0,0,0,0,0,0,0,0,0,0,0,0,0,0,0,0,0,0,0,0,0,0,0,0,,,0,0,0,0,0,0,0,0,0,0,0,0,,,,0,0,0,0,0,0,0,,0,0,0,0,0,0.0,0.0
00-0037281,D.Clark,Damone Clark,LB,LB,"https://static.www.nfl.com/image/upload/f_auto,q_auto/league/gmsr31hk1blgplqqkzml",2025,3,REG,DAL,CHI,0,0,0,0,0,0,0,0,0,0,0,0,,,0,,0,0,0,0,0,0,,0,0,0,0,0,0,0,0,0,0,,0,,0.0,0.0,0.0,0,1,0,1,0,0,0,0.0,0.0,0,0,0,0,0,0,0,0,0,0,0,0,0,0,0,0,0,0,0,0,0,0,0,,,0,0,0,0,0,0,0,0,0,0,0,0,,,,0,0,0,0,0,0,0,,0,0,0,0,0,0.0,0.0
00-0037284,M.Araiza,Matt Araiza,P,SPEC,"https://static.www.nfl.com/image/upload/f_auto,q_auto/league/q4wjyhw18fj0omjkzql4",2025,3,REG,KC,NYG,0,0,0,0,0,0,0,0,0,0,0,0,,,0,,0,0,0,0,0,0,,0,0,0,0,0,0,0,0,0,0,,0,,0.0,0.0,0.0,0,0,0,0,0,0,0,0.0,0.0,0,0,0,0,0,0,0,0,0,0,0,0,0,0,0,0,0,0,0,0,0,0,0,,,0,0,0,0,0,0,0,0,0,0,0,0,,,,0,0,0,0,0,0,0,,0,0,0,0,0,0.0,0.0
00-0037288,C.Benford,Christian Benford,CB,DB,"https://static.www.nfl.com/image/upload/f_auto,q_auto/league/nltmhbxql5thc91mk1xy",2025,3,REG,BUF,MIA,0,0,0,0,0,0,0,0,0,0,0,0,,,0,,0,0,0,0,0,0,,0,0,0,0,0,0,0,0,0,0,,0,,0.0,0.0,0.0,0,3,0,1,0,0,0,0.0,0.0,0,0,0,0,0,0,0,0,0,0,0,0,0,0,0,0,0,0,0,0,0,0,0,,,0,0,0,0,0,0,0,0,0,0,0,0,,,,0,0,0,0,0,0,0,,0,0,0,0,0,0.0,0.0
00-0037291,J.Nailor,Jalen Nailor,WR,WR,"https://static.www.nfl.com/image/upload/f_auto,q_auto/league/sdsx2pttiiwbfpyuuwiz",2025,3,REG,MIN,CIN,0,0,0,0,0,0,0,0,0,0,0,0,,,0,,0,0,0,0,0,0,,0,3,5,37,0,0,0,64,13,2,1.196292433176906,0,0.578125,0.20833333333333334,0.3404255319148936,0.5507978723404255,0,0,0,0,0,0,0,0.0,0.0,0,0,0,0,0,0,0,0,0,0,0,0,0,0,0,0,0,0,0,0,0,0,0,,,0,0,0,0,0,0,0,0,0,0,0,0,,,,0,0,0,0,0,0,0,,0,0,0,0,0,3.7,6.7
00-0037294,J.Jackson,Jordan Jackson,DT,DL,"https://static.www.nfl.com/image/upload/f_auto,q_auto/league/mygiulff7wmcrv8menhg",2025,3,REG,DEN,LAC,0,0,0,0,0,0,0,0,0,0,0,0,,,0,,0,0,0,0,0,0,,0,0,0,0,0,0,0,0,0,0,,0,,0.0,0.0,0.0,0,1,0,2,0,0,0,0.0,0.0,1,0,0,0,0,0,0,0,0,0,0,0,0,0,0,0,0,0,0,0,0,0,0,,,0,0,0,0,0,0,0,0,0,0,0,0,,,,0,0,0,0,0,0,0,,0,0,0,0,0,0.0,0.0
00-0037295,J.Salyer,Jamaree Salyer,G,OL,"https://static.www.nfl.com/image/upload/f_auto,q_auto/league/u3uyixtjb60xtwwth40a",2025,3,REG,LAC,DEN,0,0,0,0,0,0,0,0,0,0,0,0,,,0,,0,0,0,0,0,0,,0,0,0,0,0,0,0,0,0,0,,0,,0.0,0.0,0.0,0,0,0,0,0,0,0,0.0,0.0,0,0,0,0,0,0,0,0,0,0,0,0,0,1,10,0,0,0,0,0,0,0,0,,,0,0,0,0,0,0,0,0,0,0,0,0,,,,0,0,0,0,0,0,0,,0,0,0,0,0,0.0,0.0
00-0037297,C.Mays,Cade Mays,C,OL,"https://static.www.nfl.com/image/upload/f_auto,q_auto/league/lvwir8l56pkjixweaca4",2025,3,REG,CAR,ATL,0,0,0,0,0,0,0,0,0,0,0,0,,,0,,0,0,0,0,0,0,,0,0,0,0,0,0,0,0,0,0,,0,,0.0,0.0,0.0,0,0,0,0,0,0,0,0.0,0.0,0,0,0,0,0,0,0,0,0,0,0,0,0,1,10,0,0,0,0,0,0,0,0,,,0,0,0,0,0,0,0,0,0,0,0,0,,,,0,0,0,0,0,0,0,,0,0,0,0,0,0.0,0.0
00-0037301,T.Jackson,Theo Jackson,SAF,DB,"https://static.www.nfl.com/image/upload/f_auto,q_auto/league/g9hb4dnu5xp63p5wjvrw",2025,3,REG,MIN,CIN,0,0,0,0,0,0,0,0,0,0,0,0,,,0,,0,0,0,0,0,0,,0,0,0,0,0,0,0,0,0,0,,0,,0.0,0.0,0.0,0,1,0,0,0,0,1,0.0,0.0,0,0,0,0,0,0,0,0,0,0,0,0,0,0,0,0,0,0,0,0,0,0,0,,,0,0,0,0,0,0,0,0,0,0,0,0,,,,0,0,0,0,0,0,0,,0,0,0,0,0,0.0,0.0
00-0037306,J.FitzPatrick,John FitzPatrick,TE,TE,"https://static.www.nfl.com/image/upload/f_auto,q_auto/league/kopyksw2p51nivtldayc",2025,3,REG,GB,CLE,0,0,0,0,0,0,0,0,0,0,0,0,,,0,,0,0,0,0,0,0,,0,2,2,12,1,0,0,5,7,1,3.283563263772521,0,2.4,0.08,0.10416666666666667,0.19291666666666668,0,0,0,0,0,0,0,0.0,0.0,0,0,0,0,0,0,0,0,0,0,0,0,0,0,0,0,0,0,0,0,0,0,0,,,0,0,0,0,0,0,0,0,0,0,0,0,,,,0,0,0,0,0,0,0,,0,0,0,0,0,7.2,9.2
00-0037307,J.Taylor,Ja'Sir Taylor,CB,DB,"https://static.www.nfl.com/image/upload/f_auto,q_auto/league/gne3porgvzs2pzuqhopz",2025,3,REG,LAC,DEN,0,0,0,0,0,0,0,0,0,0,0,0,,,0,,0,0,0,0,0,0,,0,0,0,0,0,0,0,0,0,0,,0,,0.0,0.0,0.0,0,0,0,1,0,0,0,0.0,0.0,0,0,0,0,0,0,0,0,0,0,0,0,0,0,0,0,0,0,0,0,0,0,0,,,0,0,0,0,0,0,0,0,0,0,0,0,,,,0,0,0,0,0,0,0,,0,0,0,0,0,0.0,0.0
00-0037310,J.Houston,James Houston,DE,DL,"https://static.www.nfl.com/image/upload/f_auto,q_auto/league/wrqp1yxxj1diweafto22",2025,3,REG,DAL,CHI,0,0,0,0,0,0,0,0,0,0,0,0,,,0,,0,0,0,0,0,0,,0,0,0,0,0,0,0,0,0,0,,0,,0.0,0.0,0.0,0,1,0,1,0,0,0,0.0,0.0,0,0,0,0,0,0,0,0,0,0,0,0,0,0,0,0,0,0,0,0,0,0,0,,,0,0,0,0,0,0,0,0,0,0,0,0,,,,0,0,0,0,0,0,0,,0,0,0,0,0,0.0,0.0
00-0037311,K.Kieft,Ko Kieft,TE,TE,"https://static.www.nfl.com/image/upload/f_auto,q_auto/league/ibtxauqcq4tjq4xsgf6a",2025,3,REG,TB,NYJ,0,0,0,0,0,0,0,0,0,0,0,0,,,0,,0,0,0,0,0,0,,0,0,0,0,0,0,0,0,0,0,,0,,0.0,0.0,0.0,0,0,0,2,0,0,0,0.0,0.0,0,0,0,0,0,0,0,0,0,0,0,0,0,0,0,0,0,0,0,0,0,0,0,,,0,0,0,0,0,0,0,0,0,0,0,0,,,,0,0,0,0,0,0,0,,0,0,0,0,0,0.0,0.0
00-0037315,C.Goode,Cameron Goode,LB,LB,"https://static.www.nfl.com/image/upload/f_auto,q_auto/league/y9nbijy8p3twagggyodh",2025,3,REG,MIA,BUF,0,0,0,0,0,0,0,0,0,0,0,0,,,0,,0,0,0,0,0,0,,0,0,0,0,0,0,0,0,0,0,,0,,0.0,0.0,0.0,0,0,0,1,0,0,0,0.0,0.0,0,0,0,0,0,0,0,0,0,0,0,0,0,0,0,0,0,0,0,0,0,0,0,,,0,0,0,0,0,0,0,0,0,0,0,0,,,,0,0,0,0,0,0,0,,0,0,0,0,0,0.0,0.0
00-0037321,C.Lucas,Chase Lucas,CB,DB,"https://static.www.nfl.com/image/upload/f_auto,q_auto/league/ftkp0eabjmqrbftyddyo",2025,3,REG,SF,ARI,0,0,0,0,0,0,0,0,0,0,0,0,,,0,,0,0,0,0,0,0,,0,0,0,0,0,0,0,0,0,0,,0,,0.0,0.0,0.0,0,1,0,0,0,0,0,0.0,0.0,0,0,0,0,0,0,0,0,0,0,0,0,0,0,0,0,0,0,0,0,0,0,0,,,0,0,0,0,0,0,0,0,0,0,0,0,,,,0,0,0,0,0,0,0,,0,0,0,0,0,0.0,0.0
00-0037332,D.Bell,D'Anthony Bell,SAF,DB,"https://static.www.nfl.com/image/upload/f_auto,q_auto/league/ckont3gxmlaebwbbkplr",2025,3,REG,SEA,NO,0,0,0,0,0,0,0,0,0,0,0,0,,,0,,0,0,0,0,0,0,,0,0,0,0,0,0,0,0,0,0,,0,,0.0,0.0,0.0,0,2,0,0,1,2,0,0.0,0.0,0,0,0,0,0,0,0,0,0,0,0,0,0,0,0,0,0,0,0,0,0,0,0,,,0,0,0,0,0,0,0,0,0,0,0,0,,,,0,0,0,0,0,0,0,,0,0,0,0,0,0.0,0.0
00-0037348,T.Conner,Tanner Conner,TE,TE,"https://static.www.nfl.com/image/upload/f_auto,q_auto/league/ndhpqkxblrd3vcbcfadw",2025,3,REG,MIA,BUF,0,0,0,0,0,0,0,0,0,0,0,0,,,0,,0,0,0,0,0,0,,0,1,2,13,0,0,0,7,12,1,-0.08079345017904416,0,1.8571428571428572,0.06060606060606061,0.03431372549019608,0.11492869875222816,0,0,0,0,0,0,0,0.0,0.0,0,0,0,0,0,0,0,0,0,0,0,0,0,0,0,0,0,0,0,0,0,0,0,,,0,0,0,0,0,0,0,0,0,0,0,0,,,,0,0,0,0,0,0,0,,0,0,0,0,0,1.3,2.3
00-0037380,K.Davis,Kaden Davis,WR,WR,"https://static.www.nfl.com/image/upload/f_auto,q_auto/league/z8viajevykmyr0utahgl",2025,3,REG,CLE,GB,0,0,0,0,0,0,0,0,0,0,0,0,,,0,,0,0,0,0,0,0,,0,0,0,0,0,0,0,0,0,0,,0,,0.0,0.0,0.0,0,0,0,1,0,0,0,0.0,0.0,0,0,0,0,0,0,0,0,0,0,0,0,0,0,0,0,0,1,28,0,0,0,0,,,0,0,0,0,0,0,0,0,0,0,0,0,,,,0,0,0,0,0,0,0,,0,0,0,0,0,0.0,0.0
00-0037384,J.McMillian,Ja'Quan McMillian,CB,DB,"https://static.www.nfl.com/image/upload/f_auto,q_auto/league/kpgabuesfqci0swbrkem",2025,3,REG,DEN,LAC,0,0,0,0,0,0,0,0,0,0,0,0,,,0,,0,0,0,0,0,0,,0,0,0,0,0,0,0,0,0,0,,0,,0.0,0.0,0.0,0,4,0,1,0,0,1,0.0,0.0,0,0,0,0,0,0,0,0,0,0,0,0,0,0,0,0,0,0,0,0,0,0,0,,,0,0,0,0,0,0,0,0,0,0,0,0,,,,0,0,0,0,0,0,0,,0,0,0,0,0,0.0,0.0
00-0037395,D.Flowers,Dallis Flowers,CB,DB,"https://static.www.nfl.com/image/upload/f_auto,q_auto/league/ejoqt02yk1eubbibnxre",2025,3,REG,CHI,DAL,0,0,0,0,0,0,0,0,0,0,0,0,,,0,,0,0,0,0,0,0,,0,0,0,0,0,0,0,0,0,0,,0,,0.0,0.0,0.0,0,1,0,0,0,0,0,0.0,0.0,0,0,0,0,0,0,0,0,0,0,0,0,0,0,0,0,0,0,0,0,0,0,0,,,0,0,0,0,0,0,0,0,0,0,0,0,,,,0,0,0,0,0,0,0,,0,0,0,0,0,0.0,0.0
00-0037457,J.Hansen,Jake Hansen,LB,LB,"https://static.www.nfl.com/image/upload/f_auto,q_auto/league/x63vwyjtybkdrulfmr2j",2025,3,REG,HOU,JAX,0,0,0,0,0,0,0,0,0,0,0,0,,,0,,0,0,0,0,0,0,,0,0,0,0,0,0,0,0,0,0,,0,,0.0,0.0,0.0,0,0,0,1,0,0,0,0.0,0.0,0,0,0,0,0,0,0,0,0,0,0,0,0,0,0,0,0,0,0,0,0,0,0,,,0,0,0,0,0,0,0,0,0,0,0,0,,,,0,0,0,0,0,0,0,,0,0,0,0,0,0.0,0.0
00-0037461,T.McCollum,Tristin McCollum,SAF,DB,"https://static.www.nfl.com/image/upload/f_auto,q_auto/league/lob4yulcbxvkweblc0dg",2025,3,REG,LV,WAS,0,0,0,0,0,0,0,0,0,0,0,0,,,0,,0,0,0,0,0,0,,0,0,0,0,0,0,0,0,0,0,,0,,0.0,0.0,0.0,0,2,0,0,0,0,0,0.0,0.0,0,0,0,0,0,0,0,0,0,0,0,0,0,0,0,0,0,0,0,0,0,0,0,,,0,0,0,0,0,0,0,0,0,0,0,0,,,,0,0,0,0,0,0,0,,0,0,0,0,0,0.0,0.0
00-0037500,R.Wright,Ryan Wright,P,SPEC,"https://static.www.nfl.com/image/upload/f_auto,q_auto/league/n7t34xvfvc2pxgtcwnlw",2025,3,REG,MIN,CIN,0,0,0,0,0,0,0,0,0,0,0,0,,,0,,0,0,0,0,0,0,,0,0,0,0,0,0,0,0,0,0,,0,,0.0,0.0,0.0,0,0,0,0,0,0,0,0.0,0.0,0,0,0,0,0,0,0,0,0,0,0,0,0,0,0,0,0,0,0,0,0,0,0,,,0,0,0,0,0,0,0,0,0,0,0,0,,,,0,0,0,0,0,0,0,,0,0,0,0,0,0.0,0.0
00-0037512,I.Pola-Mao,Isaiah Pola-Mao,SAF,DB,"https://static.www.nfl.com/image/upload/f_auto,q_auto/league/iv2fsbkqbciaglpqrlbd",2025,3,REG,LV,WAS,0,0,0,0,0,0,0,0,0,0,0,0,,,0,,0,0,0,0,0,0,,0,0,0,0,0,0,0,0,0,0,,0,,0.0,0.0,0.0,0,1,0,4,0,0,0,0.0,0.0,0,0,0,0,0,0,0,0,0,0,0,0,0,1,15,0,0,0,0,0,0,0,0,,,0,0,0,0,0,0,0,0,0,0,0,0,,,,0,0,0,0,0,0,0,,0,0,0,0,0,0.0,0.0
00-0037525,J.Mason,Jordan Mason,RB,RB,"https://static.www.nfl.com/image/upload/f_auto,q_auto/league/ixykwytfrfz1cdxlhj5w",2025,3,REG,MIN,CIN,0,0,0,0,0,0,0,0,0,0,0,0,,,0,,16,116,2,0,0,7,5.110695545328781,0,0,0,0,0,0,0,0,0,0,,0,,0.0,0.0,0.0,0,0,0,0,0,0,0,0.0,0.0,0,0,0,0,0,0,0,0,0,0,0,0,0,0,0,0,0,0,0,0,0,0,0,,,0,0,0,0,0,0,0,0,0,0,0,0,,,,0,0,0,0,0,0,0,,0,0,0,0,0,23.6,23.6
00-0037526,M.McCrary-Ball,Marcelino McCrary-Ball,LB,LB,"https://static.www.nfl.com/image/upload/f_auto,q_auto/league/q0ik6bvofk4zrgsartd2",2025,3,REG,NYJ,TB,0,0,0,0,0,0,0,0,0,0,0,0,,,0,,0,0,0,0,0,0,,0,0,0,0,0,0,0,0,0,0,,0,,0.0,0.0,0.0,0,2,0,5,0,0,0,0.0,0.0,0,0,0,0,0,0,0,0,0,0,0,0,0,0,0,0,0,0,0,0,0,0,0,,,0,0,0,0,0,0,0,0,0,0,0,0,,,,0,0,0,0,0,0,0,,0,0,0,0,0,0.0,0.0
00-0037527,S.Olubi,Segun Olubi,LB,LB,"https://static.www.nfl.com/image/upload/f_auto,q_auto/league/llpctz5sjgveunckp3pe",2025,3,REG,IND,TEN,0,0,0,0,0,0,0,0,0,0,0,0,,,0,,0,0,0,0,0,0,,0,0,0,0,0,0,0,0,0,0,,0,,0.0,0.0,0.0,0,1,0,0,0,0,0,0.0,0.0,0,0,0,0,0,0,0,0,0,0,0,0,0,0,0,0,0,0,0,0,0,0,0,,,0,0,0,0,0,0,0,0,0,0,0,0,,,,0,0,0,0,0,0,0,,0,0,0,0,0,0.0,0.0
00-0037539,L.Krull,Lucas Krull,TE,TE,"https://static.www.nfl.com/image/upload/f_auto,q_auto/league/eolvpkk5jjmipuqmf5v6",2025,3,REG,DEN,LAC,0,0,0,0,0,0,0,0,0,0,0,0,,,0,,0,0,0,0,0,0,,0,1,2,9,0,0,0,11,3,0,-1.413379811332561,0,0.8181818181818182,0.08695652173913043,0.040892193308550186,0.15905931792468078,0,0,0,0,0,0,0,0.0,0.0,0,0,0,0,0,0,0,0,0,0,0,0,0,0,0,0,0,0,0,0,0,0,0,,,0,0,0,0,0,0,0,0,0,0,0,0,,,,0,0,0,0,0,0,0,,0,0,0,0,0,0.9,1.9
00-0037542,J.Romo,John Parker Romo,K,SPEC,"https://static.www.nfl.com/image/upload/f_auto,q_auto/league/pgbqca2tf4hcq4vxv13m",2025,3,REG,ATL,CAR,0,0,0,0,0,0,0,0,0,0,0,0,,,0,,0,0,0,0,0,0,,0,0,0,0,0,0,0,0,0,0,,0,,0.0,0.0,0.0,0,0,0,0,0,0,0,0.0,0.0,0,0,0,0,0,0,0,0,0,0,0,0,0,0,0,0,0,0,0,0,2,2,0,,0.0,0,0,0,0,0,0,0,0,0,1,1,0,,49;55,,0,104,0,0,0,0,0,,0,0,0,0,0,0.0,0.0
00-0037545,R.Shaheed,Rashid Shaheed,WR,WR,"https://static.www.nfl.com/image/upload/f_auto,q_auto/league/ezsjaj0orlzpuranocyf",2025,3,REG,NO,SEA,0,0,0,0,0,0,0,0,0,0,0,0,,,0,,0,0,0,0,0,0,,0,4,6,42,0,0,0,68,7,2,-0.3392365322812658,0,0.6176470588235294,0.14634146341463414,0.19596541786743515,0.35668798762915577,0,0,0,0,0,0,0,0.0,0.0,0,0,0,0,0,0,0,0,0,0,0,0,0,0,0,1,40,0,0,0,0,0,0,,,0,0,0,0,0,0,0,0,0,0,0,0,,,,0,0,0,0,0,0,0,,0,0,0,0,0,4.2,8.2
00-0037547,D.Whelan,Daniel Whelan,P,SPEC,"https://static.www.nfl.com/image/upload/f_auto,q_auto/league/lqnpsqdo5gpoxxirr9b6",2025,3,REG,GB,CLE,0,0,0,0,0,0,0,0,0,0,0,0,,,0,,0,0,0,0,0,0,,0,0,0,0,0,0,0,0,0,0,,0,,0.0,0.0,0.0,0,0,0,0,0,0,0,0.0,0.0,0,0,0,0,0,0,0,0,0,0,0,0,0,0,0,0,0,0,0,0,0,0,0,,,0,0,0,0,0,0,0,0,0,0,0,0,,,,0,0,0,0,0,0,0,,0,0,0,0,0,0.0,0.0
00-0037549,D.Baker,Darrell Baker Jr.,CB,DB,"https://static.www.nfl.com/image/upload/f_auto,q_auto/league/e536r65rabmkj6idcwpb",2025,3,REG,TEN,IND,0,0,0,0,0,0,0,0,0,0,0,0,,,0,,0,0,0,0,0,0,,0,0,0,0,0,0,0,0,0,0,,0,,0.0,0.0,0.0,0,0,0,2,0,0,0,0.0,0.0,0,0,0,0,0,0,0,0,0,0,0,0,0,1,37,0,0,0,0,0,0,0,0,,,0,0,0,0,0,0,0,0,0,0,0,0,,,,0,0,0,0,0,0,0,,0,0,0,0,0,0.0,0.0
00-0037578,J.Thomas,Juanyeh Thomas,SAF,DB,"https://static.www.nfl.com/image/upload/f_auto,q_auto/league/ftxdnkfoymrgcc96zlnt",2025,3,REG,DAL,CHI,0,0,0,0,0,0,0,0,0,0,0,0,,,0,,0,0,0,0,0,0,,0,0,0,0,0,0,0,0,0,0,,0,,0.0,0.0,0.0,0,3,0,0,0,0,0,0.0,0.0,0,0,0,0,0,0,0,0,0,0,0,0,0,0,0,0,0,0,0,0,0,0,0,,,0,0,0,0,0,0,0,0,0,0,0,0,,,,0,0,0,0,0,0,0,,0,0,0,0,0,0.0,0.0
00-0037587,N.Landman,Nate Landman,LB,LB,"https://static.www.nfl.com/image/upload/f_auto,q_auto/league/s9kvdztegpkmihjpwj0q",2025,3,REG,LA,PHI,0,0,0,0,0,0,0,0,0,0,0,0,,,0,,0,0,0,0,0,0,,0,0,0,0,0,0,0,0,0,0,,0,,0.0,0.0,0.0,0,1,0,2,0,0,0,0.0,0.0,0,0,0,0,0,0,0,0,0,0,1,1,0,0,0,0,0,0,0,0,0,0,0,,,0,0,0,0,0,0,0,0,0,0,0,0,,,,0,0,0,0,0,0,0,,0,0,0,0,0,0.0,0.0
00-0037594,J.Chestnut,Julius Chestnut,RB,RB,"https://static.www.nfl.com/image/upload/f_auto,q_auto/league/glst6wabuuvbrssmidng",2025,3,REG,TEN,IND,0,0,0,0,0,0,0,0,0,0,0,0,,,0,,2,26,0,0,0,1,2.0038289267686196,0,0,0,0,0,0,0,0,0,0,,0,,0.0,0.0,0.0,0,0,0,0,0,0,0,0.0,0.0,0,0,0,0,0,0,0,0,0,0,0,0,0,0,0,0,0,0,0,0,0,0,0,,,0,0,0,0,0,0,0,0,0,0,0,0,,,,0,0,0,0,0,0,0,,0,0,0,0,0,2.6,2.6
00-0037596,J.Gibbens,Jack Gibbens,LB,LB,"https://static.www.nfl.com/image/upload/f_auto,q_auto/league/yrjlzoh5qps1evqxpcks",2025,3,REG,NE,PIT,0,0,0,0,0,0,0,0,0,0,0,0,,,0,,0,0,0,0,0,0,,0,0,0,0,0,0,0,0,0,0,,0,,0.0,0.0,0.0,0,1,0,0,1,1,0,0.0,0.0,0,0,0,0,0,0,0,0,0,0,0,0,0,0,0,0,0,0,0,0,0,0,0,,,0,0,0,0,0,0,0,0,0,0,0,0,,,,0,0,0,0,0,0,0,,0,0,0,0,0,0.0,0.0
00-0037602,S.Okuayinonu,Sam Okuayinonu,DT,DL,"https://static.www.nfl.com/image/upload/f_auto,q_auto/league/bz3qx6p6ua5e7e5kuukk",2025,3,REG,SF,ARI,0,0,0,0,0,0,0,0,0,0,0,0,,,0,,0,0,0,0,0,0,,0,0,0,0,0,0,0,0,0,0,,0,,0.0,0.0,0.0,0,2,0,5,0,0,0,0.0,0.0,0,0,0,0,0,0,0,0,0,0,0,0,0,0,0,0,0,0,0,0,0,0,0,,,0,0,0,0,0,0,0,0,0,0,0,0,,,,0,0,0,0,0,0,0,,0,0,0,0,0,0.0,0.0
00-0037611,K.Thibodeaux,Kayvon Thibodeaux,LB,LB,"https://static.www.nfl.com/image/upload/f_auto,q_auto/league/dbu5kzu0gwuszwd81dcz",2025,3,REG,NYG,KC,0,0,0,0,0,0,0,0,0,0,0,0,,,0,,0,0,0,0,0,0,,0,0,0,0,0,0,0,0,0,0,,0,,0.0,0.0,0.0,0,1,0,1,0,0,0,0.0,0.0,2,0,0,0,0,0,0,0,0,0,0,0,0,0,0,0,0,0,0,0,0,0,0,,,0,0,0,0,0,0,0,0,0,0,0,0,,,,0,0,0,0,0,0,0,,0,0,0,0,0,0.0,0.0
00-0037614,J.Metchie,John Metchie III,WR,WR,"https://static.www.nfl.com/image/upload/f_auto,q_auto/league/fxj7cmbatyvsu6bmsblw",2025,3,REG,PHI,LA,0,0,0,0,0,0,0,0,0,0,0,0,,,0,,0,0,0,0,0,0,,0,1,1,8,0,0,0,4,4,1,0.33131108700763434,0,2.0,0.03333333333333333,0.014598540145985401,0.060218978102189784,0,0,0,0,0,0,0,0.0,0.0,0,0,0,0,0,0,0,0,0,0,0,0,0,0,0,0,0,3,31,0,0,0,0,,,0,0,0,0,0,0,0,0,0,0,0,0,,,,0,0,0,0,0,0,0,,0,0,0,0,0,0.8,1.8
00-0037616,N.Cross,Nick Cross,SAF,DB,"https://static.www.nfl.com/image/upload/f_auto,q_auto/league/kpyjflkuqsthoic5pcrm",2025,3,REG,IND,TEN,0,0,0,0,0,0,0,0,0,0,0,0,,,0,,0,0,0,0,0,0,,0,0,0,0,0,0,0,0,0,0,,0,,0.0,0.0,0.0,0,4,1,2,1,1,0,0.0,0.0,0,0,0,0,0,0,0,0,0,0,0,0,0,1,5,0,0,0,0,0,0,0,0,,,0,0,0,0,0,0,0,0,0,0,0,0,,,,0,0,0,0,0,0,0,,0,0,0,0,0,0.0,0.0
00-0037617,H.Haskins,Hassan Haskins,RB,RB,"https://static.www.nfl.com/image/upload/f_auto,q_auto/league/n9jwsfxyo1xppmhscpik",2025,3,REG,LAC,DEN,0,0,0,0,0,0,0,0,0,0,0,0,,,0,,0,0,0,0,0,0,,0,0,0,0,0,0,0,0,0,0,,0,,0.0,0.0,0.0,0,0,0,1,0,0,0,0.0,0.0,0,0,0,0,0,0,0,0,0,0,0,0,0,0,0,0,0,1,23,0,0,0,0,,,0,0,0,0,0,0,0,0,0,0,0,0,,,,0,0,0,0,0,0,0,,0,0,0,0,0,0.0,0.0
00-0037633,J.Hummel,Jacob Hummel,LB,LB,"https://static.www.nfl.com/image/upload/f_auto,q_auto/league/yeqyn79axqsyvi7iqcpl",2025,3,REG,BAL,DET,0,0,0,0,0,0,0,0,0,0,0,0,,,0,,0,0,0,0,0,0,,0,0,0,0,0,0,0,0,0,0,,0,,0.0,0.0,0.0,0,0,0,1,0,0,0,0.0,0.0,0,0,0,0,0,0,0,0,0,0,0,0,0,0,0,0,0,0,0,0,0,0,0,,,0,0,0,0,0,0,0,0,0,0,0,0,,,,0,0,0,0,0,0,0,,0,0,0,0,0,0.0,0.0
00-0037654,T.Fisk,Tucker Fisk,TE,TE,"https://static.www.nfl.com/image/upload/f_auto,q_auto/league/yqaco04wjatmxlmxpq1y",2025,3,REG,LAC,DEN,0,0,0,0,0,0,0,0,0,0,0,0,,,0,,0,0,0,0,0,0,,0,0,1,0,0,0,0,20,0,0,-0.7332287773024291,0,0.0,0.022222222222222223,0.046620046620046623,0.06596736596736597,0,0,0,0,0,0,0,0.0,0.0,0,0,0,0,0,0,0,0,0,0,0,0,0,0,0,0,0,0,0,0,0,0,0,,,0,0,0,0,0,0,0,0,0,0,0,0,,,,0,0,0,0,0,0,0,,0,0,0,0,0,0.0,0.0
00-0037664,A.Pierce,Alec Pierce,WR,WR,"https://static.www.nfl.com/image/upload/f_auto,q_auto/league/zeghrjc8rir3r3zi6det",2025,3,REG,IND,TEN,0,0,0,0,0,0,0,0,0,0,0,0,,,0,,0,0,0,0,0,0,,0,4,5,67,0,0,0,101,8,3,4.624490416434128,0,0.6633663366336634,0.2,0.5771428571428572,0.7040000000000001,0,0,0,0,0,0,0,0.0,0.0,0,0,0,0,0,0,0,0,0,0,0,0,0,0,0,0,0,0,0,0,0,0,0,,,0,0,0,0,0,0,0,0,0,0,0,0,,,,0,0,0,0,0,0,0,,0,0,0,0,0,6.7,10.7
00-0037665,S.Williams,Sam Williams,DE,DL,"https://static.www.nfl.com/image/upload/f_auto,q_auto/league/vspx1wxdwmektj1pjd6c",2025,3,REG,DAL,CHI,0,0,0,0,0,0,0,0,0,0,0,0,,,0,,0,0,0,0,0,0,,0,0,0,0,0,0,0,0,0,0,,0,,0.0,0.0,0.0,0,2,0,0,0,0,0,0.0,0.0,1,0,0,1,0,0,0,0,0,0,0,0,0,1,5,0,0,0,0,0,0,0,0,,,0,0,0,0,0,0,0,0,0,0,0,0,,,,0,0,0,0,0,0,0,,0,0,0,0,0,0.0,0.0
00-0037666,J.Tolbert,Jalen Tolbert,WR,WR,"https://static.www.nfl.com/image/upload/f_auto,q_auto/league/pif5ffxlibkfp90k1sj4",2025,3,REG,DAL,CHI,0,0,0,0,0,0,0,0,0,0,0,0,,,0,,0,0,0,0,0,0,,0,3,6,24,0,0,0,40,8,3,-0.5820179958390073,1,0.6,0.13636363636363635,0.14925373134328357,0.309023066485753,0,0,0,0,0,0,0,0.0,0.0,0,0,0,0,0,0,0,0,0,0,0,0,0,0,0,0,0,0,0,0,0,0,0,,,0,0,0,0,0,0,0,0,0,0,0,0,,,,0,0,0,0,0,0,0,,0,0,0,0,0,4.4,7.4
00-0037667,K.Joseph,Kerby Joseph,SAF,DB,"https://static.www.nfl.com/image/upload/f_auto,q_auto/league/oeybnj8im7exzevs0jkh",2025,3,REG,DET,BAL,0,0,0,0,0,0,0,0,0,0,0,0,,,0,,0,0,0,0,0,0,,0,0,0,0,0,0,0,0,0,0,,0,,0.0,0.0,0.0,0,3,0,0,0,0,0,0.0,0.0,0,0,0,0,0,0,0,0,0,0,0,0,0,0,0,0,0,0,0,0,0,0,0,,,0,0,0,0,0,0,0,0,0,0,0,0,,,,0,0,0,0,0,0,0,,0,0,0,0,0,0.0,0.0
00-0037692,B.Aubrey,Brandon Aubrey,K,SPEC,"https://static.www.nfl.com/image/upload/f_auto,q_auto/league/ynyyootbeabm5sx4ejgt",2025,3,REG,DAL,CHI,0,0,0,0,0,0,0,0,0,0,0,0,,,0,,0,0,0,0,0,0,,0,0,0,0,0,0,0,0,0,0,,0,,0.0,0.0,0.0,0,0,0,0,0,0,0,0.0,0.0,0,0,0,0,0,0,0,0,0,0,0,0,0,0,0,0,0,0,0,2,2,0,0,53.0,1.0,0,0,1,0,1,0,0,0,0,0,0,0,53;33,,,86,0,0,0,0,0,0,,0,0,0,0,0,0.0,0.0
00-0037740,G.Wilson,Garrett Wilson,WR,WR,"https://static.www.nfl.com/image/upload/f_auto,q_auto/league/kbijsheobhwej7lh8mvf",2025,3,REG,NYJ,TB,0,0,0,0,0,0,0,0,0,0,0,0,,,0,,0,0,0,0,0,0,,0,10,13,84,1,0,0,75,34,4,-1.2688585194438975,0,1.12,0.37142857142857144,0.4658385093167702,0.8832298136645962,0,0,0,0,0,0,0,0.0,0.0,0,0,0,0,0,0,0,0,0,0,0,0,0,0,0,0,0,0,0,0,0,0,0,,,0,0,0,0,0,0,0,0,0,0,0,0,,,,0,0,0,0,0,0,0,,0,0,0,0,0,14.4,24.4
00-0037741,J.Dotson,Jahan Dotson,WR,WR,"https://static.www.nfl.com/image/upload/f_auto,q_auto/league/dbtou5ln1kwjutixywie",2025,3,REG,PHI,LA,0,0,0,0,0,0,0,0,0,0,0,0,,,0,,0,0,0,0,0,0,,0,1,3,7,0,0,0,37,2,0,-1.6268549761734903,0,0.1891891891891892,0.1,0.13503649635036497,0.2445255474452555,0,0,0,0,0,0,0,0.0,0.0,0,0,0,0,0,0,0,0,0,0,0,0,0,0,0,0,0,0,0,0,0,0,0,,,0,0,0,0,0,0,0,0,0,0,0,0,,,,0,0,0,0,0,0,0,,0,0,0,0,0,0.7000000000000001,1.7000000000000002
00-0037743,D.Hill,Daxton Hill,CB,DB,"https://static.www.nfl.com/image/upload/f_auto,q_auto/league/onw9ijbhtrdvjqpi0toh",2025,3,REG,CIN,MIN,0,0,0,0,0,0,0,0,0,0,0,0,,,0,,0,0,0,0,0,0,,0,0,0,0,0,0,0,0,0,0,,0,,0.0,0.0,0.0,0,2,0,0,0,0,0,0.0,0.0,0,0,0,0,0,0,0,0,0,0,0,0,0,1,15,0,0,0,0,0,0,0,0,,,0,0,0,0,0,0,0,0,0,0,0,0,,,,0,0,0,0,0,0,0,,0,0,0,0,0,0.0,0.0
00-0037744,T.McBride,Trey McBride,TE,TE,"https://static.www.nfl.com/image/upload/f_auto,q_auto/league/vd7av3vdfs6q7ncjogac",2025,3,REG,ARI,SF,0,0,0,0,0,0,0,0,0,0,0,0,,,0,,0,0,0,0,0,0,,0,5,8,43,1,0,0,28,27,2,0.6689519110950641,0,1.5357142857142858,0.23529411764705882,0.15819209039548024,0.4636756397474244,0,0,0,0,0,0,0,0.0,0.0,0,0,0,0,0,0,0,0,0,0,0,0,0,0,0,0,0,0,0,0,0,0,0,,,0,0,0,0,0,0,0,0,0,0,0,0,,,,0,0,0,0,0,0,0,,0,0,0,0,0,10.3,15.3
00-0037745,V.Jones,Velus Jones Jr.,RB,RB,"https://static.www.nfl.com/image/upload/f_auto,q_auto/league/fchis2k7zzpqg9sv1ya1",2025,3,REG,NO,SEA,0,0,0,0,0,0,0,0,0,0,0,0,,,0,,0,0,0,0,0,0,,0,0,0,0,0,0,0,0,0,0,,0,,0.0,0.0,0.0,0,1,0,0,0,0,0,0.0,0.0,0,0,0,0,0,0,0,0,0,0,0,0,0,0,0,0,0,0,0,0,0,0,0,,,0,0,0,0,0,0,0,0,0,0,0,0,,,,0,0,0,0,0,0,0,,0,0,0,0,0,0.0,0.0
00-0037746,B.Robinson,Brian Robinson,RB,RB,"https://static.www.nfl.com/image/upload/f_auto,q_auto/league/n1xhex1ytisxcbcggqu7",2025,3,REG,SF,ARI,0,0,0,0,0,0,0,0,0,0,0,0,,,0,,2,22,0,0,0,1,1.1212400480289944,0,0,0,0,0,0,0,0,0,0,,0,,0.0,0.0,0.0,0,0,0,0,0,0,0,0.0,0.0,0,0,0,0,0,0,0,0,0,0,0,0,0,0,0,0,0,0,0,0,0,0,0,,,0,0,0,0,0,0,0,0,0,0,0,0,,,,0,0,0,0,0,0,0,,0,0,0,0,0,2.2,2.2
00-0037752,T.Anderson,Tycen Anderson,SAF,DB,"https://static.www.nfl.com/image/upload/f_auto,q_auto/league/j3dvzorwxkvvf7ljykzu",2025,3,REG,CIN,MIN,0,0,0,0,0,0,0,0,0,0,0,0,,,0,,0,0,0,0,0,0,,0,0,0,0,0,0,0,0,0,0,,0,,0.0,0.0,0.0,0,0,0,1,0,0,0,0.0,0.0,0,0,0,0,0,0,0,0,0,0,0,0,0,0,0,0,0,0,0,0,0,0,0,,,0,0,0,0,0,0,0,0,0,0,0,0,,,,0,0,0,0,0,0,0,,0,0,0,0,0,0.0,0.0
00-0037756,T.Jones,Travis Jones,DT,DL,"https://static.www.nfl.com/image/upload/f_auto,q_auto/league/wm1f5uddgq3xmivgmrkz",2025,3,REG,BAL,DET,0,0,0,0,0,0,0,0,0,0,0,0,,,0,,0,0,0,0,0,0,,0,0,0,0,0,0,0,0,0,0,,0,,0.0,0.0,0.0,0,1,0,0,0,0,0,0.0,0.0,0,0,0,0,0,0,0,0,0,0,0,0,0,0,0,0,0,0,0,0,0,0,0,,,0,0,0,0,0,0,0,0,0,0,0,0,,,,0,0,0,0,0,0,0,,0,0,0,0,0,0.0,0.0
00-0037758,C.Flott,Cordale Flott,CB,DB,"https://static.www.nfl.com/image/upload/f_auto,q_auto/league/dk8b5dpa5fflut1j4ynl",2025,3,REG,NYG,KC,0,0,0,0,0,0,0,0,0,0,0,0,,,0,,0,0,0,0,0,0,,0,0,0,0,0,0,0,0,0,0,,0,,0.0,0.0,0.0,0,2,0,1,0,0,0,0.0,0.0,0,0,0,0,0,0,0,0,0,0,0,0,0,0,0,0,0,0,0,0,0,0,0,,,0,0,0,0,0,0,0,0,0,0,0,0,,,,0,0,0,0,0,0,0,,0,0,0,0,0,0.0,0.0
00-0037759,D.Leal,DeMarvin Leal,DE,DL,"https://static.www.nfl.com/image/upload/f_auto,q_auto/league/gqsxinwxry4uggkdd90r",2025,3,REG,PIT,NE,0,0,0,0,0,0,0,0,0,0,0,0,,,0,,0,0,0,0,0,0,,0,0,0,0,0,0,0,0,0,0,,0,,0.0,0.0,0.0,0,1,0,1,0,0,0,0.0,0.0,0,0,0,0,0,0,0,0,0,0,0,0,0,0,0,0,0,0,0,0,0,0,0,,,0,0,0,0,0,0,0,0,0,0,0,0,,,,0,0,0,0,0,0,0,,0,0,0,0,0,0.0,0.0
00-0037799,D.Tillman,Dondrea Tillman,LB,LB,"https://static.www.nfl.com/image/upload/f_auto,q_auto/league/gb1dadvtgeeixkcqjwgv",2025,3,REG,DEN,LAC,0,0,0,0,0,0,0,0,0,0,0,0,,,0,,0,0,0,0,0,0,,0,0,0,0,0,0,0,0,0,0,,0,,0.0,0.0,0.0,0,2,0,2,0,0,0,0.0,0.0,1,0,0,0,0,0,0,0,0,0,0,0,0,0,0,0,0,0,0,0,0,0,0,,,0,0,0,0,0,0,0,0,0,0,0,0,,,,0,0,0,0,0,0,0,,0,0,0,0,0,0.0,0.0
00-0037801,K.Turpin,KaVontae Turpin,WR,WR,"https://static.www.nfl.com/image/upload/f_auto,q_auto/league/cgjwzierootp8gjem5oe",2025,3,REG,DAL,CHI,0,0,0,0,0,0,0,0,0,0,0,0,,,0,,1,4,0,0,0,0,-0.16755140130408108,0,2,3,64,0,0,0,73,6,2,0.7397857020841911,0,0.8767123287671232,0.06818181818181818,0.27238805970149255,0.292944369063772,0,0,0,0,0,0,0,0.0,0.0,0,0,0,0,0,0,0,0,0,0,0,0,0,0,0,2,28,2,49,0,0,0,0,,,0,0,0,0,0,0,0,0,0,0,0,0,,,,0,0,0,0,0,0,0,,0,0,0,0,0,6.800000000000001,8.8
00-0037808,D.Malone,DeAngelo Malone,LB,LB,"https://static.www.nfl.com/image/upload/f_auto,q_auto/league/yywbozwgj0uqnexmdaex",2025,3,REG,ATL,CAR,0,0,0,0,0,0,0,0,0,0,0,0,,,0,,0,0,0,0,0,0,,0,0,0,0,0,0,0,0,0,0,,0,,0.0,0.0,0.0,0,0,0,1,0,0,0,0.0,0.0,0,0,0,0,0,0,0,0,0,0,0,0,0,0,0,0,0,0,0,0,0,0,0,,,0,0,0,0,0,0,0,0,0,0,0,0,,,,0,0,0,0,0,0,0,,0,0,0,0,0,0.0,0.0
00-0037809,C.Okonkwo,Chig Okonkwo,TE,TE,"https://static.www.nfl.com/image/upload/f_auto,q_auto/league/omm5z5iq6dlmidqz1sgz",2025,3,REG,TEN,IND,0,0,0,0,0,0,0,0,0,0,0,0,,,0,,0,0,0,0,0,0,,0,5,6,66,0,0,0,39,43,3,1.2961506728462053,0,1.6923076923076923,0.17647058823529413,0.21081081081081082,0.41227344992050874,0,0,0,0,0,0,0,0.0,0.0,0,0,0,0,0,0,0,0,0,0,0,0,0,0,0,0,0,0,0,0,0,0,0,,,0,0,0,0,0,0,0,0,0,0,0,0,,,,0,0,0,0,0,0,0,,0,0,0,0,0,6.6000000000000005,11.600000000000001
00-0037816,R.Doubs,Romeo Doubs,WR,WR,"https://static.www.nfl.com/image/upload/f_auto,q_auto/league/ov2llp1bfetznmngqybi",2025,3,REG,GB,CLE,0,0,0,0,0,0,0,0,0,0,0,0,,,0,,0,0,0,0,0,0,,0,2,2,25,0,0,0,10,15,2,3.5536665352992713,0,2.5,0.08,0.20833333333333334,0.26583333333333337,0,0,0,0,0,0,0,0.0,0.0,0,0,0,0,0,0,0,0,0,0,0,0,0,1,10,0,0,0,0,0,0,0,0,,,0,0,0,0,0,0,0,0,0,0,0,0,,,,0,0,0,0,0,0,0,,0,0,0,0,0,2.5,4.5
00-0037819,L.Chenal,Leo Chenal,LB,LB,"https://static.www.nfl.com/image/upload/f_auto,q_auto/league/x09uj5ta65jfceysfi2v",2025,3,REG,KC,NYG,0,0,0,0,0,0,0,0,0,0,0,0,,,0,,0,0,0,0,0,0,,0,0,0,0,0,0,0,0,0,0,,0,,0.0,0.0,0.0,0,1,0,3,0,0,0,0.0,0.0,0,0,0,0,0,0,0,0,0,0,0,0,0,0,0,0,0,0,0,0,0,0,0,,,0,0,0,0,0,0,0,0,0,0,0,0,,,,0,0,0,0,0,0,0,,0,0,0,0,0,0.0,0.0
00-0037823,C.Harris,Christian Harris,LB,LB,"https://static.www.nfl.com/image/upload/f_auto,q_auto/league/vu59vuwhkncfc8gtsjq4",2025,3,REG,HOU,JAX,0,0,0,0,0,0,0,0,0,0,0,0,,,0,,0,0,0,0,0,0,,0,0,0,0,0,0,0,0,0,0,,0,,0.0,0.0,0.0,0,1,0,0,0,0,0,0.0,0.0,0,0,0,1,0,0,0,0,0,0,0,0,0,0,0,0,0,0,0,0,0,0,0,,,0,0,0,0,0,0,0,0,0,0,0,0,,,,0,0,0,0,0,0,0,,0,0,0,0,0,0.0,0.0
00-0037832,K.Davis,Kalia Davis,DT,DL,"https://static.www.nfl.com/image/upload/f_auto,q_auto/league/bqad9jqdvg5tis5i3vgu",2025,3,REG,SF,ARI,0,0,0,0,0,0,0,0,0,0,0,0,,,0,,0,0,0,0,0,0,,0,0,0,0,0,0,0,0,0,0,,0,,0.0,0.0,0.0,0,0,0,2,0,0,0,0.0,0.0,0,0,0,0,0,0,0,0,0,0,0,0,0,0,0,0,0,0,0,0,0,0,0,,,0,0,0,0,0,0,0,0,0,0,0,0,,,,0,0,0,0,0,0,0,,0,0,0,0,0,0.0,0.0
00-0037837,C.Austin,Calvin Austin III,WR,WR,"https://static.www.nfl.com/image/private/f_auto,q_auto/league/qlt6ztqcbu0uzad6aavt",2025,3,REG,PIT,NE,0,0,0,0,0,0,0,0,0,0,0,0,,,0,,0,0,0,0,0,0,,0,3,5,34,1,0,0,71,4,1,-2.45399687247118,0,0.4788732394366197,0.22727272727272727,0.6228070175438597,0.7768740031897927,0,0,0,0,0,0,0,0.0,0.0,0,0,0,0,0,0,0,0,0,0,0,0,0,0,0,0,0,0,0,0,0,0,0,,,0,0,0,0,0,0,0,0,0,0,0,0,,,,0,0,0,0,0,0,0,,0,0,0,0,0,9.4,12.4
00-0037839,C.Durant,Cobie Durant,CB,DB,"https://static.www.nfl.com/image/upload/f_auto,q_auto/league/vkte59jemwhdeuobis0e",2025,3,REG,LA,PHI,0,0,0,0,0,0,0,0,0,0,0,0,,,0,,0,0,0,0,0,0,,0,0,0,0,0,0,0,0,0,0,,0,,0.0,0.0,0.0,0,2,0,1,0,0,0,0.0,0.0,0,0,0,0,0,0,0,0,0,0,0,0,0,0,0,0,0,0,0,0,0,0,0,,,0,0,0,0,0,0,0,0,0,0,0,0,,,,0,0,0,0,0,0,0,,0,0,0,0,0,0.0,0.0
00-0037840,K.Williams,Kyren Williams,RB,RB,"https://static.www.nfl.com/image/upload/f_auto,q_auto/league/smsyrjrwy0lf0hu9hkvg",2025,3,REG,LA,PHI,0,0,0,0,0,0,0,0,0,0,0,0,,,0,,20,94,0,0,0,8,-2.605365528764965,0,2,3,18,1,0,0,-5,17,2,2.3823641358176246,0,-3.6,0.09090909090909091,-0.02976190476190476,0.11553030303030302,0,0,0,0,0,0,0,0.0,0.0,0,0,0,0,0,0,0,0,0,0,0,0,0,0,0,0,0,0,0,0,0,0,0,,,0,0,0,0,0,0,0,0,0,0,0,0,,,,0,0,0,0,0,0,0,,0,0,0,0,0,17.200000000000003,19.200000000000003
00-0037841,Q.Lake,Quentin Lake,SAF,DB,"https://static.www.nfl.com/image/upload/f_auto,q_auto/league/rhyy4y6kh7kbnuglf7jp",2025,3,REG,LA,PHI,0,0,0,0,0,0,0,0,0,0,0,0,,,0,,0,0,0,0,0,0,,0,0,0,0,0,0,0,0,0,0,,0,,0.0,0.0,0.0,0,2,0,4,0,0,0,0.0,0.0,0,0,0,4,0,0,0,0,0,0,0,0,0,1,1,0,0,0,0,0,0,0,0,,,0,0,0,0,0,0,0,0,0,0,0,0,,,,0,0,0,0,0,0,0,,0,0,0,0,0,0.0,0.0
00-0037842,D.Kendrick,Derion Kendrick,CB,DB,"https://static.www.nfl.com/image/upload/f_auto,q_auto/league/jqmngrtmkviwleea8i40",2025,3,REG,SEA,NO,0,0,0,0,0,0,0,0,0,0,0,0,,,0,,0,0,0,0,0,0,,0,0,0,0,0,0,0,0,0,0,,0,,0.0,0.0,0.0,0,1,0,3,0,0,0,0.0,0.0,0,1,0,3,0,0,0,0,0,0,0,0,0,0,0,0,0,0,0,0,0,0,0,,,0,0,0,0,0,0,0,0,0,0,0,0,,,,0,0,0,0,0,0,0,,0,0,0,0,0,0.0,0.0
00-0037843,D.Hardy,Daniel Hardy,DE,DL,"https://static.www.nfl.com/image/upload/f_auto,q_auto/league/z48xtbtdtknk6e3fonre",2025,3,REG,CHI,DAL,0,0,0,0,0,0,0,0,0,0,0,0,,,0,,0,0,0,0,0,0,,0,0,0,0,0,0,0,0,0,0,,0,,0.0,0.0,0.0,0,2,0,1,0,0,0,0.0,0.0,0,0,0,0,0,0,0,0,0,0,0,0,0,1,5,0,0,0,0,0,0,0,0,,,0,0,0,0,0,0,0,0,0,0,0,0,,,,0,0,0,0,0,0,0,,0,0,0,0,0,0.0,0.0
00-0038038,K.Hamilton,Kyle Hamilton,SAF,DB,"https://static.www.nfl.com/image/upload/f_auto,q_auto/league/chrrlhiriydmjomv3s2f",2025,3,REG,BAL,DET,0,0,0,0,0,0,0,0,0,0,0,0,,,0,,0,0,0,0,0,0,,0,0,0,0,0,0,0,0,0,0,,0,,0.0,0.0,0.0,0,5,0,4,0,0,0,0.0,0.0,0,0,0,0,0,0,0,0,0,0,0,0,0,0,0,0,0,0,0,0,0,0,0,,,0,0,0,0,0,0,0,0,0,0,0,0,,,,0,0,0,0,0,0,0,,0,0,0,0,0,0.0,0.0
00-0038039,J.Jones,Jack Jones,CB,DB,"https://static.www.nfl.com/image/upload/f_auto,q_auto/league/du4dbnopryqdeffnwcwh",2025,3,REG,MIA,BUF,0,0,0,0,0,0,0,0,0,0,0,0,,,0,,0,0,0,0,0,0,,0,0,0,0,0,0,0,0,0,0,,0,,0.0,0.0,0.0,0,2,0,1,0,0,0,0.0,0.0,0,0,0,1,0,0,0,0,0,0,0,0,0,1,20,0,0,0,0,0,0,0,0,,,0,0,0,0,0,0,0,0,0,0,0,0,,,,0,0,0,0,0,0,0,,0,0,0,0,0,0.0,0.0
00-0038040,Z.White,Zamir White,RB,RB,"https://static.www.nfl.com/image/upload/f_auto,q_auto/league/jzthyqk2ld52f31ka1ir",2025,3,REG,LV,WAS,0,0,0,0,0,0,0,0,0,0,0,0,,,0,,5,19,0,0,0,0,-2.883527290308848,0,1,2,4,0,0,0,3,2,0,-1.2189847973641008,0,1.3333333333333333,0.07407407407407407,0.009836065573770493,0.11799635701275045,0,0,0,0,0,0,0,0.0,0.0,0,0,0,0,0,0,0,0,0,0,0,0,0,0,0,0,0,1,27,0,0,0,0,,,0,0,0,0,0,0,0,0,0,0,0,0,,,,0,0,0,0,0,0,0,,0,0,0,0,0,2.3000000000000003,3.3000000000000003
00-0038041,J.Ferguson,Jake Ferguson,TE,TE,"https://static.www.nfl.com/image/upload/f_auto,q_auto/league/ebdz1yf8ky2mscdvyv1v",2025,3,REG,DAL,CHI,0,0,0,0,0,0,0,0,0,0,0,0,,,0,,0,0,0,0,0,0,,0,13,14,82,0,0,0,42,45,2,-0.04260833276202902,0,1.9523809523809523,0.3181818181818182,0.15671641791044777,0.5869742198100407,0,0,0,0,0,0,0,0.0,0.0,0,0,0,0,0,0,0,0,0,0,0,0,0,0,0,0,0,0,0,0,0,0,0,,,0,0,0,0,0,0,0,0,0,0,0,0,,,,0,0,0,0,0,0,0,,0,0,0,0,0,8.200000000000001,21.200000000000003
00-0038043,J.Williams,Joshua Williams,CB,DB,"https://static.www.nfl.com/image/upload/f_auto,q_auto/league/gpyxftvkpvbwrc7srrgt",2025,3,REG,KC,NYG,0,0,0,0,0,0,0,0,0,0,0,0,,,0,,0,0,0,0,0,0,,0,0,0,0,0,0,0,0,0,0,,0,,0.0,0.0,0.0,0,1,0,0,0,0,0,0.0,0.0,0,0,0,0,0,0,0,0,0,0,0,0,0,1,15,0,0,0,0,0,0,0,0,,,0,0,0,0,0,0,0,0,0,0,0,0,,,,0,0,0,0,0,0,0,,0,0,0,0,0,0.0,0.0
00-0038046,C.Kolar,Charlie Kolar,TE,TE,"https://static.www.nfl.com/image/upload/f_auto,q_auto/league/g75ws8vkqz9cqwifhcy7",2025,3,REG,BAL,DET,0,0,0,0,0,0,0,0,0,0,0,0,,,0,,0,0,0,0,0,0,,0,2,3,22,0,0,0,34,7,1,1.2151058103190735,0,0.6470588235294118,0.10714285714285714,0.11971830985915492,0.24451710261569415,0,0,0,0,0,0,0,0.0,0.0,0,0,0,0,0,0,0,0,0,0,0,0,0,1,5,0,0,0,0,0,0,0,0,,,0,0,0,0,0,0,0,0,0,0,0,0,,,,0,0,0,0,0,0,0,,0,0,0,0,0,2.2,4.2
00-0038090,S.Moore,Skyy Moore,WR,WR,"https://static.www.nfl.com/image/upload/f_auto,q_auto/league/fadcpretmhczwjq8ovae",2025,3,REG,SF,ARI,0,0,0,0,0,0,0,0,0,0,0,0,,,0,,0,0,0,0,0,0,,0,1,1,10,0,0,0,10,0,1,0.24135847174329683,0,1.0,0.02631578947368421,0.032362459546925564,0.062127405893374205,0,0,0,0,0,0,0,0.0,0.0,0,0,0,0,0,0,0,0,0,0,0,0,0,0,0,3,26,2,61,0,0,0,0,,,0,0,0,0,0,0,0,0,0,0,0,0,,,,0,0,0,0,0,0,0,,0,0,0,0,0,1.0,2.0
00-0038094,J.Stout,Jordan Stout,P,SPEC,"https://static.www.nfl.com/image/upload/f_auto,q_auto/league/ta8m8jfnaotfjnasvy2e",2025,3,REG,BAL,DET,0,0,0,0,0,0,0,0,0,0,0,0,,,0,,0,0,0,0,0,0,,0,0,0,0,0,0,0,0,0,0,,0,,0.0,0.0,0.0,0,0,0,0,0,0,0,0.0,0.0,0,0,0,0,0,0,0,0,0,0,0,0,0,0,0,0,0,0,0,0,0,0,0,,,0,0,0,0,0,0,0,0,0,0,0,0,,,,0,0,0,0,0,0,0,,0,0,0,0,0,0.0,0.0
00-0038101,A.Evans,Akayleb Evans,CB,DB,"https://static.www.nfl.com/image/upload/f_auto,q_auto/league/anmntl6frvbrhct3tzn1",2025,3,REG,CAR,ATL,0,0,0,0,0,0,0,0,0,0,0,0,,,0,,0,0,0,0,0,0,,0,0,0,0,0,0,0,0,0,0,,0,,0.0,0.0,0.0,0,1,0,0,0,0,0,0.0,0.0,0,0,0,0,0,0,0,0,0,0,0,0,0,1,5,0,0,0,0,0,0,0,0,,,0,0,0,0,0,0,0,0,0,0,0,0,,,,0,0,0,0,0,0,0,,0,0,0,0,0,0.0,0.0
00-0038104,T.Thornton,Tyquan Thornton,WR,WR,"https://static.www.nfl.com/image/upload/f_auto,q_auto/league/bjqzuempyiwxe0hl7e5a",2025,3,REG,KC,NYG,0,0,0,0,0,0,0,0,0,0,0,0,,,0,,0,0,0,0,0,0,,0,5,9,71,1,0,0,169,12,4,6.799335316143697,0,0.42011834319526625,0.2571428571428571,0.5297805642633229,0.7565606806986116,0,0,0,0,0,0,0,0.0,0.0,0,0,0,0,0,0,0,0,0,0,0,0,0,0,0,0,0,0,0,0,0,0,0,,,0,0,0,0,0,0,0,0,0,0,0,0,,,,0,0,0,0,0,0,0,,0,0,0,0,0,13.100000000000001,18.1
00-0038106,E.Uwazurike,Eyioma Uwazurike,DT,DL,"https://static.www.nfl.com/image/upload/f_auto,q_auto/league/tkr7tz1k8al4ddckvjz6",2025,3,REG,DEN,LAC,0,0,0,0,0,0,0,0,0,0,0,0,,,0,,0,0,0,0,0,0,,0,0,0,0,0,0,0,0,0,0,,0,,0.0,0.0,0.0,0,2,0,2,0,0,0,0.0,0.0,0,0,0,0,0,0,0,0,0,0,0,0,0,0,0,0,0,0,0,0,0,0,0,,,0,0,0,0,0,0,0,0,0,0,0,0,,,,0,0,0,0,0,0,0,,0,0,0,0,0,0.0,0.0
00-0038107,M.Clemons,Micheal Clemons,DE,DL,"https://static.www.nfl.com/image/upload/f_auto,q_auto/league/bclys2f80w1v5klsswky",2025,3,REG,NYJ,TB,0,0,0,0,0,0,0,0,0,0,0,0,,,0,,0,0,0,0,0,0,,0,0,0,0,0,0,0,0,0,0,,0,,0.0,0.0,0.0,0,1,0,1,1,6,0,0.0,0.0,0,0,0,0,0,0,0,0,0,0,0,0,0,1,15,0,0,0,0,0,0,0,0,,,0,0,0,0,0,0,0,0,0,0,0,0,,,,0,0,0,0,0,0,0,,0,0,0,0,0,0.0,0.0
00-0038115,D.Bellinger,Daniel Bellinger,TE,TE,"https://static.www.nfl.com/image/upload/f_auto,q_auto/league/hu3gywcwp2rlsefvawh1",2025,3,REG,NYG,KC,0,0,0,0,0,0,0,0,0,0,0,0,,,0,,0,0,0,0,0,0,,0,1,1,6,0,0,0,6,0,0,0.1498008596827276,0,1.0,0.03333333333333333,0.02112676056338028,0.0647887323943662,0,0,0,0,0,0,0,0.0,0.0,0,0,0,0,0,0,0,0,0,0,0,0,0,0,0,0,0,0,0,0,0,0,0,,,0,0,0,0,0,0,0,0,0,0,0,0,,,,0,0,0,0,0,0,0,,0,0,0,0,0,0.6000000000000001,1.6
00-0038116,A.Ebiketie,Arnold Ebiketie,LB,LB,"https://static.www.nfl.com/image/upload/f_auto,q_auto/league/w5sjq8cj5tdar5ttlll7",2025,3,REG,ATL,CAR,0,0,0,0,0,0,0,0,0,0,0,0,,,0,,0,0,0,0,0,0,,0,0,0,0,0,0,0,0,0,0,,0,,0.0,0.0,0.0,0,1,0,1,0,0,0,0.0,0.0,0,0,0,0,0,0,0,0,0,0,0,0,0,0,0,0,0,0,0,0,0,0,0,,,0,0,0,0,0,0,0,0,0,0,0,0,,,,0,0,0,0,0,0,0,,0,0,0,0,0,0.0,0.0
00-0038117,W.Robinson,Wan'Dale Robinson,WR,WR,"https://static.www.nfl.com/image/upload/f_auto,q_auto/league/yzcvyhmilvxedfjfjglc",2025,3,REG,NYG,KC,0,0,0,0,0,0,0,0,0,0,0,0,,,0,,0,0,0,0,0,0,,0,1,4,26,0,0,0,88,3,1,0.1553092216490768,0,0.29545454545454547,0.13333333333333333,0.30985915492957744,0.4169014084507042,0,0,0,0,0,0,0,0.0,0.0,0,0,0,0,0,0,0,0,0,0,0,0,0,1,0,0,0,0,0,0,0,0,0,,,0,0,0,0,0,0,0,0,0,0,0,0,,,,0,0,0,0,0,0,0,,0,0,0,0,0,2.6,3.6
00-0038119,J.Armour-Davis,Jalyn Armour-Davis,CB,DB,"https://static.www.nfl.com/image/upload/f_auto,q_auto/league/stfweqraa3ezp6xtcqut",2025,3,REG,TEN,IND,0,0,0,0,0,0,0,0,0,0,0,0,,,0,,0,0,0,0,0,0,,0,0,0,0,0,0,0,0,0,0,,0,,0.0,0.0,0.0,0,1,0,0,0,0,0,0.0,0.0,0,0,0,0,0,0,0,0,0,0,0,0,0,0,0,0,0,0,0,0,0,0,0,,,0,0,0,0,0,0,0,0,0,0,0,0,,,,0,0,0,0,0,0,0,,0,0,0,0,0,0.0,0.0
00-0038120,B.Hall,Breece Hall,RB,RB,"https://static.www.nfl.com/image/upload/f_auto,q_auto/league/m3dviruymtm2wl2zcpmr",2025,3,REG,NYJ,TB,0,0,0,0,0,0,0,0,0,0,0,0,,,0,,9,21,0,0,0,1,-3.437145115749445,0,4,6,31,0,0,0,12,26,2,-0.1699594384408556,0,2.5833333333333335,0.17142857142857143,0.07453416149068323,0.30931677018633535,0,0,0,0,0,0,0,0.0,0.0,0,0,0,0,0,0,0,0,0,0,0,0,0,0,0,0,0,0,0,0,0,0,0,,,0,0,0,0,0,0,0,0,0,0,0,0,,,,0,0,0,0,0,0,0,,0,0,0,0,0,5.2,9.2
00-0038121,A.Taylor,Alontae Taylor,CB,DB,"https://static.www.nfl.com/image/upload/f_auto,q_auto/league/n5x6q4v3rj8lrkiiva0h",2025,3,REG,NO,SEA,0,0,0,0,0,0,0,0,0,0,0,0,,,0,,0,0,0,0,0,0,,0,0,0,0,0,0,0,0,0,0,,0,,0.0,0.0,0.0,0,2,0,0,0,0,0,0.0,0.0,0,0,0,1,0,0,0,0,0,0,0,0,0,0,0,0,0,0,0,0,0,0,0,,,0,0,0,0,0,0,0,0,0,0,0,0,,,,0,0,0,0,0,0,0,,0,0,0,0,0,0.0,0.0
00-0038123,D.Belton,Dane Belton,SAF,DB,"https://static.www.nfl.com/image/upload/f_auto,q_auto/league/dteu26qeqai20d4da21f",2025,3,REG,NYG,KC,0,0,0,0,0,0,0,0,0,0,0,0,,,0,,0,0,0,0,0,0,,0,0,0,0,0,0,0,0,0,0,,0,,0.0,0.0,0.0,0,2,0,0,0,0,0,0.0,0.0,0,0,0,0,0,0,0,0,0,0,0,0,0,0,0,0,0,0,0,0,0,0,0,,,0,0,0,0,0,0,0,0,0,0,0,0,,,,0,0,0,0,0,0,0,,0,0,0,0,0,0.0,0.0
00-0038125,R.McCreary,Roger McCreary,CB,DB,"https://static.www.nfl.com/image/upload/f_auto,q_auto/league/kwvraixj3xsuqah6rqj8",2025,3,REG,TEN,IND,0,0,0,0,0,0,0,0,0,0,0,0,,,0,,0,0,0,0,0,0,,0,0,0,0,0,0,0,0,0,0,,0,,0.0,0.0,0.0,0,1,0,1,0,0,0,0.0,0.0,0,0,0,0,0,0,0,0,0,0,0,0,0,0,0,0,0,0,0,0,0,0,0,,,0,0,0,0,0,0,0,0,0,0,0,0,,,,0,0,0,0,0,0,0,,0,0,0,0,0,0.0,0.0
00-0038127,L.Hall,Logan Hall,DE,DL,"https://static.www.nfl.com/image/upload/f_auto,q_auto/league/bwkyc5onugo39cqnsa4e",2025,3,REG,TB,NYJ,0,0,0,0,0,0,0,0,0,0,0,0,,,0,,0,0,0,0,0,0,,0,0,0,0,0,0,0,0,0,0,,0,,0.0,0.0,0.0,0,0,0,1,0,0,0,0.0,0.0,0,0,0,0,0,0,0,0,0,0,0,0,0,1,15,0,0,0,0,0,0,0,0,,,0,0,0,0,0,0,0,0,0,0,0,0,,,,0,0,0,0,0,0,0,,0,0,0,0,0,0.0,0.0
00-0038133,B.Mafe,Boye Mafe,LB,LB,"https://static.www.nfl.com/image/upload/f_auto,q_auto/league/smudeksouwxr6zynwcws",2025,3,REG,SEA,NO,0,0,0,0,0,0,0,0,0,0,0,0,,,0,,0,0,0,0,0,0,,0,0,0,0,0,0,0,0,0,0,,0,,0.0,0.0,0.0,0,0,0,0,0,0,0,0.0,0.0,1,0,0,0,0,0,0,0,0,0,0,0,0,0,0,0,0,0,0,0,0,0,0,,,0,0,0,0,0,0,0,0,0,0,0,0,,,,0,0,0,0,0,0,0,,0,0,0,0,0,0.0,0.0
00-0038134,K.Walker,Kenneth Walker III,RB,RB,"https://static.www.nfl.com/image/upload/f_auto,q_auto/league/mnzsnemdzbey5hbahdhk",2025,3,REG,SEA,NO,0,0,0,0,0,0,0,0,0,0,0,0,,,0,,16,38,2,0,0,4,-0.6668572705239058,0,1,1,12,0,0,0,2,10,1,0.6171566003467888,0,6.0,0.05,0.012269938650306749,0.08358895705521474,0,0,0,0,0,0,0,0.0,0.0,0,0,0,0,0,0,0,0,0,0,0,0,0,0,0,0,0,0,0,0,0,0,0,,,0,0,0,0,0,0,0,0,0,0,0,0,,,,0,0,0,0,0,0,0,,0,0,0,0,0,17.0,18.0
00-0038135,J.Brisker,Jaquan Brisker,SAF,DB,"https://static.www.nfl.com/image/upload/f_auto,q_auto/league/f21nhdemlyjvrtq9j01z",2025,3,REG,CHI,DAL,0,0,0,0,0,0,0,0,0,0,0,0,,,0,,0,0,0,0,0,0,,0,0,0,0,0,0,0,0,0,0,,0,,0.0,0.0,0.0,0,2,0,1,0,0,0,0.0,0.0,0,0,0,1,0,0,0,0,0,0,0,0,0,0,0,0,0,0,0,0,0,0,0,,,0,0,0,0,0,0,0,0,0,0,0,0,,,,0,0,0,0,0,0,0,,0,0,0,0,0,0.0,0.0
00-0038136,C.Bryant,Coby Bryant,SAF,DB,"https://static.www.nfl.com/image/upload/f_auto,q_auto/league/dx8iy9fohocha1eh4k58",2025,3,REG,SEA,NO,0,0,0,0,0,0,0,0,0,0,0,0,,,0,,0,0,0,0,0,0,,0,0,0,0,0,0,0,0,0,0,,0,,0.0,0.0,0.0,0,3,0,0,0,0,0,0.0,0.0,0,0,0,2,0,0,0,0,0,0,0,0,0,0,0,0,0,0,0,0,0,0,0,,,0,0,0,0,0,0,0,0,0,0,0,0,,,,0,0,0,0,0,0,0,,0,0,0,0,0,0.0,0.0
00-0038359,X.Smith,Xavier Smith,WR,WR,"https://static.www.nfl.com/image/upload/f_auto,q_auto/league/fk4gtziqefw5etqfylbe",2025,3,REG,LA,PHI,0,0,0,0,0,0,0,0,0,0,0,0,,,0,,0,0,0,0,0,0,,0,0,0,0,0,0,0,0,0,0,,0,,0.0,0.0,0.0,0,0,0,1,0,0,0,0.0,0.0,0,0,0,0,0,0,0,0,0,0,0,0,0,0,0,4,53,0,0,0,0,0,0,,,0,0,0,0,0,0,0,0,0,0,0,0,,,,0,0,0,0,0,0,0,,0,0,0,0,0,0.0,0.0
00-0038381,K.Kelly,Kyu Blu Kelly,CB,DB,"https://static.www.nfl.com/image/upload/f_auto,q_auto/league/jmwlrbcsuzckrohnwgdu",2025,3,REG,LV,WAS,0,0,0,0,0,0,0,0,0,0,0,0,,,0,,0,0,0,0,0,0,,0,0,0,0,0,0,0,0,0,0,,0,,0.0,0.0,0.0,0,4,0,1,0,0,0,0.0,0.0,0,0,0,1,0,0,0,0,0,0,1,1,0,0,0,0,0,0,0,0,0,0,0,,,0,0,0,0,0,0,0,0,0,0,0,0,,,,0,0,0,0,0,0,0,,0,0,0,0,0,0.0,0.0
00-0038386,J.Carter,Jalen Carter,DT,DL,"https://static.www.nfl.com/image/upload/f_auto,q_auto/league/dxkrjv1ihimkwj9xahsz",2025,3,REG,PHI,LA,0,0,0,0,0,0,0,0,0,0,0,0,,,0,,0,0,0,0,0,0,,0,0,0,0,0,0,0,0,0,0,,0,,0.0,0.0,0.0,0,0,0,3,0,0,0,0.0,0.0,2,0,0,0,0,0,0,0,0,0,0,0,0,1,9,0,0,0,0,0,0,0,0,,,0,0,0,0,0,0,0,0,0,0,0,0,,,,0,0,0,0,0,0,0,,0,0,0,0,0,0.0,0.0
00-0038387,C.Wooden,Colby Wooden,DE,DL,"https://static.www.nfl.com/image/upload/f_auto,q_auto/league/fwupcm9mwqoufrt6sz2z",2025,3,REG,GB,CLE,0,0,0,0,0,0,0,0,0,0,0,0,,,0,,0,0,0,0,0,0,,0,0,0,0,0,0,0,0,0,0,,0,,0.0,0.0,0.0,0,0,0,2,0,0,0,0.0,0.0,0,0,0,0,0,0,0,0,0,0,0,0,0,0,0,0,0,0,0,0,0,0,0,,,0,0,0,0,0,0,0,0,0,0,0,0,,,,0,0,0,0,0,0,0,,0,0,0,0,0,0.0,0.0
00-0038390,N.Sewell,Noah Sewell,LB,LB,"https://static.www.nfl.com/image/upload/f_auto,q_auto/league/sw5wea1zlc1drxoisej0",2025,3,REG,CHI,DAL,0,0,0,0,0,0,0,0,0,0,0,0,,,0,,0,0,0,0,0,0,,0,0,0,0,0,0,0,0,0,0,,0,,0.0,0.0,0.0,0,6,0,5,0,0,0,0.0,0.0,0,0,0,0,0,0,0,0,0,0,0,0,0,0,0,0,0,0,0,0,0,0,0,,,0,0,0,0,0,0,0,0,0,0,0,0,,,,0,0,0,0,0,0,0,,0,0,0,0,0,0.0,0.0
00-0038392,D.Scott,Daniel Scott,SAF,DB,"https://static.www.nfl.com/image/upload/f_auto,q_auto/league/bulecjnldnf3tgw1f1bq",2025,3,REG,IND,TEN,0,0,0,0,0,0,0,0,0,0,0,0,,,0,,0,0,0,0,0,0,,0,0,0,0,0,0,0,0,0,0,,0,,0.0,0.0,0.0,0,2,0,0,0,0,0,0.0,0.0,0,0,0,0,0,0,0,0,0,0,0,0,0,0,0,0,0,0,0,0,0,0,0,,,0,0,0,0,0,0,0,0,0,0,0,0,,,,0,0,0,0,0,0,0,,0,0,0,0,0,0.0,0.0
00-0038393,D.Wicks,Dontayvion Wicks,WR,WR,"https://static.www.nfl.com/image/upload/f_auto,q_auto/league/er7pbyq82nsbw1w3wyor",2025,3,REG,GB,CLE,0,0,0,0,0,0,0,0,0,0,0,0,,,0,,0,0,0,0,0,0,,0,2,4,21,0,0,0,23,9,1,-3.9517922991759704,0,0.9130434782608695,0.16,0.4791666666666667,0.5754166666666667,0,0,0,0,0,0,0,0.0,0.0,0,0,0,0,0,0,0,0,0,0,0,0,0,0,0,0,0,0,0,0,0,0,0,,,0,0,0,0,0,0,0,0,0,0,0,0,,,,0,0,0,0,0,0,0,,0,0,0,0,0,2.1,4.1
00-0038398,K.Brooks,Karl Brooks,DT,DL,"https://static.www.nfl.com/image/upload/f_auto,q_auto/league/qfyjyfmkoutz6s3ffy12",2025,3,REG,GB,CLE,0,0,0,0,0,0,0,0,0,0,0,0,,,0,,0,0,0,0,0,0,,0,0,0,0,0,0,0,0,0,0,,0,,0.0,0.0,0.0,0,0,1,0,0,0,0,0.0,0.0,1,0,0,0,0,0,0,0,0,0,0,0,0,0,0,0,0,0,0,0,0,0,0,,,0,0,0,0,0,0,0,0,0,0,0,0,,,,0,0,0,0,0,0,0,,0,0,0,0,0,0.0,0.0
00-0038408,C.Valentine,Carrington Valentine,CB,DB,"https://static.www.nfl.com/image/upload/f_auto,q_auto/league/wtkzctyceullg5napiwx",2025,3,REG,GB,CLE,0,0,0,0,0,0,0,0,0,0,0,0,,,0,,0,0,0,0,0,0,,0,0,0,0,0,0,0,0,0,0,,0,,0.0,0.0,0.0,0,0,0,1,0,0,0,0.0,0.0,0,0,0,0,0,0,0,0,0,0,0,0,0,0,0,0,0,0,0,0,0,0,0,,,0,0,0,0,0,0,0,0,0,0,0,0,,,,0,0,0,0,0,0,0,,0,0,0,0,0,0.0,0.0
00-0038412,M.Ojomo,Moro Ojomo,DT,DL,"https://static.www.nfl.com/image/upload/f_auto,q_auto/league/bbiomvn996iwm4ckkzio",2025,3,REG,PHI,LA,0,0,0,0,0,0,0,0,0,0,0,0,,,0,,0,0,0,0,0,0,,0,0,0,0,0,0,0,0,0,0,,0,,0.0,0.0,0.0,0,1,0,1,0,0,0,0.0,0.0,0,0,0,0,0,0,0,0,0,0,0,0,0,0,0,0,0,0,0,0,0,0,0,,,0,0,0,0,0,0,0,0,0,0,0,0,,,,0,0,0,0,0,0,0,,0,0,0,0,0,0.0,0.0
00-0038428,A.Szmyt,Andre Szmyt,K,SPEC,"https://static.www.nfl.com/image/upload/f_auto,q_auto/league/tkah6glpysuyq2a54gts",2025,3,REG,CLE,GB,0,0,0,0,0,0,0,0,0,0,0,0,,,0,,0,0,0,0,0,0,,0,0,0,0,0,0,0,0,0,0,,0,,0.0,0.0,0.0,0,0,0,0,0,0,0,0.0,0.0,0,0,0,0,0,0,0,0,0,0,0,0,0,0,0,0,0,0,0,2,2,0,0,55.0,1.0,0,0,1,0,1,0,0,0,0,0,0,0,35;55,,,90,0,0,1,1,0,0,1.0,1,1,0,0,55,0.0,0.0
00-0038440,Z.Scott,Zavier Scott,RB,RB,"https://static.www.nfl.com/image/upload/f_auto,q_auto/league/tnpgpzojszbfk8fpt0rb",2025,3,REG,MIN,CIN,0,0,0,0,0,0,0,0,0,0,0,0,,,0,,8,30,0,1,0,3,-0.7088629117351957,0,1,1,20,0,0,0,-6,26,1,-1.101800246105995,0,-3.3333333333333335,0.041666666666666664,-0.031914893617021274,0.04015957446808511,0,0,0,0,0,0,0,0.0,0.0,0,0,0,0,0,0,0,0,0,0,0,0,0,0,0,0,0,0,0,0,0,0,0,,,0,0,0,0,0,0,0,0,0,0,0,0,,,,0,0,0,0,0,0,0,,0,0,0,0,0,5.0,6.0
00-0038465,M.Heath,Malik Heath,WR,WR,"https://static.www.nfl.com/image/upload/f_auto,q_auto/league/gtvkkadrxfzlj1qxshhx",2025,3,REG,GB,CLE,0,0,0,0,0,0,0,0,0,0,0,0,,,0,,0,0,0,0,0,0,,0,0,0,0,0,0,0,0,0,0,,0,,0.0,0.0,0.0,0,0,0,0,0,0,0,0.0,0.0,0,0,0,0,0,0,0,0,0,0,0,0,0,1,5,0,0,0,0,0,0,0,0,,,0,0,0,0,0,0,0,0,0,0,0,0,,,,0,0,0,0,0,0,0,,0,0,0,0,0,0.0,0.0
00-0038488,B.Russell,Brady Russell,FB,RB,"https://static.www.nfl.com/image/upload/f_auto,q_auto/league/qvf5yojj8rznahzzxffx",2025,3,REG,SEA,NO,0,0,0,0,0,0,0,0,0,0,0,0,,,0,,0,0,0,0,0,0,,0,0,0,0,0,0,0,0,0,0,,0,,0.0,0.0,0.0,0,2,0,0,0,0,0,0.0,0.0,0,0,0,0,0,0,0,0,0,0,0,0,0,0,0,0,0,0,0,0,0,0,0,,,0,0,0,0,0,0,0,0,0,0,0,0,,,,0,0,0,0,0,0,0,,0,0,0,0,0,0.0,0.0
00-0038504,T.Simpson,Trenton Simpson,LB,LB,"https://static.www.nfl.com/image/upload/f_auto,q_auto/league/ozi4oorc2wbcbonnjoo8",2025,3,REG,BAL,DET,0,0,0,0,0,0,0,0,0,0,0,0,,,0,,0,0,0,0,0,0,,0,0,0,0,0,0,0,0,0,0,,0,,0.0,0.0,0.0,0,0,0,1,0,0,0,0.0,0.0,0,0,0,0,0,0,0,0,0,0,0,0,0,0,0,0,0,0,0,0,0,0,0,,,0,0,0,0,0,0,0,0,0,0,0,0,,,,0,0,0,0,0,0,0,,0,0,0,0,0,0.0,0.0
00-0038505,T.Robinson,Tavius Robinson,LB,LB,"https://static.www.nfl.com/image/upload/f_auto,q_auto/league/jmwnobonw2ieerdw5ynd",2025,3,REG,BAL,DET,0,0,0,0,0,0,0,0,0,0,0,0,,,0,,0,0,0,0,0,0,,0,0,0,0,0,0,0,0,0,0,,0,,0.0,0.0,0.0,0,0,0,3,0,0,0,0.0,0.0,1,0,0,0,0,0,0,0,0,0,0,0,0,0,0,0,0,0,0,0,0,0,0,,,0,0,0,0,0,0,0,0,0,0,0,0,,,,0,0,0,0,0,0,0,,0,0,0,0,0,0.0,0.0
00-0038519,N.Remigio,Nikko Remigio,WR,WR,"https://static.www.nfl.com/image/upload/f_auto,q_auto/league/tsvjshclrrbqv9mrbyj9",2025,3,REG,KC,NYG,0,0,0,0,0,0,0,0,0,0,0,0,,,0,,1,11,0,0,0,1,0.6427091776859015,0,0,0,0,0,0,0,0,0,0,,0,,0.0,0.0,0.0,0,0,0,0,0,0,0,0.0,0.0,0,0,0,0,0,0,0,0,0,0,0,0,0,0,0,1,4,2,41,0,0,0,0,,,0,0,0,0,0,0,0,0,0,0,0,0,,,,0,0,0,0,0,0,0,,0,0,0,0,0,1.1,1.1
00-0038535,D.Johnson,DJ Johnson,LB,LB,"https://static.www.nfl.com/image/upload/f_auto,q_auto/league/msiycion6qjuafdstc2z",2025,3,REG,CAR,ATL,0,0,0,0,0,0,0,0,0,0,0,0,,,0,,0,0,0,0,0,0,,0,0,0,0,0,0,0,0,0,0,,0,,0.0,0.0,0.0,0,1,0,0,0,0,0,0.0,0.0,0,0,0,0,0,0,0,0,0,0,0,0,0,0,0,0,0,0,0,0,0,0,0,,,0,0,0,0,0,0,0,0,0,0,0,0,,,,0,0,0,0,0,0,0,,0,0,0,0,0,0.0,0.0
00-0038541,T.Wilson,Tyree Wilson,DE,DL,"https://static.www.nfl.com/image/upload/f_auto,q_auto/league/wrybvbogxpg3f0fiakaz",2025,3,REG,LV,WAS,0,0,0,0,0,0,0,0,0,0,0,0,,,0,,0,0,0,0,0,0,,0,0,0,0,0,0,0,0,0,0,,0,,0.0,0.0,0.0,0,2,0,0,0,0,0,0.0,0.0,0,0,0,0,0,0,0,0,0,0,0,0,0,0,0,0,0,0,0,0,0,0,0,,,0,0,0,0,0,0,0,0,0,0,0,0,,,,0,0,0,0,0,0,0,,0,0,0,0,0,0.0,0.0
00-0038542,B.Robinson,Bijan Robinson,RB,RB,"https://static.www.nfl.com/image/upload/f_auto,q_auto/league/rjaf9auhx3lrktzgwpfb",2025,3,REG,ATL,CAR,0,0,0,0,0,0,0,0,0,0,0,0,,,0,,13,72,0,0,0,4,0.9967624293640256,0,5,6,39,0,0,0,-4,38,2,-4.266911805374548,0,-9.75,0.14634146341463414,-0.013071895424836602,0.21036186832456558,0,0,0,0,0,0,0,0.0,0.0,0,0,0,0,0,0,0,0,0,0,0,0,0,0,0,0,0,0,0,0,0,0,0,,,0,0,0,0,0,0,0,0,0,0,0,0,,,,0,0,0,0,0,0,0,,0,0,0,0,0,11.100000000000001,16.1
00-0038543,J.Smith-Njigba,Jaxon Smith-Njigba,WR,WR,"https://static.www.nfl.com/image/upload/f_auto,q_auto/league/jpvhsregfvw46mlyckzj",2025,3,REG,SEA,NO,0,0,0,0,0,0,0,0,0,0,0,0,,,0,,0,0,0,0,0,0,,0,5,6,96,1,0,0,87,21,4,7.537608480255809,0,1.103448275862069,0.3,0.5337423312883436,0.8236196319018405,0,0,0,0,0,0,0,0.0,0.0,0,0,0,0,0,0,0,0,0,0,0,0,0,0,0,0,0,0,0,0,0,0,0,,,0,0,0,0,0,0,0,0,0,0,0,0,,,,0,0,0,0,0,0,0,,0,0,0,0,0,15.600000000000001,20.6
00-0038544,Q.Johnston,Quentin Johnston,WR,WR,"https://static.www.nfl.com/image/upload/f_auto,q_auto/league/bpzdpin1xp1kjxmbkq6d",2025,3,REG,LAC,DEN,0,0,0,0,0,0,0,0,0,0,0,0,,,0,,0,0,0,0,0,0,,0,6,9,89,0,0,0,113,44,4,3.855156097764848,0,0.7876106194690266,0.2,0.2634032634032634,0.4843822843822844,0,1,0,0,0,0,0,0.0,0.0,0,0,0,0,0,0,0,0,0,0,0,0,0,0,0,0,0,0,0,0,0,0,0,,,0,0,0,0,0,0,0,0,0,0,0,0,,,,0,0,0,0,0,0,0,,0,0,0,0,0,8.9,14.9
00-0038546,M.Murphy,Myles Murphy,DE,DL,"https://static.www.nfl.com/image/upload/f_auto,q_auto/league/u0zvh5to1xhky5oiyonv",2025,3,REG,CIN,MIN,0,0,0,0,0,0,0,0,0,0,0,0,,,0,,0,0,0,0,0,0,,0,0,0,0,0,0,0,0,0,0,,0,,0.0,0.0,0.0,0,1,0,3,0,0,0,0.5,5.0,1,0,0,0,0,0,0,0,0,0,0,0,0,0,0,0,0,0,0,0,0,0,0,,,0,0,0,0,0,0,0,0,0,0,0,0,,,,0,0,0,0,0,0,0,,0,0,0,0,0,0.0,0.0
00-0038547,L.Schoonmaker,Luke Schoonmaker,TE,TE,"https://static.www.nfl.com/image/upload/f_auto,q_auto/league/mjaidpltef1ctqwrk5o5",2025,3,REG,DAL,CHI,0,0,0,0,0,0,0,0,0,0,0,0,,,0,,0,0,0,0,0,0,,0,1,1,5,0,0,0,5,0,0,-0.11479791859164834,0,1.0,0.022727272727272728,0.018656716417910446,0.0471506105834464,0,0,0,0,0,0,0,0.0,0.0,0,0,0,0,0,0,0,0,0,0,0,0,0,0,0,0,0,0,0,0,0,0,0,,,0,0,0,0,0,0,0,0,0,0,0,0,,,,0,0,0,0,0,0,0,,0,0,0,0,0,0.5,1.5
00-0038549,D.Turner,DJ Turner II,CB,DB,"https://static.www.nfl.com/image/upload/f_auto,q_auto/league/nijmaqsa0uggtjzmpzgy",2025,3,REG,CIN,MIN,0,0,0,0,0,0,0,0,0,0,0,0,,,0,,0,0,0,0,0,0,,0,0,0,0,0,0,0,0,0,0,,0,,0.0,0.0,0.0,0,2,0,0,0,0,0,0.0,0.0,0,0,0,1,0,0,0,0,0,0,0,0,0,0,0,0,0,0,0,0,0,0,0,,,0,0,0,0,0,0,0,0,0,0,0,0,,,,0,0,0,0,0,0,0,,0,0,0,0,0,0.0,0.0
00-0038551,K.Miller,Kendre Miller,RB,RB,"https://static.www.nfl.com/image/upload/f_auto,q_auto/league/jz3mpvifmldus3ipdvu1",2025,3,REG,NO,SEA,0,0,0,0,0,0,0,0,0,0,0,0,,,0,,7,27,0,0,0,0,-0.6738239349797368,0,2,2,9,0,0,0,-9,18,0,-0.09833565494045615,0,-1.0,0.04878048780487805,-0.025936599423631124,0.0550151121107753,0,0,0,0,0,0,0,0.0,0.0,0,0,0,0,0,0,0,0,0,0,0,0,0,0,0,0,0,8,182,0,0,0,0,,,0,0,0,0,0,0,0,0,0,0,0,0,,,,0,0,0,0,0,0,0,,0,0,0,0,0,3.6,5.6
00-0038552,R.Moss,Riley Moss,CB,DB,"https://static.www.nfl.com/image/upload/f_auto,q_auto/league/ien8dnxggtcrizatnuom",2025,3,REG,DEN,LAC,0,0,0,0,0,0,0,0,0,0,0,0,,,0,,0,0,0,0,0,0,,0,0,0,0,0,0,0,0,0,0,,0,,0.0,0.0,0.0,0,4,0,2,0,0,0,0.0,0.0,0,0,0,1,0,0,0,0,0,0,0,0,0,0,0,0,0,0,0,0,0,0,0,,,0,0,0,0,0,0,0,0,0,0,0,0,,,,0,0,0,0,0,0,0,,0,0,0,0,0,0.0,0.0
00-0038553,D.Henley,Daiyan Henley,LB,LB,"https://static.www.nfl.com/image/upload/f_auto,q_auto/league/rkogtmgnthxju5bqrtx1",2025,3,REG,LAC,DEN,0,0,0,0,0,0,0,0,0,0,0,0,,,0,,0,0,0,0,0,0,,0,0,0,0,0,0,0,0,0,0,,0,,0.0,0.0,0.0,0,2,0,2,0,0,0,0.0,0.0,0,0,0,0,0,0,0,0,0,0,0,0,0,0,0,0,0,0,0,0,0,0,0,,,0,0,0,0,0,0,0,0,0,0,0,0,,,,0,0,0,0,0,0,0,,0,0,0,0,0,0.0,0.0
00-0038554,J.Brown,Ji'Ayir Brown,SAF,DB,"https://static.www.nfl.com/image/upload/f_auto,q_auto/league/gmgewszcsvxdb63dmqby",2025,3,REG,SF,ARI,0,0,0,0,0,0,0,0,0,0,0,0,,,0,,0,0,0,0,0,0,,0,0,0,0,0,0,0,0,0,0,,0,,0.0,0.0,0.0,0,2,0,2,0,0,0,0.0,0.0,0,0,0,0,0,0,0,0,0,0,0,0,0,0,0,0,0,0,0,0,0,0,0,,,0,0,0,0,0,0,0,0,0,0,0,0,,,,0,0,0,0,0,0,0,,0,0,0,0,0,0.0,0.0
00-0038555,T.Bigsby,Tank Bigsby,RB,RB,"https://static.www.nfl.com/image/upload/f_auto,q_auto/league/pbdmvxgc4qymtkmeegxr",2025,3,REG,PHI,LA,0,0,0,0,0,0,0,0,0,0,0,0,,,0,,0,0,0,0,0,0,,0,0,0,0,0,0,0,0,0,0,,0,,0.0,0.0,0.0,0,1,0,0,0,0,0,0.0,0.0,0,0,0,0,0,0,0,0,0,0,0,0,0,0,0,0,0,2,24,0,0,0,0,,,0,0,0,0,0,0,0,0,0,0,0,0,,,,0,0,0,0,0,0,0,,0,0,0,0,0,0.0,0.0
00-0038557,D.Williams,Dorian Williams,LB,LB,"https://static.www.nfl.com/image/upload/f_auto,q_auto/league/fsslbcbp87yehsofpwg1",2025,3,REG,BUF,MIA,0,0,0,0,0,0,0,0,0,0,0,0,,,0,,0,0,0,0,0,0,,0,0,0,0,0,0,0,0,0,0,,0,,0.0,0.0,0.0,0,3,0,3,0,0,0,0.0,0.0,0,0,0,0,0,0,0,0,0,0,0,0,0,0,0,0,0,0,0,0,0,0,0,,,0,0,0,0,0,0,0,0,0,0,0,0,,,,0,0,0,0,0,0,0,,0,0,0,0,0,0.0,0.0
00-0038559,Mi.Wilson,Michael Wilson,WR,WR,"https://static.www.nfl.com/image/upload/f_auto,q_auto/league/yc8awtck004bz2a5oeb8",2025,3,REG,ARI,SF,0,0,0,0,0,0,0,0,0,0,0,0,,,0,,0,0,0,0,0,0,,0,1,2,5,0,0,0,17,1,1,2.4251593907829374,0,0.29411764705882354,0.058823529411764705,0.096045197740113,0.15546693253572613,0,0,0,0,0,0,0,0.0,0.0,0,0,0,0,0,0,0,0,0,0,0,0,0,0,0,0,0,0,0,0,0,0,0,,,0,0,0,0,0,0,0,0,0,0,0,0,,,,0,0,0,0,0,0,0,,0,0,0,0,0,0.5,1.5
00-0038560,J.Battle,Jordan Battle,SAF,DB,"https://static.www.nfl.com/image/upload/f_auto,q_auto/league/cqndmjyignuar0ekntsy",2025,3,REG,CIN,MIN,0,0,0,0,0,0,0,0,0,0,0,0,,,0,,0,0,0,0,0,0,,0,0,0,0,0,0,0,0,0,0,,0,,0.0,0.0,0.0,0,5,0,2,0,0,0,0.0,0.0,0,0,0,0,0,0,0,0,0,0,0,0,0,0,0,0,0,0,0,0,0,0,0,,,0,0,0,0,0,0,0,0,0,0,0,0,,,,0,0,0,0,0,0,0,,0,0,0,0,0,0.0,0.0
00-0038563,T.Tucker,Tre Tucker,WR,WR,"https://static.www.nfl.com/image/upload/f_auto,q_auto/league/fsx05ats4azj8mus03d4",2025,3,REG,LV,WAS,0,0,0,0,0,0,0,0,0,0,0,0,,,0,,1,4,0,0,0,0,-0.2950757264625281,0,8,9,145,3,0,0,127,36,7,15.740069849067368,0,1.141732283464567,0.3333333333333333,0.4163934426229508,0.7914754098360656,0,0,0,0,0,0,0,0.0,0.0,0,0,0,0,0,0,0,0,0,0,0,0,0,1,5,2,10,1,23,0,0,0,0,,,0,0,0,0,0,0,0,0,0,0,0,0,,,,0,0,0,0,0,0,0,,0,0,0,0,0,32.9,40.9
00-0038565,M.Blackmon,Mekhi Blackmon,CB,DB,"https://static.www.nfl.com/image/upload/f_auto,q_auto/league/uo4d3xkm63u1elamfvxw",2025,3,REG,IND,TEN,0,0,0,0,0,0,0,0,0,0,0,0,,,0,,0,0,0,0,0,0,,0,0,0,0,0,0,0,0,0,0,,0,,0.0,0.0,0.0,0,4,0,1,0,0,0,0.0,0.0,0,0,0,0,0,0,0,0,0,0,0,0,0,0,0,0,0,0,0,0,0,0,0,,,0,0,0,0,0,0,0,0,0,0,0,0,,,,0,0,0,0,0,0,0,,0,0,0,0,0,0.0,0.0
00-0038567,C.Ryland,Chad Ryland,K,SPEC,"https://static.www.nfl.com/image/upload/f_auto,q_auto/league/hqbrncv4ktphfcmkf23g",2025,3,REG,ARI,SF,0,0,0,0,0,0,0,0,0,0,0,0,,,0,,0,0,0,0,0,0,,0,0,0,0,0,0,0,0,0,0,,0,,0.0,0.0,0.0,0,0,0,0,0,0,0,0.0,0.0,0,0,0,0,0,0,0,0,0,0,0,0,0,0,0,0,0,0,0,2,3,1,0,34.0,0.6666666666666666,0,1,1,0,0,0,0,0,0,0,1,0,34;28,57,,62,57,0,1,1,0,0,1.0,0,0,0,0,0,0.0,0.0
00-0038570,V.Miller,Ventrell Miller,LB,LB,"https://static.www.nfl.com/image/upload/f_auto,q_auto/league/gmxgq1mjnbdjjpcggamn",2025,3,REG,JAX,HOU,0,0,0,0,0,0,0,0,0,0,0,0,,,0,,0,0,0,0,0,0,,0,0,0,0,0,0,0,0,0,0,,0,,0.0,0.0,0.0,0,0,0,1,0,0,0,0.0,0.0,0,0,0,0,0,0,0,0,0,0,0,0,0,1,10,0,0,0,0,0,0,0,0,,,0,0,0,0,0,0,0,0,0,0,0,0,,,,0,0,0,0,0,0,0,,0,0,0,0,0,0.0,0.0
00-0038573,D.Davis,Derius Davis,WR,WR,"https://static.www.nfl.com/image/upload/f_auto,q_auto/league/if9lcwax4p0gwlqswr1y",2025,3,REG,LAC,DEN,0,0,0,0,0,0,0,0,0,0,0,0,,,0,,1,2,0,0,0,0,-0.3557543001952581,0,0,0,0,0,0,0,0,0,0,,0,,0.0,0.0,0.0,0,0,0,0,0,0,0,0.0,0.0,0,0,0,0,0,0,0,0,0,0,0,0,0,0,0,2,40,3,74,0,0,0,0,,,0,0,0,0,0,0,0,0,0,0,0,0,,,,0,0,0,0,0,0,0,,0,0,0,0,0,0.2,0.2
00-0038574,I.McGuire,Isaiah McGuire,DE,DL,"https://static.www.nfl.com/image/upload/f_auto,q_auto/league/bgay7c5onbqadb4qjguc",2025,3,REG,CLE,GB,0,0,0,0,0,0,0,0,0,0,0,0,,,0,,0,0,0,0,0,0,,0,0,0,0,0,0,0,0,0,0,,0,,0.0,0.0,0.0,0,0,0,1,0,0,0,0.0,0.0,0,0,0,0,0,0,0,0,0,0,0,0,0,0,0,0,0,0,0,0,0,0,0,,,0,0,0,0,0,0,0,0,0,0,0,0,,,,0,0,0,0,0,0,0,,0,0,0,0,0,0.0,0.0
00-0038576,C.Jones,Charlie Jones,WR,WR,"https://static.www.nfl.com/image/upload/f_auto,q_auto/league/rofwl0wrsdqnfvv4iokq",2025,3,REG,CIN,MIN,0,0,0,0,0,0,0,0,0,0,0,0,,,0,,0,0,0,0,0,0,,0,0,0,0,0,0,0,0,0,0,,0,,0.0,0.0,0.0,0,0,0,0,0,0,0,0.0,0.0,0,0,0,0,0,0,0,0,1,1,0,0,0,0,0,1,9,3,61,0,0,0,0,,,0,0,0,0,0,0,0,0,0,0,0,0,,,,0,0,0,0,0,0,0,,0,0,0,0,0,0.0,0.0
00-0038577,N.Herbig,Nick Herbig,LB,LB,"https://static.www.nfl.com/image/upload/f_auto,q_auto/league/x2pdurg2nwxy1tiyfeac",2025,3,REG,PIT,NE,0,0,0,0,0,0,0,0,0,0,0,0,,,0,,0,0,0,0,0,0,,0,0,0,0,0,0,0,0,0,0,,0,,0.0,0.0,0.0,0,1,0,1,1,4,1,1.0,4.0,4,0,0,0,0,0,0,0,0,0,0,0,0,1,5,0,0,0,0,0,0,0,0,,,0,0,0,0,0,0,0,0,0,0,0,0,,,,0,0,0,0,0,0,0,,0,0,0,0,0,0.0,0.0
00-0038588,J.Howden,Jordan Howden,SAF,DB,"https://static.www.nfl.com/image/upload/f_auto,q_auto/league/x87djeswtkpxvuvyw5xh",2025,3,REG,NO,SEA,0,0,0,0,0,0,0,0,0,0,0,0,,,0,,0,0,0,0,0,0,,0,0,0,0,0,0,0,0,0,0,,0,,0.0,0.0,0.0,0,1,0,2,0,0,0,0.0,0.0,0,0,0,0,0,0,0,0,0,0,0,0,0,0,0,0,0,0,0,0,0,0,0,,,0,0,0,0,0,0,0,0,0,0,0,0,,,,0,0,0,0,0,0,0,,0,0,0,0,0,0.0,0.0
00-0038591,M.Morris,Mike Morris,DE,DL,"https://static.www.nfl.com/image/upload/f_auto,q_auto/league/hknu9azwhvn7pq4tfaiz",2025,3,REG,SEA,NO,0,0,0,0,0,0,0,0,0,0,0,0,,,0,,0,0,0,0,0,0,,0,0,0,0,0,0,0,0,0,0,,0,,0.0,0.0,0.0,0,3,0,2,1,1,0,0.0,0.0,1,0,0,1,0,0,0,0,0,0,0,0,0,0,0,0,0,0,0,0,0,0,0,,,0,0,0,0,0,0,0,0,0,0,0,0,,,,0,0,0,0,0,0,0,,0,0,0,0,0,0.0,0.0
00-0038594,D.Luter,Darrell Luter Jr.,CB,DB,"https://static.www.nfl.com/image/upload/f_auto,q_auto/league/c7i5bj3inrno1uvjxwv4",2025,3,REG,SF,ARI,0,0,0,0,0,0,0,0,0,0,0,0,,,0,,0,0,0,0,0,0,,0,0,0,0,0,0,0,0,0,0,,0,,0.0,0.0,0.0,0,0,0,2,0,0,0,0.0,0.0,0,0,0,0,0,0,0,0,0,0,0,0,0,0,0,0,0,0,0,0,0,0,0,,,0,0,0,0,0,0,0,0,0,0,0,0,,,,0,0,0,0,0,0,0,,0,0,0,0,0,0.0,0.0
00-0038596,An.Johnson,Antonio Johnson,SAF,DB,"https://static.www.nfl.com/image/upload/f_auto,q_auto/league/zpd9kentvqmeamoeg6g1",2025,3,REG,JAX,HOU,0,0,0,0,0,0,0,0,0,0,0,0,,,0,,0,0,0,0,0,0,,0,0,0,0,0,0,0,0,0,0,,0,,0.0,0.0,0.0,0,1,0,3,0,0,0,0.0,0.0,0,1,0,1,0,0,0,0,0,0,0,0,0,0,0,0,0,0,0,0,0,0,0,,,0,0,0,0,0,0,0,0,0,0,0,0,,,,0,0,0,0,0,0,0,,0,0,0,0,0,0.0,0.0
00-0038597,C.Brown,Chase Brown,RB,RB,"https://static.www.nfl.com/image/upload/f_auto,q_auto/league/pv3sq3uzosixxexbznq5",2025,3,REG,CIN,MIN,0,0,0,0,0,0,0,0,0,0,0,0,,,0,,10,3,0,1,0,0,-6.335402739816345,0,4,5,17,0,0,0,17,16,1,-11.37281139777042,0,1.0,0.19230769230769232,0.13178294573643412,0.3807096004770424,0,0,0,0,0,0,0,0.0,0.0,0,0,0,0,0,0,0,0,1,1,0,0,0,0,0,0,0,0,0,0,0,0,0,,,0,0,0,0,0,0,0,0,0,0,0,0,,,,0,0,0,0,0,0,0,,0,0,0,0,0,2.0,6.0
00-0038599,H.To'oTo'o,Henry To'oTo'o,LB,LB,"https://static.www.nfl.com/image/upload/f_auto,q_auto/league/epsdr0zqlm2vrhizwama",2025,3,REG,HOU,JAX,0,0,0,0,0,0,0,0,0,0,0,0,,,0,,0,0,0,0,0,0,,0,0,0,0,0,0,0,0,0,0,,0,,0.0,0.0,0.0,0,3,0,1,0,0,0,0.0,0.0,0,0,0,0,0,0,0,0,0,0,0,0,0,0,0,0,0,0,0,0,0,0,0,,,0,0,0,0,0,0,0,0,0,0,0,0,,,,0,0,0,0,0,0,0,,0,0,0,0,0,0.0,0.0
00-0038600,O.Pappoe,Owen Pappoe,LB,LB,"https://static.www.nfl.com/image/upload/f_auto,q_auto/league/in0wnyee7iv62hkgvnhf",2025,3,REG,ARI,SF,0,0,0,0,0,0,0,0,0,0,0,0,,,0,,0,0,0,0,0,0,,0,0,0,0,0,0,0,0,0,0,,0,,0.0,0.0,0.0,0,0,0,1,0,0,0,0.0,0.0,0,0,0,0,0,0,0,0,0,0,0,0,0,0,0,0,0,0,0,0,0,0,0,,,0,0,0,0,0,0,0,0,0,0,0,0,,,,0,0,0,0,0,0,0,,0,0,0,0,0,0.0,0.0
00-0038605,J.Skinner,JL Skinner,SAF,DB,"https://static.www.nfl.com/image/upload/f_auto,q_auto/league/pss2lrg9jx4qauwyu3hu",2025,3,REG,DEN,LAC,0,0,0,0,0,0,0,0,0,0,0,0,,,0,,0,0,0,0,0,0,,0,0,0,0,0,0,0,0,0,0,,0,,0.0,0.0,0.0,0,0,0,1,0,0,0,0.0,0.0,0,0,0,0,0,0,0,0,0,0,1,1,0,0,0,0,0,0,0,0,0,0,0,,,0,0,0,0,0,0,0,0,0,0,0,0,,,,0,0,0,0,0,0,0,,0,0,0,0,0,0.0,0.0
00-0038606,P.Washington,Parker Washington,WR,WR,"https://static.www.nfl.com/image/upload/f_auto,q_auto/league/sqgxayp6nrrpvwonksdm",2025,3,REG,JAX,HOU,0,0,0,0,0,0,0,0,0,0,0,0,,,0,,0,0,0,0,0,0,,0,4,11,34,0,0,0,137,12,2,-8.022860305849463,0,0.24817518248175183,0.2894736842105263,0.43492063492063493,0.7386549707602339,0,1,0,0,0,0,0,0.0,0.0,0,0,0,0,0,0,0,0,0,0,0,0,0,0,0,2,17,0,0,0,0,0,0,,,0,0,0,0,0,0,0,0,0,0,0,0,,,,0,0,0,0,0,0,0,,0,0,0,0,0,3.4000000000000004,7.4
00-0038608,K.Boutte,Kayshon Boutte,WR,WR,"https://static.www.nfl.com/image/upload/f_auto,q_auto/league/mg4icjqhwhnc5uobmau5",2025,3,REG,NE,PIT,0,0,0,0,0,0,0,0,0,0,0,0,,,0,,0,0,0,0,0,0,,0,2,3,28,0,0,0,28,2,1,-1.679772846517153,0,1.0,0.08333333333333333,0.13526570048309178,0.21968599033816424,0,0,0,0,0,0,0,0.0,0.0,0,0,0,0,0,0,0,0,0,0,0,0,0,0,0,0,0,0,0,0,0,0,0,,,0,0,0,0,0,0,0,0,0,0,0,0,,,,0,0,0,0,0,0,0,,0,0,0,0,0,2.8000000000000003,4.800000000000001
00-0038609,L.Wypler,Luke Wypler,C,OL,"https://static.www.nfl.com/image/upload/f_auto,q_auto/league/alkthyatyuxkudodqhke",2025,3,REG,CLE,GB,0,0,0,0,0,0,0,0,0,0,0,0,,,0,,0,0,0,0,0,0,,0,0,1,0,0,0,0,1,0,0,-0.24714013846823946,0,0.0,0.030303030303030304,0.003937007874015748,0.04821045096635648,0,0,0,0,0,0,0,0.0,0.0,0,0,0,0,0,0,0,0,0,0,0,0,0,0,0,0,0,0,0,0,0,0,0,,,0,0,0,0,0,0,0,0,0,0,0,0,,,,0,0,0,0,0,0,0,,0,0,0,0,0,0.0,0.0
00-0038610,B.Baringer,Bryce Baringer,P,SPEC,"https://static.www.nfl.com/image/upload/f_auto,q_auto/league/chin7dbgay28deurzjbb",2025,3,REG,NE,PIT,0,0,0,0,0,0,0,0,0,0,0,0,,,0,,0,0,0,0,0,0,,0,0,0,0,0,0,0,0,0,0,,0,,0.0,0.0,0.0,0,0,0,0,0,0,0,0.0,0.0,0,0,0,0,0,0,0,0,0,0,0,0,0,0,0,0,0,0,0,0,0,0,0,,,0,0,0,0,0,0,0,0,0,0,0,0,,,,0,0,0,0,0,0,0,,0,0,0,0,0,0.0,0.0
00-0038611,C.Rodriguez,Chris Rodriguez Jr.,RB,RB,"https://static.www.nfl.com/image/upload/f_auto,q_auto/league/z5nbh1nza9je683o17h1",2025,3,REG,WAS,LV,0,0,0,0,0,0,0,0,0,0,0,0,,,0,,11,39,0,0,0,1,-1.8726344621973112,0,0,0,0,0,0,0,0,0,0,,0,,0.0,0.0,0.0,0,1,0,0,0,0,0,0.0,0.0,0,0,0,0,0,0,0,0,0,0,0,0,0,0,0,0,0,0,0,0,0,0,0,,,0,0,0,0,0,0,0,0,0,0,0,0,,,,0,0,0,0,0,0,0,,0,0,0,0,0,3.9000000000000004,3.9000000000000004
00-0038613,Je.Reed,Jerrick Reed II,SAF,DB,"https://static.www.nfl.com/image/upload/f_auto,q_auto/league/kseplyvmp1o8xdojoe5t",2025,3,REG,SEA,NO,0,0,0,0,0,0,0,0,0,0,0,0,,,0,,0,0,0,0,0,0,,0,0,0,0,0,0,0,0,0,0,,0,,0.0,0.0,0.0,0,2,0,0,0,0,0,0.0,0.0,0,0,0,0,0,0,0,0,0,0,0,0,0,0,0,0,0,0,0,0,0,0,0,,,0,0,0,0,0,0,0,0,0,0,0,0,,,,0,0,0,0,0,0,0,,0,0,0,0,0,0.0,0.0
00-0038618,X.Hutchinson,Xavier Hutchinson,WR,WR,"https://static.www.nfl.com/image/upload/f_auto,q_auto/league/hv3mfhadliph08b4pl4s",2025,3,REG,HOU,JAX,0,0,0,0,0,0,0,0,0,0,0,0,,,0,,0,0,0,0,0,0,,0,3,3,16,0,0,0,9,7,0,-0.1470073948148638,0,1.7777777777777777,0.08333333333333333,0.03125,0.146875,0,1,0,1,0,0,0,0.0,0.0,0,0,0,0,0,0,0,0,0,0,0,0,0,0,0,0,0,0,0,0,0,0,0,,,0,0,0,0,0,0,0,0,0,0,0,0,,,,0,0,0,0,0,0,0,,0,0,0,0,0,1.6,4.6
00-0038621,D.Douglas,DeMario Douglas,WR,WR,"https://static.www.nfl.com/image/upload/f_auto,q_auto/league/almsm6nmovpasu8ts9u3",2025,3,REG,NE,PIT,0,0,0,0,0,0,0,0,0,0,0,0,,,0,,0,0,0,0,0,0,,0,2,5,7,0,0,0,27,0,0,-3.2285917995031923,0,0.25925925925925924,0.1388888888888889,0.13043478260869565,0.2996376811594203,0,0,0,0,0,0,0,0.0,0.0,0,0,0,0,0,0,0,0,0,0,0,0,0,0,0,0,0,0,0,0,0,0,0,,,0,0,0,0,0,0,0,0,0,0,0,0,,,,0,0,0,0,0,0,0,,0,0,0,0,0,0.7000000000000001,2.7
00-0038623,D.Stills,Dante Stills,DT,DL,"https://static.www.nfl.com/image/upload/f_auto,q_auto/league/aqvvpt76ifof0r42hsgg",2025,3,REG,ARI,SF,0,0,0,0,0,0,0,0,0,0,0,0,,,0,,0,0,0,0,0,0,,0,0,0,0,0,0,0,0,0,0,,0,,0.0,0.0,0.0,0,0,0,1,0,0,0,0.0,0.0,0,0,0,0,0,0,0,0,0,0,0,0,0,0,0,0,0,0,0,0,0,0,0,,,0,0,0,0,0,0,0,0,0,0,0,0,,,,0,0,0,0,0,0,0,,0,0,0,0,0,0.0,0.0
00-0038625,D.Winters,Dee Winters,LB,LB,"https://static.www.nfl.com/image/upload/f_auto,q_auto/league/uq6qbsrwlkhnu7lsrejj",2025,3,REG,SF,ARI,0,0,0,0,0,0,0,0,0,0,0,0,,,0,,0,0,0,0,0,0,,0,0,0,0,0,0,0,0,0,0,,0,,0.0,0.0,0.0,0,4,0,4,0,0,0,0.0,0.0,1,0,0,1,0,0,0,0,0,0,0,0,0,0,0,0,0,0,0,0,0,0,0,,,0,0,0,0,0,0,0,0,0,0,0,0,,,,0,0,0,0,0,0,0,,0,0,0,0,0,0.0,0.0
00-0038628,D.Hellams,DeMarcco Hellams,SAF,DB,"https://static.www.nfl.com/image/upload/f_auto,q_auto/league/sgwgvm0vfhjzx2skseii",2025,3,REG,ATL,CAR,0,0,0,0,0,0,0,0,0,0,0,0,,,0,,0,0,0,0,0,0,,0,0,0,0,0,0,0,0,0,0,,0,,0.0,0.0,0.0,0,0,0,1,0,0,0,0.0,0.0,0,0,0,0,0,0,0,0,0,0,1,1,0,0,0,0,0,0,0,0,0,0,0,,,0,0,0,0,0,0,0,0,0,0,0,0,,,,0,0,0,0,0,0,0,,0,0,0,0,0,0.0,0.0
00-0038642,D.Ivey,D.J. Ivey,CB,DB,"https://static.www.nfl.com/image/upload/f_auto,q_auto/league/bgycp6whsc4bd61aumsq",2025,3,REG,CIN,MIN,0,0,0,0,0,0,0,0,0,0,0,0,,,0,,0,0,0,0,0,0,,0,0,0,0,0,0,0,0,0,0,,0,,0.0,0.0,0.0,0,0,0,1,0,0,0,0.0,0.0,0,0,0,0,0,0,0,0,0,0,0,0,0,0,0,0,0,0,0,0,0,0,0,,,0,0,0,0,0,0,0,0,0,0,0,0,,,,0,0,0,0,0,0,0,,0,0,0,0,0,0.0,0.0
00-0038643,B.Willis,Brayden Willis,TE,TE,"https://static.www.nfl.com/image/upload/f_auto,q_auto/league/pz1nzzfellquco7nk65e",2025,3,REG,SF,ARI,0,0,0,0,0,0,0,0,0,0,0,0,,,0,,0,0,0,0,0,0,,0,0,0,0,0,0,0,0,0,0,,0,,0.0,0.0,0.0,0,0,0,1,0,0,0,0.0,0.0,0,0,0,0,0,0,0,0,0,0,0,0,0,0,0,0,0,0,0,0,0,0,0,,,0,0,0,0,0,0,0,0,0,0,0,0,,,,0,0,0,0,0,0,0,,0,0,0,0,0,0.0,0.0
00-0038646,A.Austin,Alex Austin,CB,DB,"https://static.www.nfl.com/image/upload/f_auto,q_auto/league/vtgwc8celooprxtaqlb6",2025,3,REG,NE,PIT,0,0,0,0,0,0,0,0,0,0,0,0,,,0,,0,0,0,0,0,0,,0,0,0,0,0,0,0,0,0,0,,0,,0.0,0.0,0.0,0,0,0,0,0,0,0,0.0,0.0,0,0,0,0,0,0,0,0,0,0,0,0,0,2,6,0,0,0,0,0,0,0,0,,,0,0,0,0,0,0,0,0,0,0,0,0,,,,0,0,0,0,0,0,0,,0,0,0,0,0,0.0,0.0
00-0038653,C.Durden,Cory Durden,DT,DL,"https://static.www.nfl.com/image/upload/f_auto,q_auto/league/cmvqhnml3bo9xrxsf8ll",2025,3,REG,NE,PIT,0,0,0,0,0,0,0,0,0,0,0,0,,,0,,0,0,0,0,0,0,,0,0,0,0,0,0,0,0,0,0,,0,,0.0,0.0,0.0,0,0,0,1,0,0,0,0.0,0.0,0,0,0,0,0,0,0,0,0,0,0,0,0,0,0,0,0,0,0,0,0,0,0,,,0,0,0,0,0,0,0,0,0,0,0,0,,,,0,0,0,0,0,0,0,,0,0,0,0,0,0.0,0.0
00-0038660,T.Nowaske,Trevor Nowaske,LB,LB,"https://static.www.nfl.com/image/upload/f_auto,q_auto/league/kwj6mthtdunxiwdcogz2",2025,3,REG,DET,BAL,0,0,0,0,0,0,0,0,0,0,0,0,,,0,,0,0,0,0,0,0,,0,0,0,0,0,0,0,0,0,0,,0,,0.0,0.0,0.0,0,1,0,1,1,4,0,1.0,4.0,1,0,0,0,0,0,0,0,0,0,0,0,0,0,0,0,0,0,0,0,0,0,0,,,0,0,0,0,0,0,0,0,0,0,0,0,,,,0,0,0,0,0,0,0,,0,0,0,0,0,0.0,0.0
00-0038679,T.Shavers,Tyrell Shavers,WR,WR,"https://static.www.nfl.com/image/upload/f_auto,q_auto/league/mfazuecipz3csodtztwc",2025,3,REG,BUF,MIA,0,0,0,0,0,0,0,0,0,0,0,0,,,0,,0,0,0,0,0,0,,0,2,2,24,0,0,0,8,16,2,2.961214954557363,0,3.0,0.07407407407407407,0.07207207207207207,0.16156156156156154,0,1,0,0,0,0,0,0.0,0.0,0,0,0,0,0,0,0,0,0,0,0,0,0,0,0,0,0,0,0,0,0,0,0,,,0,0,0,0,0,0,0,0,0,0,0,0,,,,0,0,0,0,0,0,0,,0,0,0,0,0,2.4000000000000004,4.4
00-0038685,C.Brooks,Chris Brooks,RB,RB,"https://static.www.nfl.com/image/upload/f_auto,q_auto/league/nnwloijqopel4em6vfhb",2025,3,REG,GB,CLE,0,0,0,0,0,0,0,0,0,0,0,0,,,0,,0,0,0,0,0,0,,0,0,0,0,0,0,0,0,0,0,,0,,0.0,0.0,0.0,0,0,0,1,0,0,0,0.0,0.0,0,0,0,0,0,0,0,0,0,0,0,0,0,0,0,0,0,0,0,0,0,0,0,,,0,0,0,0,0,0,0,0,0,0,0,0,,,,0,0,0,0,0,0,0,,0,0,0,0,0,0.0,0.0
00-0038705,E.Demercado,Emari Demercado,RB,RB,"https://static.www.nfl.com/image/upload/f_auto,q_auto/league/jasnk9akri8eghfgolsn",2025,3,REG,ARI,SF,0,0,0,0,0,0,0,0,0,0,0,0,,,0,,2,0,0,0,0,0,-2.484919796232134,0,0,1,0,0,0,0,1,0,0,-1.1533774207850618,0,0.0,0.029411764705882353,0.005649717514124294,0.04807244931871053,0,0,0,0,0,0,0,0.0,0.0,0,0,0,0,0,0,0,0,0,0,0,0,0,0,0,0,0,2,57,0,0,0,0,,,0,0,0,0,0,0,0,0,0,0,0,0,,,,0,0,0,0,0,0,0,,0,0,0,0,0,0.0,0.0
00-0038710,B.Whiteheart,Blake Whiteheart,TE,TE,"https://static.www.nfl.com/image/upload/f_auto,q_auto/league/senw8edxu2ovkg1dbdxs",2025,3,REG,CLE,GB,0,0,0,0,0,0,0,0,0,0,0,0,,,0,,0,0,0,0,0,0,,0,0,0,0,0,0,0,0,0,0,,0,,0.0,0.0,0.0,0,0,0,1,0,0,0,0.0,0.0,0,0,0,0,0,0,0,0,0,0,0,0,0,0,0,0,0,0,0,0,0,0,0,,,0,0,0,0,0,0,0,0,0,0,0,0,,,,0,0,0,0,0,0,0,,0,0,0,0,0,0.0,0.0
00-0038711,M.Diabate,Mohamoud Diabate,LB,LB,"https://static.www.nfl.com/image/upload/f_auto,q_auto/league/clvmbgcxk6mw8gqdzyxa",2025,3,REG,CLE,GB,0,0,0,0,0,0,0,0,0,0,0,0,,,0,,0,0,0,0,0,0,,0,0,0,0,0,0,0,0,0,0,,0,,0.0,0.0,0.0,0,0,0,2,0,0,0,0.0,0.0,0,0,0,0,0,0,0,0,0,0,0,0,0,0,0,0,0,0,0,0,0,0,0,,,0,0,0,0,0,0,0,0,0,0,0,0,,,,0,0,0,0,0,0,0,,0,0,0,0,0,0.0,0.0
00-0038715,R.Hickman,Ronnie Hickman Jr.,SAF,DB,"https://static.www.nfl.com/image/upload/f_auto,q_auto/league/ds24p7j86p9mwshsjvbu",2025,3,REG,CLE,GB,0,0,0,0,0,0,0,0,0,0,0,0,,,0,,0,0,0,0,0,0,,0,0,0,0,0,0,0,0,0,0,,0,,0.0,0.0,0.0,0,4,0,0,0,0,0,0.0,0.0,0,0,0,0,0,0,0,0,0,0,0,0,0,0,0,0,0,0,0,0,0,0,0,,,0,0,0,0,0,0,0,0,0,0,0,0,,,,0,0,0,0,0,0,0,,0,0,0,0,0,0.0,0.0
00-0038720,J.Hill,Julian Hill,TE,TE,"https://static.www.nfl.com/image/upload/f_auto,q_auto/league/yogwwyzq4sydycahhbgw",2025,3,REG,MIA,BUF,0,0,0,0,0,0,0,0,0,0,0,0,,,0,,0,0,0,0,0,0,,0,1,1,4,0,0,0,1,3,0,-0.250724823854398,0,4.0,0.030303030303030304,0.004901960784313725,0.048885918003565065,0,0,0,0,0,0,0,0.0,0.0,0,0,0,0,0,0,0,0,0,0,0,0,0,0,0,0,0,0,0,0,0,0,0,,,0,0,0,0,0,0,0,0,0,0,0,0,,,,0,0,0,0,0,0,0,,0,0,0,0,0,0.4,1.4
00-0038765,T.Okada,Ty Okada,SAF,DB,"https://static.www.nfl.com/image/upload/f_auto,q_auto/league/qnhwwei8cfomvdveuhg2",2025,3,REG,SEA,NO,0,0,0,0,0,0,0,0,0,0,0,0,,,0,,0,0,0,0,0,0,,0,0,0,0,0,0,0,0,0,0,,0,,0.0,0.0,0.0,0,7,0,2,0,0,0,0.5,3.5,1,0,0,0,0,0,0,0,0,0,0,0,0,0,0,0,0,0,0,0,0,0,0,,,0,0,0,0,0,0,0,0,0,0,0,0,,,,0,0,0,0,0,0,0,,0,0,0,0,0,0.0,0.0
00-0038778,J.Redmond,Jalen Redmond,DL,DL,"https://static.www.nfl.com/image/upload/f_auto,q_auto/league/twjqbuybqow2v6zvpluq",2025,3,REG,MIN,CIN,0,0,0,0,0,0,0,0,0,0,0,0,,,0,,0,0,0,0,0,0,,0,0,0,0,0,0,0,0,0,0,,0,,0.0,0.0,0.0,0,2,0,0,0,0,1,0.0,0.0,0,0,0,0,0,0,0,0,0,0,0,0,0,0,0,0,0,0,0,0,0,0,0,,,0,0,0,0,0,0,0,0,0,0,0,0,,,,0,0,0,0,0,0,0,,0,0,0,0,0,0.0,0.0
00-0038788,A.Green,Art Green,CB,DB,"https://static.www.nfl.com/image/upload/f_auto,q_auto/league/ubfznl2ifvpvai5cfftv",2025,3,REG,NYG,KC,0,0,0,0,0,0,0,0,0,0,0,0,,,0,,0,0,0,0,0,0,,0,0,0,0,0,0,0,0,0,0,,0,,0.0,0.0,0.0,0,2,0,0,0,0,0,0.0,0.0,0,0,0,0,0,0,0,0,0,0,0,0,0,0,0,0,0,0,0,0,0,0,0,,,0,0,0,0,0,0,0,0,0,0,0,0,,,,0,0,0,0,0,0,0,,0,0,0,0,0,0.0,0.0
00-0038791,T.Incoom,Thomas Incoom,LB,LB,"https://static.www.nfl.com/image/upload/f_auto,q_auto/league/fdp1jblpdjc6l7nw8u8a",2025,3,REG,CAR,ATL,0,0,0,0,0,0,0,0,0,0,0,0,,,0,,0,0,0,0,0,0,,0,0,0,0,0,0,0,0,0,0,,0,,0.0,0.0,0.0,0,0,1,0,0,0,0,0.0,0.0,0,0,0,0,0,0,0,0,0,0,0,0,0,0,0,0,0,0,0,0,0,0,0,,,0,0,0,0,0,0,0,0,0,0,0,0,,,,0,0,0,0,0,0,0,,0,0,0,0,0,0.0,0.0
00-0038795,P.Mustipher,PJ Mustipher,DT,DL,"https://static.www.nfl.com/image/upload/f_auto,q_auto/league/z6ege6sbkke2esr7vx0u",2025,3,REG,ARI,SF,0,0,0,0,0,0,0,0,0,0,0,0,,,0,,0,0,0,0,0,0,,0,0,0,0,0,0,0,0,0,0,,0,,0.0,0.0,0.0,0,1,0,0,0,0,0,0.0,0.0,0,0,0,1,0,0,0,0,0,0,0,0,0,0,0,0,0,0,0,0,0,0,0,,,0,0,0,0,0,0,0,0,0,0,0,0,,,,0,0,0,0,0,0,0,,0,0,0,0,0,0.0,0.0
00-0038797,E.Wilson,Emanuel Wilson,RB,RB,"https://static.www.nfl.com/image/upload/f_auto,q_auto/league/xni9gnwmhdex7h1ey3jq",2025,3,REG,GB,CLE,0,0,0,0,0,0,0,0,0,0,0,0,,,0,,6,25,0,0,0,1,0.25343445513863117,0,0,0,0,0,0,0,0,0,0,,0,,0.0,0.0,0.0,0,0,0,0,0,0,0,0.0,0.0,0,0,0,0,0,0,0,0,0,0,0,0,0,0,0,0,0,0,0,0,0,0,0,,,0,0,0,0,0,0,0,0,0,0,0,0,,,,0,0,0,0,0,0,0,,0,0,0,0,0,2.5,2.5
00-0038807,I.Pace,Ivan Pace Jr.,LB,LB,"https://static.www.nfl.com/image/upload/f_auto,q_auto/league/til1eiumoueha3mnindj",2025,3,REG,MIN,CIN,0,0,0,0,0,0,0,0,0,0,0,0,,,0,,0,0,0,0,0,0,,0,0,0,0,0,0,0,0,0,0,,0,,0.0,0.0,0.0,0,6,3,3,0,0,0,0.0,0.0,3,0,0,0,0,0,0,0,0,0,0,0,0,0,0,0,0,0,0,0,0,0,0,,,0,0,0,0,0,0,0,0,0,0,0,0,,,,0,0,0,0,0,0,0,,0,0,0,0,0,0.0,0.0
00-0038818,L.Haggard,Luke Haggard,OT,OL,"https://static.www.nfl.com/image/upload/f_auto,q_auto/league/cq9lilfcoz4je17ryjlo",2025,3,REG,TB,NYJ,0,0,0,0,0,0,0,0,0,0,0,0,,,0,,0,0,0,0,0,0,,0,0,0,0,0,0,0,0,0,0,,0,,0.0,0.0,0.0,0,0,0,0,0,0,0,0.0,0.0,0,0,0,0,0,0,0,0,0,0,0,0,0,2,20,0,0,0,0,0,0,0,0,,,0,0,0,0,0,0,0,0,0,0,0,0,,,,0,0,0,0,0,0,0,,0,0,0,0,0,0.0,0.0
00-0038823,K.Merriweather,Kaevon Merriweather,SAF,DB,"https://static.www.nfl.com/image/upload/f_auto,q_auto/league/tglrg1tbq9ixnb81ala0",2025,3,REG,TB,NYJ,0,0,0,0,0,0,0,0,0,0,0,0,,,0,,0,0,0,0,0,0,,0,0,0,0,0,0,0,0,0,0,,0,,0.0,0.0,0.0,0,1,0,0,0,0,0,0.0,0.0,0,0,0,0,0,0,0,0,0,0,0,0,0,0,0,0,0,0,0,0,0,0,0,,,0,0,0,0,0,0,0,0,0,0,0,0,,,,0,0,0,0,0,0,0,,0,0,0,0,0,0.0,0.0
00-0038824,R.Miller,Ryan Miller,WR,WR,"https://static.www.nfl.com/image/upload/f_auto,q_auto/league/lakkaed2btx1ndkqj2pt",2025,3,REG,TB,NYJ,0,0,0,0,0,0,0,0,0,0,0,0,,,0,,0,0,0,0,0,0,,0,0,1,0,0,0,0,21,0,0,-1.197184013259426,0,0.0,0.034482758620689655,0.09051724137931035,0.11508620689655172,0,1,0,0,0,0,0,0.0,0.0,0,0,0,0,0,0,0,0,0,0,0,0,0,1,10,0,0,0,0,0,0,0,0,,,0,0,0,0,0,0,0,0,0,0,0,0,,,,0,0,0,0,0,0,0,,0,0,0,0,0,0.0,0.0
00-0038839,M.Tinsley,Mitchell Tinsley,WR,WR,"https://static.www.nfl.com/image/upload/f_auto,q_auto/league/t4h8qtzndtvf6is6naew",2025,3,REG,CIN,MIN,0,0,0,0,0,0,0,0,0,0,0,0,,,0,,0,0,0,0,0,0,,0,0,1,0,0,0,0,0,0,0,-0.547401865478605,0,,0.038461538461538464,0.0,0.057692307692307696,0,0,0,0,0,0,0,0.0,0.0,0,0,0,0,0,0,0,0,0,0,0,0,0,0,0,0,0,0,0,0,0,0,0,,,0,0,0,0,0,0,0,0,0,0,0,0,,,,0,0,0,0,0,0,0,,0,0,0,0,0,0.0,0.0
00-0038840,B.Tremayne,Brycen Tremayne,WR,WR,"https://static.www.nfl.com/image/upload/f_auto,q_auto/league/mpjkirsgrx6qavqrdum6",2025,3,REG,CAR,ATL,0,0,0,0,0,0,0,0,0,0,0,0,,,0,,0,0,0,0,0,0,,0,2,2,15,0,0,0,9,6,1,0.8706169321667403,0,1.6666666666666667,0.08333333333333333,0.06766917293233082,0.17236842105263156,0,0,0,1,0,0,0,0.0,0.0,0,0,0,0,0,0,0,0,0,0,0,0,0,0,0,0,0,0,0,0,0,0,0,,,0,0,0,0,0,0,0,0,0,0,0,0,,,,0,0,0,0,0,0,0,,0,0,0,0,0,1.5,3.5
00-0038851,C.Murphy,Caleb Murphy,LB,LB,"https://static.www.nfl.com/image/upload/f_auto,q_auto/league/hxusmt3bsa8xlj8gmii3",2025,3,REG,LAC,DEN,0,0,0,0,0,0,0,0,0,0,0,0,,,0,,0,0,0,0,0,0,,0,0,0,0,0,0,0,0,0,0,,0,,0.0,0.0,0.0,0,2,0,1,0,0,0,0.0,0.0,0,0,0,0,0,0,0,0,0,0,0,0,0,0,0,0,0,0,0,0,0,0,0,,,0,0,0,0,0,0,0,0,0,0,0,0,,,,0,0,0,0,0,0,0,,0,0,0,0,0,0.0,0.0
00-0038890,S.Heyward,Shaka Heyward,LB,LB,"https://static.www.nfl.com/image/upload/f_auto,q_auto/league/iyfys24q8kfywfgipkni",2025,3,REG,CIN,MIN,0,0,0,0,0,0,0,0,0,0,0,0,,,0,,0,0,0,0,0,0,,0,0,0,0,0,0,0,0,0,0,,0,,0.0,0.0,0.0,0,0,0,1,0,0,0,0.0,0.0,0,0,0,0,0,0,0,0,0,0,0,0,0,0,0,0,0,0,0,0,0,0,0,,,0,0,0,0,0,0,0,0,0,0,0,0,,,,0,0,0,0,0,0,0,,0,0,0,0,0,0.0,0.0
00-0038896,J.Saylors,Jacob Saylors,RB,RB,,2025,3,REG,DET,BAL,0,0,0,0,0,0,0,0,0,0,0,0,,,0,,0,0,0,0,0,0,,0,0,0,0,0,0,0,0,0,0,,0,,0.0,0.0,0.0,0,0,0,0,0,0,0,0.0,0.0,0,0,0,0,0,0,0,0,0,0,0,0,0,0,0,0,0,3,80,0,0,0,0,,,0,0,0,0,0,0,0,0,0,0,0,0,,,,0,0,0,0,0,0,0,,0,0,0,0,0,0.0,0.0
00-0038905,B.Grupe,Blake Grupe,K,SPEC,"https://static.www.nfl.com/image/upload/f_auto,q_auto/league/de3vz6xjjo9paba6encd",2025,3,REG,NO,SEA,0,0,0,0,0,0,0,0,0,0,0,0,,,0,,0,0,0,0,0,0,,0,0,0,0,0,0,0,0,0,0,,0,,0.0,0.0,0.0,0,0,0,0,0,0,0,0.0,0.0,0,0,0,0,0,0,0,0,0,0,0,0,0,0,0,0,0,0,0,2,3,1,0,27.0,0.6666666666666666,0,2,0,0,0,0,0,0,0,0,1,0,27;23,52,,50,52,0,1,1,0,0,1.0,0,0,0,0,0,0.0,0.0
00-0038922,D.Thomas,Drake Thomas,LB,LB,"https://static.www.nfl.com/image/upload/f_auto,q_auto/league/egqpcx91rp0iadqqxu2v",2025,3,REG,SEA,NO,0,0,0,0,0,0,0,0,0,0,0,0,,,0,,0,0,0,0,0,0,,0,0,0,0,0,0,0,0,0,0,,0,,0.0,0.0,0.0,0,4,0,1,0,0,0,0.0,0.0,0,0,0,0,0,0,0,0,0,0,0,0,0,0,0,0,0,0,0,0,0,0,0,,,0,0,0,0,0,0,0,0,0,0,0,0,,,,0,0,0,0,0,0,0,,0,0,0,0,0,0.0,0.0
00-0038932,D.Wright,Darnell Wright,OT,OL,"https://static.www.nfl.com/image/upload/f_auto,q_auto/league/ihow3o7fo62p8abdqgn3",2025,3,REG,CHI,DAL,0,0,0,0,0,0,0,0,0,0,0,0,,,0,,0,0,0,0,0,0,,0,0,0,0,0,0,0,0,0,0,,0,,0.0,0.0,0.0,0,0,0,0,0,0,0,0.0,0.0,0,0,0,0,0,0,0,0,0,0,0,0,0,2,15,0,0,0,0,0,0,0,0,,,0,0,0,0,0,0,0,0,0,0,0,0,,,,0,0,0,0,0,0,0,,0,0,0,0,0,0.0,0.0
00-0038933,D.Kincaid,Dalton Kincaid,TE,TE,"https://static.www.nfl.com/image/upload/f_auto,q_auto/league/zwkeaiecuyafkidllebz",2025,3,REG,BUF,MIA,0,0,0,0,0,0,0,0,0,0,0,0,,,0,,0,0,0,0,0,0,,0,5,6,66,1,0,0,41,43,4,4.983166239806451,0,1.6097560975609757,0.2222222222222222,0.36936936936936937,0.5918918918918918,0,0,0,0,0,0,0,0.0,0.0,0,0,0,0,0,0,0,0,0,0,0,0,0,1,10,0,0,0,0,0,0,0,0,,,0,0,0,0,0,0,0,0,0,0,0,0,,,,0,0,0,0,0,0,0,,0,0,0,0,0,12.600000000000001,17.6
00-0038935,B.Strange,Brenton Strange,TE,TE,"https://static.www.nfl.com/image/upload/f_auto,q_auto/league/yabpcvadjlrkxzducv7k",2025,3,REG,JAX,HOU,0,0,0,0,0,0,0,0,0,0,0,0,,,0,,0,0,0,0,0,0,,0,6,7,61,0,0,0,41,25,3,2.102258466940839,0,1.4878048780487805,0.18421052631578946,0.13015873015873017,0.3674269005847953,0,0,0,0,0,0,0,0.0,0.0,0,0,0,0,0,0,0,0,0,0,0,0,0,1,5,0,0,0,0,0,0,0,0,,,0,0,0,0,0,0,0,0,0,0,0,0,,,,0,0,0,0,0,0,0,,0,0,0,0,0,6.1000000000000005,12.100000000000001
00-0038940,T.Lacy,Tyler Lacy,DE,DL,"https://static.www.nfl.com/image/upload/f_auto,q_auto/league/t11eflx8jvobxmnssg22",2025,3,REG,DET,BAL,0,0,0,0,0,0,0,0,0,0,0,0,,,0,,0,0,0,0,0,0,,0,0,0,0,0,0,0,0,0,0,,0,,0.0,0.0,0.0,0,1,0,0,0,0,0,0.0,0.0,0,0,0,0,0,0,0,0,0,0,0,0,0,0,0,0,0,0,0,0,0,0,0,,,0,0,0,0,0,0,0,0,0,0,0,0,,,,0,0,0,0,0,0,0,,0,0,0,0,0,0.0,0.0
00-0038951,S.Tucker,Sean Tucker,RB,RB,"https://static.www.nfl.com/image/upload/f_auto,q_auto/league/zyzp7e2gos47ebzur9gi",2025,3,REG,TB,NYJ,0,0,0,0,0,0,0,0,0,0,0,0,,,0,,0,0,0,0,0,0,,0,0,0,0,0,0,0,0,0,0,,0,,0.0,0.0,0.0,0,0,0,0,0,0,0,0.0,0.0,0,0,0,0,0,0,0,0,0,0,0,0,0,0,0,0,0,5,124,0,0,0,0,,,0,0,0,0,0,0,0,0,0,0,0,0,,,,0,0,0,0,0,0,0,,0,0,0,0,0,0.0,0.0
00-0038958,M.Watts,Markees Watts,LB,LB,"https://static.www.nfl.com/image/upload/f_auto,q_auto/league/hwxh3ps9lwnj0qu4mw8v",2025,3,REG,TB,NYJ,0,0,0,0,0,0,0,0,0,0,0,0,,,0,,0,0,0,0,0,0,,0,0,0,0,0,0,0,0,0,0,,0,,0.0,0.0,0.0,0,0,0,1,0,0,0,0.0,0.0,0,0,0,0,0,0,0,0,0,0,0,0,0,0,0,0,0,0,0,0,0,0,0,,,0,0,0,0,0,0,0,0,0,0,0,0,,,,0,0,0,0,0,0,0,,0,0,0,0,0,0.0,0.0
00-0038966,N.Brooks,Natrone Brooks,CB,DB,"https://static.www.nfl.com/image/upload/f_auto,q_auto/league/oyyrzk7ofcuyu7bdxshe",2025,3,REG,ATL,CAR,0,0,0,0,0,0,0,0,0,0,0,0,,,0,,0,0,0,0,0,0,,0,0,0,0,0,0,0,0,0,0,,0,,0.0,0.0,0.0,0,0,0,0,0,0,0,0.0,0.0,0,0,0,0,0,0,0,0,0,0,0,0,0,0,0,0,0,2,27,0,0,0,0,,,0,0,0,0,0,0,0,0,0,0,0,0,,,,0,0,0,0,0,0,0,,0,0,0,0,0,0.0,0.0
00-0038976,M.Mims,Marvin Mims Jr.,WR,WR,"https://static.www.nfl.com/image/upload/f_auto,q_auto/league/zbdjtph5xplbf4yocz0l",2025,3,REG,DEN,LAC,0,0,0,0,0,0,0,0,0,0,0,0,,,0,,0,0,0,0,0,0,,0,1,4,4,0,0,0,88,6,0,-2.9662542041594553,0,0.045454545454545456,0.17391304347826086,0.3271375464684015,0.4898658477452723,0,0,0,0,0,0,0,0.0,0.0,0,0,0,0,0,0,0,0,0,0,0,0,0,0,0,2,56,4,114,0,0,0,0,,,0,0,0,0,0,0,0,0,0,0,0,0,,,,0,0,0,0,0,0,0,,0,0,0,0,0,0.4,1.4
00-0038978,B.Young,Byron Young,DT,DL,"https://static.www.nfl.com/image/upload/f_auto,q_auto/league/zkjuhizs7now7kfwp9s3",2025,3,REG,PHI,LA,0,0,0,0,0,0,0,0,0,0,0,0,,,0,,0,0,0,0,0,0,,0,0,0,0,0,0,0,0,0,0,,0,,0.0,0.0,0.0,0,0,0,1,0,0,0,0.0,0.0,1,0,0,0,0,0,0,0,0,0,0,0,0,0,0,0,0,0,0,0,0,0,0,,,0,0,0,0,0,0,0,0,0,0,0,0,,,,0,0,0,0,0,0,0,,0,0,0,0,0,0.0,0.0
00-0038979,C.Tillman,Cedric Tillman,WR,WR,"https://static.www.nfl.com/image/upload/f_auto,q_auto/league/a4mcdjjl1pkxr3etechx",2025,3,REG,CLE,GB,0,0,0,0,0,0,0,0,0,0,0,0,,,0,,0,0,0,0,0,0,,0,3,3,26,0,0,0,23,3,3,2.2394587245071307,0,1.1304347826086956,0.09090909090909091,0.09055118110236221,0.1997494631352899,0,0,0,0,0,0,0,0.0,0.0,0,0,0,0,0,0,0,0,0,0,0,0,0,1,10,0,0,0,0,0,0,0,0,,,0,0,0,0,0,0,0,0,0,0,0,0,,,,0,0,0,0,0,0,0,,0,0,0,0,0,2.6,5.6
00-0038980,Z.Harrison,Zach Harrison,DE,DL,"https://static.www.nfl.com/image/upload/f_auto,q_auto/league/ufhdwcktmkeamlzdcuvg",2025,3,REG,ATL,CAR,0,0,0,0,0,0,0,0,0,0,0,0,,,0,,0,0,0,0,0,0,,0,0,0,0,0,0,0,0,0,0,,0,,0.0,0.0,0.0,0,2,0,1,0,0,0,0.0,0.0,0,0,0,0,0,0,0,0,0,0,0,0,0,0,0,0,0,0,0,0,0,0,0,,,0,0,0,0,0,0,0,0,0,0,0,0,,,,0,0,0,0,0,0,0,,0,0,0,0,0,0.0,0.0
00-0038982,C.Conner,Chamarri Conner,DB,DB,"https://static.www.nfl.com/image/upload/f_auto,q_auto/league/fzzbwoogfbowestdz7gz",2025,3,REG,KC,NYG,0,0,0,0,0,0,0,0,0,0,0,0,,,0,,0,0,0,0,0,0,,0,0,0,0,0,0,0,0,0,0,,0,,0.0,0.0,0.0,0,1,0,4,0,0,0,0.0,0.0,0,0,0,0,0,0,0,0,0,0,0,0,0,0,0,0,0,0,0,0,0,0,0,,,0,0,0,0,0,0,0,0,0,0,0,0,,,,0,0,0,0,0,0,0,,0,0,0,0,0,0.0,0.0
00-0038984,K.Clark,Kei'Trel Clark,CB,DB,"https://static.www.nfl.com/image/upload/f_auto,q_auto/league/mcmz4ef4fvvoqapbf8rf",2025,3,REG,ARI,SF,0,0,0,0,0,0,0,0,0,0,0,0,,,0,,0,0,0,0,0,0,,0,0,0,0,0,0,0,0,0,0,,0,,0.0,0.0,0.0,0,3,0,2,0,0,0,0.0,0.0,0,0,0,0,0,0,0,0,0,0,0,0,0,0,0,0,0,0,0,0,0,0,0,,,0,0,0,0,0,0,0,0,0,0,0,0,,,,0,0,0,0,0,0,0,,0,0,0,0,0,0.0,0.0
00-0038995,B.Bresee,Bryan Bresee,DT,DL,"https://static.www.nfl.com/image/upload/f_auto,q_auto/league/ggluxdivvc7bhfhpfrsl",2025,3,REG,NO,SEA,0,0,0,0,0,0,0,0,0,0,0,0,,,0,,0,0,0,0,0,0,,0,0,0,0,0,0,0,0,0,0,,0,,0.0,0.0,0.0,0,0,0,4,0,0,0,0.0,0.0,1,0,0,0,0,0,0,0,0,0,0,0,0,1,12,0,0,0,0,0,0,0,0,,,0,0,0,0,0,0,0,0,0,0,0,0,,,,0,0,0,0,0,0,0,,0,0,0,0,0,0.0,0.0
00-0038996,T.Kraft,Tucker Kraft,TE,TE,"https://static.www.nfl.com/image/upload/f_auto,q_auto/league/yr6nj1zqaqg6nbdnxu3q",2025,3,REG,GB,CLE,0,0,0,0,0,0,0,0,0,0,0,0,,,0,,0,0,0,0,0,0,,0,3,4,29,0,0,0,0,29,1,1.4153006534907036,0,0.0,0.16,0.0,0.24,0,0,0,0,0,0,0,0.0,0.0,0,0,0,0,0,0,0,0,0,0,0,0,0,0,0,0,0,0,0,0,0,0,0,,,0,0,0,0,0,0,0,0,0,0,0,0,,,,0,0,0,0,0,0,0,,0,0,0,0,0,2.9000000000000004,5.9
00-0038997,J.Downs,Josh Downs,WR,WR,"https://static.www.nfl.com/image/upload/f_auto,q_auto/league/gqozitn9vxnp8acz6wwg",2025,3,REG,IND,TEN,0,0,0,0,0,0,0,0,0,0,0,0,,,0,,0,0,0,0,0,0,,0,2,3,34,0,0,0,47,2,1,1.67916276982799,0,0.723404255319149,0.12,0.26857142857142857,0.368,0,0,0,0,0,0,0,0.0,0.0,0,0,0,0,0,0,0,0,0,0,0,0,0,0,0,0,0,0,0,0,0,0,0,,,0,0,0,0,0,0,0,0,0,0,0,0,,,,0,0,0,0,0,0,0,,0,0,0,0,0,3.4000000000000004,5.4
00-0039000,D.Banks,Deonte Banks,CB,DB,"https://static.www.nfl.com/image/upload/f_auto,q_auto/league/disrzmax4qwvr20oheiw",2025,3,REG,NYG,KC,0,0,0,0,0,0,0,0,0,0,0,0,,,0,,0,0,0,0,0,0,,0,0,0,0,0,0,0,0,0,0,,0,,0.0,0.0,0.0,0,1,0,0,0,0,0,0.0,0.0,0,0,0,1,0,0,0,0,0,0,0,0,0,0,0,0,0,0,0,0,0,0,0,,,0,0,0,0,0,0,0,0,0,0,0,0,,,,0,0,0,0,0,0,0,,0,0,0,0,0,0.0,0.0
00-0039002,S.Brown,Sydney Brown,SAF,DB,"https://static.www.nfl.com/image/upload/f_auto,q_auto/league/r3cwxtqft79kjy5nvpjm",2025,3,REG,PHI,LA,0,0,0,0,0,0,0,0,0,0,0,0,,,0,,0,0,0,0,0,0,,0,0,0,0,0,0,0,0,0,0,,0,,0.0,0.0,0.0,0,1,0,2,0,0,0,0.0,0.0,0,0,0,0,0,0,0,0,0,0,0,0,0,0,0,0,0,0,0,0,0,0,0,,,0,0,0,0,0,0,0,0,0,0,0,0,,,,0,0,0,0,0,0,0,,0,0,0,0,0,0.0,0.0
00-0039009,D.Horton,Dylan Horton,DE,DL,"https://static.www.nfl.com/image/upload/f_auto,q_auto/league/ocqc1uhsjinyou8klloj",2025,3,REG,HOU,JAX,0,0,0,0,0,0,0,0,0,0,0,0,,,0,,0,0,0,0,0,0,,0,0,0,0,0,0,0,0,0,0,,0,,0.0,0.0,0.0,0,2,0,1,0,0,0,0.5,2.0,1,0,0,0,0,0,0,0,0,0,0,0,0,0,0,0,0,0,0,0,0,0,0,,,0,0,0,0,0,0,0,0,0,0,0,0,,,,0,0,0,0,0,0,0,,0,0,0,0,0,0.0,0.0
00-0039013,N.Smith,Nolan Smith,LB,LB,"https://static.www.nfl.com/image/upload/f_auto,q_auto/league/mutic3dzmrlfruwqlgcb",2025,3,REG,PHI,LA,0,0,0,0,0,0,0,0,0,0,0,0,,,0,,0,0,0,0,0,0,,0,0,0,0,0,0,0,0,0,0,,0,,0.0,0.0,0.0,0,3,0,0,0,0,0,0.0,0.0,1,0,0,0,0,0,0,0,0,0,0,0,0,0,0,0,0,0,0,0,0,0,0,,,0,0,0,0,0,0,0,0,0,0,0,0,,,,0,0,0,0,0,0,0,,0,0,0,0,0,0.0,0.0
00-0039018,J.Campbell,Jack Campbell,LB,LB,"https://static.www.nfl.com/image/upload/f_auto,q_auto/league/mmmtiej4dp5nt7giycwy",2025,3,REG,DET,BAL,0,0,0,0,0,0,0,0,0,0,0,0,,,0,,0,0,0,0,0,0,,0,0,0,0,0,0,0,0,0,0,,0,,0.0,0.0,0.0,0,8,0,0,1,18,1,1.0,18.0,0,0,0,0,0,0,0,0,0,0,0,0,0,0,0,0,0,0,0,0,0,0,0,,,0,0,0,0,0,0,0,0,0,0,0,0,,,,0,0,0,0,0,0,0,,0,0,0,0,0,0.0,0.0
00-0039021,R.Johnson,Roschon Johnson,RB,RB,"https://static.www.nfl.com/image/upload/f_auto,q_auto/league/gxzw5kntjivjixre9whh",2025,3,REG,CHI,DAL,0,0,0,0,0,0,0,0,0,0,0,0,,,0,,0,0,0,0,0,0,,0,0,0,0,0,0,0,0,0,0,,0,,0.0,0.0,0.0,0,2,0,0,0,0,0,0.0,0.0,0,0,0,0,0,0,0,0,0,0,0,0,0,1,10,0,0,0,0,0,0,0,0,,,0,0,0,0,0,0,0,0,0,0,0,0,,,,0,0,0,0,0,0,0,,0,0,0,0,0,0.0,0.0
00-0039031,A.Adebawore,Adetomiwa Adebawore,DT,DL,"https://static.www.nfl.com/image/upload/f_auto,q_auto/league/of8dhgchuzh584ipm4ut",2025,3,REG,IND,TEN,0,0,0,0,0,0,0,0,0,0,0,0,,,0,,0,0,0,0,0,0,,0,0,0,0,0,0,0,0,0,0,,0,,0.0,0.0,0.0,0,2,0,0,0,0,0,0.0,0.0,0,0,0,0,0,0,0,0,0,0,0,0,0,0,0,0,0,0,0,0,0,0,0,,,0,0,0,0,0,0,0,0,0,0,0,0,,,,0,0,0,0,0,0,0,,0,0,0,0,0,0.0,0.0
00-0039034,P.Skoronski,Peter Skoronski,OT,OL,"https://static.www.nfl.com/image/upload/f_auto,q_auto/league/c4arvhcrnxg0y3vkzgp7",2025,3,REG,TEN,IND,0,0,0,0,0,0,0,0,0,0,0,0,,,0,,0,0,0,0,0,0,,0,0,0,0,0,0,0,0,0,0,,0,,0.0,0.0,0.0,0,0,0,0,0,0,0,0.0,0.0,0,0,0,0,0,0,0,0,0,0,0,0,0,1,5,0,0,0,0,0,0,0,0,,,0,0,0,0,0,0,0,0,0,0,0,0,,,,0,0,0,0,0,0,0,,0,0,0,0,0,0.0,0.0
00-0039040,D.Achane,De'Von Achane,RB,RB,"https://static.www.nfl.com/image/upload/f_auto,q_auto/league/xk1xwio0bryfxo1ylweu",2025,3,REG,MIA,BUF,0,0,0,0,0,0,0,0,0,0,0,0,,,0,,12,62,0,0,0,1,0.11916991625912488,0,7,9,29,0,0,0,-5,59,1,-4.575593707908411,0,-5.8,0.2727272727272727,-0.024509803921568627,0.391934046345811,0,0,0,0,0,0,0,0.0,0.0,0,0,0,0,0,0,0,0,0,0,0,0,0,0,0,0,0,0,0,0,0,0,0,,,0,0,0,0,0,0,0,0,0,0,0,0,,,,0,0,0,0,0,0,0,,0,0,0,0,0,9.1,16.1
00-0039041,E.Higgins,Elijah Higgins,TE,TE,"https://static.www.nfl.com/image/upload/f_auto,q_auto/league/yjvdxmqromyt64w89bhq",2025,3,REG,ARI,SF,0,0,0,0,0,0,0,0,0,0,0,0,,,0,,0,0,0,0,0,0,,0,1,1,7,0,0,0,5,2,1,1.0472142025828362,0,1.4,0.029411764705882353,0.02824858757062147,0.06389165835825855,0,0,0,0,0,0,0,0.0,0.0,0,0,0,0,0,0,0,0,0,0,0,0,0,0,0,0,0,0,0,0,0,0,0,,,0,0,0,0,0,0,0,0,0,0,0,0,,,,0,0,0,0,0,0,0,,0,0,0,0,0,0.7000000000000001,1.7000000000000002
00-0039047,D.Hall,Derick Hall,LB,LB,"https://static.www.nfl.com/image/upload/f_auto,q_auto/league/gbzmlna8fujliinb6g33",2025,3,REG,SEA,NO,0,0,0,0,0,0,0,0,0,0,0,0,,,0,,0,0,0,0,0,0,,0,0,0,0,0,0,0,0,0,0,,0,,0.0,0.0,0.0,0,1,0,1,0,0,0,0.0,0.0,0,0,0,0,0,0,0,0,0,0,0,0,0,0,0,0,0,0,0,0,0,0,0,,,0,0,0,0,0,0,0,0,0,0,0,0,,,,0,0,0,0,0,0,0,,0,0,0,0,0,0.0,0.0
00-0039048,M.Bergeron,Matthew Bergeron,G,OL,"https://static.www.nfl.com/image/upload/f_auto,q_auto/league/lyfj3zqtupagc1yrcdr7",2025,3,REG,ATL,CAR,0,0,0,0,0,0,0,0,0,0,0,0,,,0,,0,0,0,0,0,0,,0,0,0,0,0,0,0,0,0,0,,0,,0.0,0.0,0.0,0,1,0,0,0,0,0,0.0,0.0,0,0,0,0,0,0,0,0,0,0,0,0,0,0,0,0,0,0,0,0,0,0,0,,,0,0,0,0,0,0,0,0,0,0,0,0,,,,0,0,0,0,0,0,0,,0,0,0,0,0,0.0,0.0
00-0039049,S.Dennis,SirVocea Dennis,LB,LB,"https://static.www.nfl.com/image/upload/f_auto,q_auto/league/gdi13xin0t60pyxsmjc6",2025,3,REG,TB,NYJ,0,0,0,0,0,0,0,0,0,0,0,0,,,0,,0,0,0,0,0,0,,0,0,0,0,0,0,0,0,0,0,,0,,0.0,0.0,0.0,0,2,0,1,0,0,0,0.0,0.0,1,0,0,1,0,0,0,0,0,0,0,0,0,0,0,0,0,0,0,0,0,0,0,,,0,0,0,0,0,0,0,0,0,0,0,0,,,,0,0,0,0,0,0,0,,0,0,0,0,0,0.0,0.0
00-0039051,J.Hayes,Josh Hayes,CB,DB,"https://static.www.nfl.com/image/upload/f_auto,q_auto/league/yikjuckgb86cwgym5tf4",2025,3,REG,TB,NYJ,0,0,0,0,0,0,0,0,0,0,0,0,,,0,,0,0,0,0,0,0,,0,0,0,0,0,0,0,0,0,0,,0,,0.0,0.0,0.0,0,1,0,1,0,0,0,0.0,0.0,0,0,0,0,0,0,0,0,0,0,0,0,0,0,0,0,0,0,0,0,0,0,0,,,0,0,0,0,0,0,0,0,0,0,0,0,,,,0,0,0,0,0,0,0,,0,0,0,0,0,0.0,0.0
00-0039059,E.Evans,Ethan Evans,P,SPEC,"https://static.www.nfl.com/image/upload/f_auto,q_auto/league/xqev6nqi3dzbwf6q5xkg",2025,3,REG,LA,PHI,0,0,0,0,0,0,0,0,0,0,0,0,,,0,,0,0,0,0,0,0,,0,0,0,0,0,0,0,0,0,0,,0,,0.0,0.0,0.0,0,0,0,0,0,0,0,0.0,0.0,0,0,0,0,0,0,0,0,0,0,0,0,0,0,0,0,0,0,0,0,0,0,0,,,0,0,0,0,0,0,0,0,0,0,0,0,,,,0,0,0,0,0,0,0,,0,0,0,0,0,0.0,0.0
00-0039064,Z.Flowers,Zay Flowers,WR,WR,"https://static.www.nfl.com/image/upload/f_auto,q_auto/league/sqqh8gmxdpo55qwpsszj",2025,3,REG,BAL,DET,0,0,0,0,0,0,0,0,0,0,0,0,,,0,,0,0,0,0,0,0,,0,2,3,13,0,0,0,9,14,1,0.27812237844057386,0,1.4444444444444444,0.10714285714285714,0.03169014084507042,0.182897384305835,0,0,0,0,0,0,0,0.0,0.0,0,0,0,0,0,0,0,0,0,0,0,0,0,0,0,0,0,0,0,0,0,0,0,,,0,0,0,0,0,0,0,0,0,0,0,0,,,,0,0,0,0,0,0,0,,0,0,0,0,0,1.3,3.3
00-0039065,S.LaPorta,Sam LaPorta,TE,TE,"https://static.www.nfl.com/image/upload/f_auto,q_auto/league/qfcy3taaoage00rrl0cc",2025,3,REG,DET,BAL,0,0,0,0,0,0,0,0,0,0,0,0,,,0,,0,0,0,0,0,0,,0,4,4,33,0,0,0,25,8,3,4.40580303571187,0,1.32,0.15384615384615385,0.11848341232227488,0.31370761939482317,0,0,0,0,0,0,0,0.0,0.0,0,0,0,0,0,0,0,0,0,0,0,0,0,0,0,0,0,0,0,0,0,0,0,,,0,0,0,0,0,0,0,0,0,0,0,0,,,,0,0,0,0,0,0,0,,0,0,0,0,0,3.3000000000000003,7.300000000000001
00-0039066,M.Mayer,Michael Mayer,TE,TE,"https://static.www.nfl.com/image/upload/f_auto,q_auto/league/crb4nzumiww6ftxcyiqm",2025,3,REG,LV,WAS,0,0,0,0,0,0,0,0,0,0,0,0,,,0,,0,0,0,0,0,0,,0,0,1,0,0,0,0,1,0,0,-0.716888420516625,0,0.0,0.037037037037037035,0.003278688524590164,0.057850637522768665,0,2,0,0,0,0,0,0.0,0.0,0,0,0,0,0,0,0,0,0,0,0,0,0,0,0,0,0,0,0,0,0,0,0,,,0,0,0,0,0,0,0,0,0,0,0,0,,,,0,0,0,0,0,0,0,,0,0,0,0,0,0.0,0.0
00-0039068,Y.Diaby,Yaya Diaby,LB,LB,"https://static.www.nfl.com/image/upload/f_auto,q_auto/league/wccyapm2qdoidjmfveos",2025,3,REG,TB,NYJ,0,0,0,0,0,0,0,0,0,0,0,0,,,0,,0,0,0,0,0,0,,0,0,0,0,0,0,0,0,0,0,,0,,0.0,0.0,0.0,0,2,0,2,2,8,0,1.0,7.0,2,0,0,0,0,0,0,0,0,0,0,0,0,1,5,0,0,0,0,0,0,0,0,,,0,0,0,0,0,0,0,0,0,0,0,0,,,,0,0,0,0,0,0,0,,0,0,0,0,0,0.0,0.0
00-0039070,G.Dexter,Gervon Dexter Sr.,DT,DL,"https://static.www.nfl.com/image/private/f_auto,q_auto/league/vj6m4qixxhqmufrr5ilo",2025,3,REG,CHI,DAL,0,0,0,0,0,0,0,0,0,0,0,0,,,0,,0,0,0,0,0,0,,0,0,0,0,0,0,0,0,0,0,,0,,0.0,0.0,0.0,0,0,0,1,0,0,0,0.0,0.0,1,0,0,0,0,0,0,0,0,0,0,0,0,0,0,0,0,0,0,0,0,0,0,,,0,0,0,0,0,0,0,0,0,0,0,0,,,,0,0,0,0,0,0,0,,0,0,0,0,0,0.0,0.0
00-0039071,T.Stevenson,Tyrique Stevenson,CB,DB,"https://static.www.nfl.com/image/upload/f_auto,q_auto/league/whzeosd28apu5wrlaixk",2025,3,REG,CHI,DAL,0,0,0,0,0,0,0,0,0,0,0,0,,,0,,0,0,0,0,0,0,,0,0,0,0,0,0,0,0,0,0,,0,,0.0,0.0,0.0,0,2,0,1,0,0,1,0.0,0.0,0,0,0,2,0,0,0,0,0,0,1,1,0,1,5,0,0,0,0,0,0,0,0,,,0,0,0,0,0,0,0,0,0,0,0,0,,,,0,0,0,0,0,0,0,,0,0,0,0,0,0.0,0.0
00-0039072,J.Bennett,Jakorian Bennett,CB,DB,"https://static.www.nfl.com/image/upload/f_auto,q_auto/league/faleietqfsmpnhibdhad",2025,3,REG,PHI,LA,0,0,0,0,0,0,0,0,0,0,0,0,,,0,,0,0,0,0,0,0,,0,0,0,0,0,0,0,0,0,0,,0,,0.0,0.0,0.0,0,2,1,0,0,0,0,0.0,0.0,0,0,0,1,0,0,0,0,0,0,0,0,0,0,0,0,0,0,0,0,0,0,0,,,0,0,0,0,0,0,0,0,0,0,0,0,,,,0,0,0,0,0,0,0,,0,0,0,0,0,0.0,0.0
00-0039074,D.Allen,Davis Allen,TE,TE,"https://static.www.nfl.com/image/upload/f_auto,q_auto/league/knzujvs0ge3lozkyilsf",2025,3,REG,LA,PHI,0,0,0,0,0,0,0,0,0,0,0,0,,,0,,0,0,0,0,0,0,,0,1,1,3,0,0,0,0,3,0,-0.043242280604317784,0,0.0,0.030303030303030304,0.0,0.045454545454545456,0,0,0,0,0,0,0,0.0,0.0,0,0,0,0,0,0,0,0,0,0,0,0,0,0,0,0,0,0,0,0,0,0,0,,,0,0,0,0,0,0,0,0,0,0,0,0,,,,0,0,0,0,0,0,0,,0,0,0,0,0,0.30000000000000004,1.3
00-0039075,P.Nacua,Puka Nacua,WR,WR,"https://static.www.nfl.com/image/upload/f_auto,q_auto/league/zvi4hdm6fywcekfe7ceb",2025,3,REG,LA,PHI,0,0,0,0,0,0,0,0,0,0,0,0,,,0,,1,6,0,0,0,0,0.2866294828709215,0,11,15,112,0,0,0,131,37,7,6.380283648028003,0,0.8549618320610687,0.45454545454545453,0.7797619047619048,1.227651515151515,0,0,0,0,0,0,0,0.0,0.0,0,0,0,0,0,0,0,0,0,0,0,0,0,1,15,0,0,0,0,0,0,0,0,,,0,0,0,0,0,0,0,0,0,0,0,0,,,,0,0,0,0,0,0,0,,0,0,0,0,0,11.8,22.8
00-0039108,W.Anderson,Will Anderson Jr.,DE,DL,"https://static.www.nfl.com/image/upload/f_auto,q_auto/league/ar9k2r2btzzb10zc0xja",2025,3,REG,HOU,JAX,0,0,0,0,0,0,0,0,0,0,0,0,,,0,,0,0,0,0,0,0,,0,0,0,0,0,0,0,0,0,0,,0,,0.0,0.0,0.0,0,3,0,1,1,13,0,1.0,13.0,2,0,0,0,0,0,0,0,0,0,0,0,0,0,0,0,0,0,0,0,0,0,0,,,0,0,0,0,0,0,0,0,0,0,0,0,,,,0,0,0,0,0,0,0,,0,0,0,0,0,0.0,0.0
00-0039110,K.Benton,Keeanu Benton,DT,DL,"https://static.www.nfl.com/image/upload/f_auto,q_auto/league/xhauoqvtf8w00rv8wtwv",2025,3,REG,PIT,NE,0,0,0,0,0,0,0,0,0,0,0,0,,,0,,0,0,0,0,0,0,,0,0,0,0,0,0,0,0,0,0,,0,,0.0,0.0,0.0,0,1,0,0,0,0,0,0.0,0.0,0,0,0,0,0,0,0,0,0,0,0,0,0,1,3,0,0,0,0,0,0,0,0,,,0,0,0,0,0,0,0,0,0,0,0,0,,,,0,0,0,0,0,0,0,,0,0,0,0,0,0.0,0.0
00-0039111,T.Tuipulotu,Tuli Tuipulotu,LB,LB,"https://static.www.nfl.com/image/upload/f_auto,q_auto/league/dxdvukwnw4gk0j5ttihc",2025,3,REG,LAC,DEN,0,0,0,0,0,0,0,0,0,0,0,0,,,0,,0,0,0,0,0,0,,0,0,0,0,0,0,0,0,0,0,,0,,0.0,0.0,0.0,0,1,0,1,0,0,0,0.0,0.0,0,0,0,0,0,0,0,0,0,0,0,0,0,0,0,0,0,0,0,0,0,0,0,,,0,0,0,0,0,0,0,0,0,0,0,0,,,,0,0,0,0,0,0,0,,0,0,0,0,0,0.0,0.0
00-0039112,L.Van Ness,Lukas Van Ness,DE,DL,"https://static.www.nfl.com/image/upload/f_auto,q_auto/league/qxrs2r7nvy9k6hlkqvyb",2025,3,REG,GB,CLE,0,0,0,0,0,0,0,0,0,0,0,0,,,0,,0,0,0,0,0,0,,0,0,0,0,0,0,0,0,0,0,,0,,0.0,0.0,0.0,0,1,0,1,0,0,0,0.0,0.0,2,0,0,0,0,0,0,0,0,0,0,0,0,1,10,0,0,0,0,0,0,0,0,,,0,0,0,0,0,0,0,0,0,0,0,0,,,,0,0,0,0,0,0,0,,0,0,0,0,0,0.0,0.0
00-0039137,B.Young,Byron Young,LB,LB,"https://static.www.nfl.com/image/upload/f_auto,q_auto/league/q68ctteciw57fgxh8c4u",2025,3,REG,LA,PHI,0,0,0,0,0,0,0,0,0,0,0,0,,,0,,0,0,0,0,0,0,,0,0,0,0,0,0,0,0,0,0,,0,,0.0,0.0,0.0,0,4,0,2,3,15,0,1.0,3.0,1,0,0,0,0,0,0,0,0,0,0,0,0,0,0,0,0,0,0,0,0,0,0,,,0,0,0,0,0,0,0,0,0,0,0,0,,,,0,0,0,0,0,0,0,,0,0,0,0,0,0.0,0.0
00-0039138,K.Turner,Kobie Turner,DE,DL,"https://static.www.nfl.com/image/upload/f_auto,q_auto/league/tmifh6zibjgxpesgp7bf",2025,3,REG,LA,PHI,0,0,0,0,0,0,0,0,0,0,0,0,,,0,,0,0,0,0,0,0,,0,0,0,0,0,0,0,0,0,0,,0,,0.0,0.0,0.0,0,1,0,1,0,0,0,0.0,0.0,0,0,0,0,0,0,0,0,0,0,0,0,0,0,0,0,0,0,0,0,0,0,0,,,0,0,0,0,0,0,0,0,0,0,0,0,,,,0,0,0,0,0,0,0,,0,0,0,0,0,0.0,0.0
00-0039139,J.Gibbs,Jahmyr Gibbs,RB,RB,"https://static.www.nfl.com/image/upload/f_auto,q_auto/league/hjxk3judytgsxkqiilre",2025,3,REG,DET,BAL,0,0,0,0,0,0,0,0,0,0,0,0,,,0,,22,67,2,0,0,5,1.2134298910968937,0,5,6,32,0,0,0,1,35,0,-1.1025909185118508,0,32.0,0.23076923076923078,0.004739336492890996,0.3494713816988698,0,0,0,0,0,0,0,0.0,0.0,0,0,0,0,0,0,0,0,1,1,0,0,0,0,0,0,0,0,0,0,0,0,0,,,0,0,0,0,0,0,0,0,0,0,0,0,,,,0,0,0,0,0,0,0,,0,0,0,0,0,21.9,26.9
00-0039140,K.Ringo,Kelee Ringo,CB,DB,"https://static.www.nfl.com/image/upload/f_auto,q_auto/league/ly44wusmozddh3mx9jqv",2025,3,REG,PHI,LA,0,0,0,0,0,0,0,0,0,0,0,0,,,0,,0,0,0,0,0,0,,0,0,0,0,0,0,0,0,0,0,,0,,0.0,0.0,0.0,0,1,0,1,0,0,0,0.0,0.0,0,0,0,0,0,0,0,0,0,0,0,0,0,0,0,0,0,0,0,0,0,0,0,,,0,0,0,0,0,0,0,0,0,0,0,0,,,,0,0,0,0,0,0,0,,0,0,0,0,0,0.0,0.0
00-0039141,B.Branch,Brian Branch,SAF,DB,"https://static.www.nfl.com/image/upload/f_auto,q_auto/league/zcri8hzscyasi2nhjdlk",2025,3,REG,DET,BAL,0,0,0,0,0,0,0,0,0,0,0,0,,,0,,0,0,0,0,0,0,,0,0,0,0,0,0,0,0,0,0,,0,,0.0,0.0,0.0,0,5,0,1,0,0,0,0.0,0.0,0,0,0,1,0,0,0,0,0,0,0,0,0,1,15,0,0,0,0,0,0,0,0,,,0,0,0,0,0,0,0,0,0,0,0,0,,,,0,0,0,0,0,0,0,,0,0,0,0,0,0.0,0.0
00-0039142,W.McDonald,Will McDonald IV,DE,DL,"https://static.www.nfl.com/image/private/f_auto,q_auto/league/nw8aiicw9bjhxaqwbeo9",2025,3,REG,NYJ,TB,0,0,0,0,0,0,0,0,0,0,0,0,,,0,,0,0,0,0,0,0,,0,0,0,0,0,0,0,0,0,0,,0,,0.0,0.0,0.0,1,1,0,0,0,0,0,0.0,0.0,0,0,0,0,0,0,0,50,0,0,0,0,0,0,0,0,0,0,0,0,0,0,0,,,0,0,0,0,0,0,0,0,0,0,0,0,,,,0,0,0,0,0,0,0,,0,0,0,0,0,6.0,6.0
00-0039148,K.White,Keion White,DE,DL,"https://static.www.nfl.com/image/upload/f_auto,q_auto/league/wc065c6vu84zmrknptuk",2025,3,REG,NE,PIT,0,0,0,0,0,0,0,0,0,0,0,0,,,0,,0,0,0,0,0,0,,0,0,0,0,0,0,0,0,0,0,,0,,0.0,0.0,0.0,0,0,0,1,0,0,0,0.0,0.0,0,0,0,0,0,0,0,0,0,0,0,0,0,0,0,0,0,0,0,0,0,0,0,,,0,0,0,0,0,0,0,0,0,0,0,0,,,,0,0,0,0,0,0,0,,0,0,0,0,0,0.0,0.0
00-0039149,Q.Martin,Quan Martin,SAF,DB,"https://static.www.nfl.com/image/upload/f_auto,q_auto/league/am1qwvrqel4mlahpwc3y",2025,3,REG,WAS,LV,0,0,0,0,0,0,0,0,0,0,0,0,,,0,,0,0,0,0,0,0,,0,0,0,0,0,0,0,0,0,0,,0,,0.0,0.0,0.0,0,1,0,2,0,0,0,0.0,0.0,0,0,0,0,0,0,0,0,0,0,0,0,0,0,0,0,0,0,0,0,0,0,0,,,0,0,0,0,0,0,0,0,0,0,0,0,,,,0,0,0,0,0,0,0,,0,0,0,0,0,0.0,0.0
00-0039150,B.Young,Bryce Young,QB,QB,"https://static.www.nfl.com/image/upload/f_auto,q_auto/league/qy1lfhlzhiacsyzzm1j7",2025,3,REG,CAR,ATL,16,24,121,0,0,1,-7,0,0,133,76,7,-2.4837949486153077,-1.299610361456871,0,0.9097744360902256,2,8,1,0,0,2,1.6179113783873618,0,0,0,0,0,0,0,0,0,0,,0,,0.0,0.0,0.0,0,0,0,0,0,0,0,0.0,0.0,0,0,0,0,0,0,0,0,0,0,0,0,0,0,0,0,0,0,0,0,0,0,0,,,0,0,0,0,0,0,0,0,0,0,0,0,,,,0,0,0,0,0,0,0,,0,0,0,0,0,11.64,11.64
00-0039151,E.Forbes,Emmanuel Forbes,CB,DB,"https://static.www.nfl.com/image/upload/f_auto,q_auto/league/zuqfigu7eadzoeo0uymt",2025,3,REG,LA,PHI,0,0,0,0,0,0,0,0,0,0,0,0,,,0,,0,0,0,0,0,0,,0,0,0,0,0,0,0,0,0,0,,0,,0.0,0.0,0.0,0,1,0,2,0,0,0,0.0,0.0,0,0,0,1,0,0,0,0,0,0,0,0,0,0,0,0,0,0,0,0,0,0,0,,,0,0,0,0,0,0,0,0,0,0,0,0,,,,0,0,0,0,0,0,0,,0,0,0,0,0,0.0,0.0
00-0039163,C.Stroud,C.J. Stroud,QB,QB,"https://static.www.nfl.com/image/upload/f_auto,q_auto/league/tt4zrtxlhifaljhj0rn7",2025,3,REG,HOU,JAX,25,38,204,1,2,2,-20,0,0,288,91,8,-4.190346033706602,1.464213016960356,0,0.7083333333333334,4,22,0,0,0,1,0.5001627132296562,0,0,0,0,0,0,0,0,0,0,,0,,0.0,0.0,0.0,0,0,0,0,0,0,0,0.0,0.0,0,0,0,0,0,0,0,0,0,0,0,0,0,0,0,0,0,0,0,0,0,0,0,,,0,0,0,0,0,0,0,0,0,0,0,0,,,,0,0,0,0,0,0,0,,0,0,0,0,0,10.36,10.36
00-0039164,A.Richardson,Anthony Richardson,QB,QB,"https://static.www.nfl.com/image/upload/f_auto,q_auto/league/wrddeyklfcgk9qybgofq",2025,3,REG,IND,TEN,0,0,0,0,0,0,0,0,0,0,0,0,,,0,,4,-1,0,0,0,1,-2.4298220174387097,0,0,0,0,0,0,0,0,0,0,,0,,0.0,0.0,0.0,0,0,0,0,0,0,0,0.0,0.0,0,0,0,0,0,0,0,0,0,0,0,0,0,0,0,0,0,0,0,0,0,0,0,,,0,0,0,0,0,0,0,0,0,0,0,0,,,,0,0,0,0,0,0,0,,0,0,0,0,0,-0.1,-0.1
00-0039172,J.Bates,Jake Bates,K,SPEC,"https://static.www.nfl.com/image/upload/f_auto,q_auto/league/heh3zqyv3tqapnpnzgoj",2025,3,REG,DET,BAL,0,0,0,0,0,0,0,0,0,0,0,0,,,0,,0,0,0,0,0,0,,0,0,0,0,0,0,0,0,0,0,,0,,0.0,0.0,0.0,0,1,0,0,0,0,0,0.0,0.0,0,0,0,0,0,0,0,0,0,0,0,0,0,1,0,0,0,0,0,1,2,1,0,45.0,0.5,0,0,0,1,0,0,0,0,0,0,0,1,45,67,,45,67,0,5,5,0,0,1.0,0,0,0,0,0,0.0,0.0
00-0039178,A.Ajiake,Austin Ajiake,LB,LB,"https://static.www.nfl.com/image/upload/f_auto,q_auto/league/oac43hjcupsdhh4ssp6m",2025,3,REG,IND,TEN,0,0,0,0,0,0,0,0,0,0,0,0,,,0,,0,0,0,0,0,0,,0,0,0,0,0,0,0,0,0,0,,0,,0.0,0.0,0.0,0,1,0,3,0,0,0,0.0,0.0,0,0,0,0,0,0,0,0,0,0,0,0,0,0,0,0,0,0,0,0,0,0,0,,,0,0,0,0,0,0,0,0,0,0,0,0,,,,0,0,0,0,0,0,0,,0,0,0,0,0,0.0,0.0
00-0039232,N.Wiggins,Nate Wiggins,CB,DB,"https://static.www.nfl.com/image/upload/f_auto,q_auto/league/ggnkwrepoggazbn1s2ld",2025,3,REG,BAL,DET,0,0,0,0,0,0,0,0,0,0,0,0,,,0,,0,0,0,0,0,0,,0,0,0,0,0,0,0,0,0,0,,0,,0.0,0.0,0.0,0,1,0,1,0,0,0,0.0,0.0,0,0,0,1,0,0,0,0,0,0,0,0,0,0,0,0,0,0,0,0,0,0,0,,,0,0,0,0,0,0,0,0,0,0,0,0,,,,0,0,0,0,0,0,0,,0,0,0,0,0,0.0,0.0
00-0039234,T.Tampa,T.J. Tampa,CB,DB,"https://static.www.nfl.com/image/upload/f_auto,q_auto/league/poanrufasprugy1q1ulq",2025,3,REG,BAL,DET,0,0,0,0,0,0,0,0,0,0,0,0,,,0,,0,0,0,0,0,0,,0,0,0,0,0,0,0,0,0,0,,0,,0.0,0.0,0.0,0,3,0,0,0,0,0,0.0,0.0,0,0,0,0,0,0,0,0,0,0,0,0,0,0,0,0,0,0,0,0,0,0,0,,,0,0,0,0,0,0,0,0,0,0,0,0,,,,0,0,0,0,0,0,0,,0,0,0,0,0,0.0,0.0
00-0039235,S.Kane,Sanoussi Kane,SAF,DB,"https://static.www.nfl.com/image/upload/f_auto,q_auto/league/uj78zgtqjemh0ftylsjd",2025,3,REG,BAL,DET,0,0,0,0,0,0,0,0,0,0,0,0,,,0,,0,0,0,0,0,0,,0,0,0,0,0,0,0,0,0,0,,0,,0.0,0.0,0.0,0,0,0,1,0,0,0,0.0,0.0,0,0,0,0,0,0,0,0,0,0,0,0,0,0,0,0,0,0,0,0,0,0,0,,,0,0,0,0,0,0,0,0,0,0,0,0,,,,0,0,0,0,0,0,0,,0,0,0,0,0,0.0,0.0
00-0039284,B.McGregor,Braiden McGregor,DE,DL,"https://static.www.nfl.com/image/upload/f_auto,q_auto/league/kk8h8mlhxzthxil6nvrt",2025,3,REG,NYJ,TB,0,0,0,0,0,0,0,0,0,0,0,0,,,0,,0,0,0,0,0,0,,0,0,0,0,0,0,0,0,0,0,,0,,0.0,0.0,0.0,0,0,0,1,0,0,0,0.0,0.0,0,0,0,0,0,0,0,0,0,0,0,0,0,0,0,0,0,0,0,0,0,0,0,,,0,0,0,0,0,0,0,0,0,0,0,0,,,,0,0,0,0,0,0,0,,0,0,0,0,0,0.0,0.0
00-0039289,L.Taylor,Leonard Taylor III,DT,DL,"https://static.www.nfl.com/image/upload/f_auto,q_auto/league/qfnjnvom3evftnkgwcqg",2025,3,REG,NYJ,TB,0,0,0,0,0,0,0,0,0,0,0,0,,,0,,0,0,0,0,0,0,,0,0,0,0,0,0,0,0,0,0,,0,,0.0,0.0,0.0,0,1,0,0,1,5,0,0.0,0.0,0,0,0,0,0,0,0,0,0,0,0,0,0,0,0,0,0,0,0,0,0,0,0,,,0,0,0,0,0,0,0,0,0,0,0,0,,,,0,0,0,0,0,0,0,,0,0,0,0,0,0.0,0.0
00-0039299,G.Holani,George Holani,RB,RB,"https://static.www.nfl.com/image/upload/f_auto,q_auto/league/nadkmkb2sqgjhbkpirkg",2025,3,REG,SEA,NO,0,0,0,0,0,0,0,0,0,0,0,0,,,0,,10,27,0,1,1,2,-7.51818731817184,0,2,2,15,0,0,0,-1,16,1,-0.1405418971553445,0,-15.0,0.1,-0.006134969325153374,0.14570552147239266,0,0,0,0,0,0,0,0.0,0.0,0,0,0,0,0,0,0,0,0,0,0,0,0,0,0,0,0,0,0,0,0,0,0,,,0,0,0,0,0,0,0,0,0,0,0,0,,,,0,0,0,0,0,0,0,,0,0,0,0,0,2.2,4.2
00-0039309,B.Murphy,Byron Murphy II,DT,DL,"https://static.www.nfl.com/image/upload/f_auto,q_auto/league/xeq70yetr8qznbkjjiye",2025,3,REG,SEA,NO,0,0,0,0,0,0,0,0,0,0,0,0,,,0,,0,0,0,0,0,0,,0,0,0,0,0,0,0,0,0,0,,0,,0.0,0.0,0.0,0,2,0,1,1,6,0,1.0,6.0,1,0,0,0,0,0,0,0,0,0,0,0,0,0,0,0,0,0,0,0,0,0,0,,,0,0,0,0,0,0,0,0,0,0,0,0,,,,0,0,0,0,0,0,0,,0,0,0,0,0,0.0,0.0
00-0039313,S.Bozeman,Swayze Bozeman,LB,LB,"https://static.www.nfl.com/image/upload/f_auto,q_auto/league/x5fvun7baplarpt8deoq",2025,3,REG,NYG,KC,0,0,0,0,0,0,0,0,0,0,0,0,,,0,,0,0,0,0,0,0,,0,0,0,0,0,0,0,0,0,0,,0,,0.0,0.0,0.0,0,0,0,1,0,0,0,0.0,0.0,0,0,0,0,0,0,0,0,0,0,0,0,0,0,0,0,0,0,0,0,0,0,0,,,0,0,0,0,0,0,0,0,0,0,0,0,,,,0,0,0,0,0,0,0,,0,0,0,0,0,0.0,0.0
00-0039323,R.Rehkow,Ryan Rehkow,P,SPEC,"https://static.www.nfl.com/image/upload/f_auto,q_auto/league/kahposyaa7l0zpdvzyoa",2025,3,REG,CIN,MIN,0,0,0,0,0,0,0,0,0,0,0,0,,,0,,0,0,0,0,0,0,,0,0,0,0,0,0,0,0,0,0,,0,,0.0,0.0,0.0,0,0,0,0,0,0,0,0.0,0.0,0,0,0,0,0,0,0,0,0,0,0,0,0,0,0,0,0,0,0,0,0,0,0,,,0,0,0,0,0,0,0,0,0,0,0,0,,,,0,0,0,0,0,0,0,,0,0,0,0,0,0.0,0.0
00-0039324,C.Roland-Wallace,Christian Roland-Wallace,CB,DB,"https://static.www.nfl.com/image/upload/f_auto,q_auto/league/foy9ykwmm3vcqgfviowz",2025,3,REG,KC,NYG,0,0,0,0,0,0,0,0,0,0,0,0,,,0,,0,0,0,0,0,0,,0,0,0,0,0,0,0,0,0,0,,0,,0.0,0.0,0.0,0,2,0,2,0,0,0,0.0,0.0,0,1,23,1,0,0,0,0,0,0,0,0,0,0,0,0,0,0,0,0,0,0,0,,,0,0,0,0,0,0,0,0,0,0,0,0,,,,0,0,0,0,0,0,0,,0,0,0,0,0,0.0,0.0
00-0039332,C.Ravenell,C.J. Ravenell,DE,DL,"https://static.www.nfl.com/image/upload/f_auto,q_auto/league/rqjhomavdixcd1tqcge5",2025,3,REG,TEN,IND,0,0,0,0,0,0,0,0,0,0,0,0,,,0,,0,0,0,0,0,0,,0,0,0,0,0,0,0,0,0,0,,0,,0.0,0.0,0.0,0,0,0,2,0,0,0,0.0,0.0,0,0,0,0,0,0,0,0,0,0,0,0,0,0,0,0,0,0,0,0,0,0,0,,,0,0,0,0,0,0,0,0,0,0,0,0,,,,0,0,0,0,0,0,0,,0,0,0,0,0,0.0,0.0
00-0039333,B.Codrington,Brandon Codrington,CB,DB,"https://static.www.nfl.com/image/upload/f_auto,q_auto/league/zcfwdsirygqnl15jnd0m",2025,3,REG,BUF,MIA,0,0,0,0,0,0,0,0,0,0,0,0,,,0,,0,0,0,0,0,0,,0,0,0,0,0,0,0,0,0,0,,0,,0.0,0.0,0.0,0,0,0,0,0,0,0,0.0,0.0,0,0,0,0,0,1,0,0,1,1,0,0,0,0,0,2,15,3,95,0,0,0,0,,,0,0,0,0,0,0,0,0,0,0,0,0,,,,0,0,0,0,0,0,0,,0,0,0,0,0,0.0,0.0
00-0039337,M.Nabers,Malik Nabers,WR,WR,"https://static.www.nfl.com/image/upload/f_auto,q_auto/league/w3edoyyuomqlovvp9ixc",2025,3,REG,NYG,KC,0,0,0,0,0,0,0,0,0,0,0,0,,,0,,0,0,0,0,0,0,,0,2,7,13,0,0,0,146,4,0,-7.970936925325077,0,0.08904109589041095,0.23333333333333334,0.5140845070422535,0.7098591549295774,0,1,0,0,0,0,0,0.0,0.0,0,0,0,0,0,0,0,0,0,0,0,0,0,0,0,0,0,0,0,0,0,0,0,,,0,0,0,0,0,0,0,0,0,0,0,0,,,,0,0,0,0,0,0,0,,0,0,0,0,0,1.3,3.3
00-0039338,B.Bowers,Brock Bowers,TE,TE,"https://static.www.nfl.com/image/upload/f_auto,q_auto/league/uzp2ffi0lomamxofsrhy",2025,3,REG,LV,WAS,0,0,0,0,0,0,0,0,0,0,0,0,,,0,,0,0,0,0,0,0,,0,4,5,38,0,0,0,31,21,2,0.37410226317308837,1,1.2258064516129032,0.18518518518518517,0.10163934426229508,0.34892531876138433,0,0,0,0,0,0,0,0.0,0.0,0,0,0,0,0,0,0,0,0,0,0,0,0,0,0,0,0,0,0,0,0,0,0,,,0,0,0,0,0,0,0,0,0,0,0,0,,,,0,0,0,0,0,0,0,,0,0,0,0,0,5.800000000000001,9.8
00-0039340,L.Latu,Laiatu Latu,DE,DL,"https://static.www.nfl.com/image/upload/f_auto,q_auto/league/upfo1ikqlsmwvbduxqsw",2025,3,REG,IND,TEN,0,0,0,0,0,0,0,0,0,0,0,0,,,0,,0,0,0,0,0,0,,0,0,0,0,0,0,0,0,0,0,,0,,0.0,0.0,0.0,0,2,0,1,0,0,0,0.0,0.0,0,0,0,0,0,0,0,0,0,0,0,0,0,0,0,0,0,0,0,0,0,0,0,,,0,0,0,0,0,0,0,0,0,0,0,0,,,,0,0,0,0,0,0,0,,0,0,0,0,0,0.0,0.0
00-0039341,T.Guyton,Tyler Guyton,OT,OL,"https://static.www.nfl.com/image/upload/f_auto,q_auto/league/vkthsqd2smgoymkspfth",2025,3,REG,DAL,CHI,0,0,0,0,0,0,0,0,0,0,0,0,,,0,,0,0,0,0,0,0,,0,0,0,0,0,0,0,0,0,0,,0,,0.0,0.0,0.0,0,0,0,0,0,0,0,0.0,0.0,0,0,0,0,0,0,0,0,0,0,0,0,0,2,10,0,0,0,0,0,0,0,0,,,0,0,0,0,0,0,0,0,0,0,0,0,,,,0,0,0,0,0,0,0,,0,0,0,0,0,0.0,0.0
00-0039343,K.Lassiter,Kamari Lassiter,CB,DB,"https://static.www.nfl.com/image/upload/f_auto,q_auto/league/ats8cbxfzajzvwyzwsjb",2025,3,REG,HOU,JAX,0,0,0,0,0,0,0,0,0,0,0,0,,,0,,0,0,0,0,0,0,,0,0,0,0,0,0,0,0,0,0,,0,,0.0,0.0,0.0,0,5,0,0,0,0,0,0.0,0.0,0,0,0,0,0,0,0,0,0,0,0,0,0,0,0,0,0,0,0,0,0,0,0,,,0,0,0,0,0,0,0,0,0,0,0,0,,,,0,0,0,0,0,0,0,,0,0,0,0,0,0.0,0.0
00-0039345,R.Green,Renardo Green,CB,DB,"https://static.www.nfl.com/image/upload/f_auto,q_auto/league/reoqk5hmsjugiaed55fk",2025,3,REG,SF,ARI,0,0,0,0,0,0,0,0,0,0,0,0,,,0,,0,0,0,0,0,0,,0,0,0,0,0,0,0,0,0,0,,0,,0.0,0.0,0.0,0,1,0,3,0,0,0,0.0,0.0,0,0,0,0,0,0,0,0,0,0,0,0,0,1,33,0,0,0,0,0,0,0,0,,,0,0,0,0,0,0,0,0,0,0,0,0,,,,0,0,0,0,0,0,0,,0,0,0,0,0,0.0,0.0
00-0039347,T.Wallace,Trevin Wallace,LB,LB,"https://static.www.nfl.com/image/upload/f_auto,q_auto/league/m4dt3rza3lvzhhxsag4u",2025,3,REG,CAR,ATL,0,0,0,0,0,0,0,0,0,0,0,0,,,0,,0,0,0,0,0,0,,0,0,0,0,0,0,0,0,0,0,,0,,0.0,0.0,0.0,0,3,0,2,1,5,0,0.0,0.0,0,0,0,0,0,0,0,0,0,0,0,0,0,0,0,0,0,0,0,0,0,0,0,,,0,0,0,0,0,0,0,0,0,0,0,0,,,,0,0,0,0,0,0,0,,0,0,0,0,0,0.0,0.0
00-0039351,D.Puni,Dominick Puni,OT,OL,"https://static.www.nfl.com/image/upload/f_auto,q_auto/league/ig3zuxuiem0nqnrytcls",2025,3,REG,SF,ARI,0,0,0,0,0,0,0,0,0,0,0,0,,,0,,0,0,0,0,0,0,,0,0,0,0,0,0,0,0,0,0,,0,,0.0,0.0,0.0,0,0,0,0,0,0,0,0.0,0.0,0,0,0,0,0,0,0,0,0,0,0,0,0,1,6,0,0,0,0,0,0,0,0,,,0,0,0,0,0,0,0,0,0,0,0,0,,,,0,0,0,0,0,0,0,,0,0,0,0,0,0.0,0.0
00-0039355,L.McCaffrey,Luke McCaffrey,WR,WR,"https://static.www.nfl.com/image/upload/f_auto,q_auto/league/iqzscuxu9lxjfhoyxsjg",2025,3,REG,WAS,LV,0,0,0,0,0,0,0,0,0,0,0,0,,,0,,0,0,0,0,0,0,,0,3,3,56,1,0,0,14,42,1,6.76860653271433,0,4.0,0.16666666666666666,0.08860759493670886,0.3120253164556962,0,1,0,0,0,0,0,0.0,0.0,0,0,0,0,0,0,0,0,0,0,0,0,0,0,0,0,0,1,25,0,0,0,0,,,0,0,0,0,0,0,0,0,0,0,0,0,,,,0,0,0,0,0,0,0,,0,0,0,0,0,11.600000000000001,14.600000000000001
00-0039356,J.Sanders,Ja'Tavion Sanders,TE,TE,"https://static.www.nfl.com/image/upload/f_auto,q_auto/league/le2akm1cbou170ioctxl",2025,3,REG,CAR,ATL,0,0,0,0,0,0,0,0,0,0,0,0,,,0,,0,0,0,0,0,0,,0,2,2,11,0,0,0,1,10,1,1.4165408302797005,0,11.0,0.08333333333333333,0.007518796992481203,0.13026315789473683,0,0,0,0,0,0,0,0.0,0.0,0,0,0,0,0,0,0,0,0,0,0,0,0,0,0,0,0,0,0,0,0,0,0,,,0,0,0,0,0,0,0,0,0,0,0,0,,,,0,0,0,0,0,0,0,,0,0,0,0,0,1.1,3.1
00-0039361,B.Irving,Bucky Irving,RB,RB,"https://static.www.nfl.com/image/upload/f_auto,q_auto/league/hmgpumoxwhvrrkcjuuuw",2025,3,REG,TB,NYJ,0,0,0,0,0,0,0,0,0,0,0,0,,,0,,25,66,0,0,0,3,-10.224091524345567,0,4,4,33,0,0,0,-19,52,1,0.8630721794907004,0,-1.736842105263158,0.13793103448275862,-0.08189655172413793,0.1495689655172414,0,0,0,0,0,0,0,0.0,0.0,0,0,0,0,0,0,0,0,0,0,0,0,0,0,0,0,0,0,0,0,0,0,0,,,0,0,0,0,0,0,0,0,0,0,0,0,,,,0,0,0,0,0,0,0,,0,0,0,0,0,9.9,13.9
00-0039363,I.Guerendo,Isaac Guerendo,RB,RB,"https://static.www.nfl.com/image/upload/f_auto,q_auto/league/lr1qp5tsa5xshzt02urm",2025,3,REG,SF,ARI,0,0,0,0,0,0,0,0,0,0,0,0,,,0,,0,0,0,0,0,0,,0,0,0,0,0,0,0,0,0,0,,0,,0.0,0.0,0.0,0,0,0,0,0,0,0,0.0,0.0,0,0,0,0,0,0,0,0,0,0,0,0,0,0,0,0,0,1,19,0,0,0,0,,,0,0,0,0,0,0,0,0,0,0,0,0,,,,0,0,0,0,0,0,0,,0,0,0,0,0,0.0,0.0
00-0039364,S.Vaki,Sione Vaki,RB,RB,"https://static.www.nfl.com/image/upload/f_auto,q_auto/league/jfy4vewdyadb6n1xj2ao",2025,3,REG,DET,BAL,0,0,0,0,0,0,0,0,0,0,0,0,,,0,,0,0,0,0,0,0,,0,0,0,0,0,0,0,0,0,0,,0,,0.0,0.0,0.0,0,1,0,0,0,0,0,0.0,0.0,0,0,0,0,0,0,0,0,0,0,0,0,0,0,0,0,0,0,0,0,0,0,0,,,0,0,0,0,0,0,0,0,0,0,0,0,,,,0,0,0,0,0,0,0,,0,0,0,0,0,0.0,0.0
00-0039366,T.Still,Tarheeb Still,CB,DB,"https://static.www.nfl.com/image/upload/f_auto,q_auto/league/omjsmxcvxrgmkboiauhi",2025,3,REG,LAC,DEN,0,0,0,0,0,0,0,0,0,0,0,0,,,0,,0,0,0,0,0,0,,0,0,0,0,0,0,0,0,0,0,,0,,0.0,0.0,0.0,0,3,0,0,0,0,0,0.0,0.0,1,0,0,0,0,0,0,0,0,0,0,0,0,0,0,0,0,0,0,0,0,0,0,,,0,0,0,0,0,0,0,0,0,0,0,0,,,,0,0,0,0,0,0,0,,0,0,0,0,0,0.0,0.0
00-0039368,J.Magee,Jordan Magee,LB,LB,"https://static.www.nfl.com/image/upload/f_auto,q_auto/league/ixr3jyd3kfvwqa5qrawh",2025,3,REG,WAS,LV,0,0,0,0,0,0,0,0,0,0,0,0,,,0,,0,0,0,0,0,0,,0,0,0,0,0,0,0,0,0,0,,0,,0.0,0.0,0.0,0,3,0,0,0,0,0,0.0,0.0,0,0,0,0,0,0,0,0,0,0,0,0,0,0,0,0,0,0,0,0,0,0,0,,,0,0,0,0,0,0,0,0,0,0,0,0,,,,0,0,0,0,0,0,0,,0,0,0,0,0,0.0,0.0
00-0039370,J.Bertrand,JD Bertrand,LB,LB,"https://static.www.nfl.com/image/upload/f_auto,q_auto/league/aiooxohsxjemnkgprgqi",2025,3,REG,ATL,CAR,0,0,0,0,0,0,0,0,0,0,0,0,,,0,,0,0,0,0,0,0,,0,0,0,0,0,0,0,0,0,0,,0,,0.0,0.0,0.0,0,0,0,1,0,0,0,0.0,0.0,0,0,0,0,0,0,0,0,0,0,0,0,0,0,0,0,0,0,0,0,0,0,0,,,0,0,0,0,0,0,0,0,0,0,0,0,,,,0,0,0,0,0,0,0,,0,0,0,0,0,0.0,0.0
00-0039375,J.Newton,Josh Newton,CB,DB,"https://static.www.nfl.com/image/upload/f_auto,q_auto/league/imssw1izljtqvd1j1nbp",2025,3,REG,CIN,MIN,0,0,0,0,0,0,0,0,0,0,0,0,,,0,,0,0,0,0,0,0,,0,0,0,0,0,0,0,0,0,0,,0,,0.0,0.0,0.0,0,1,0,0,0,0,0,0.0,0.0,0,0,0,0,0,0,0,0,0,0,0,0,0,0,0,0,0,0,0,0,0,0,0,,,0,0,0,0,0,0,0,0,0,0,0,0,,,,0,0,0,0,0,0,0,,0,0,0,0,0,0.0,0.0
00-0039376,S.Rattler,Spencer Rattler,QB,QB,"https://static.www.nfl.com/image/upload/f_auto,q_auto/league/uridusydmg6brwrmpmq6",2025,3,REG,NO,SEA,28,39,218,1,1,2,-13,0,0,314,102,12,1.4428194655963993,7.2301550553395195,0,0.6942675159235668,2,10,0,0,0,1,0.0011216201237402856,0,0,0,0,0,0,0,0,0,0,,0,,0.0,0.0,0.0,0,0,0,0,0,0,0,0.0,0.0,0,0,0,0,0,0,0,0,0,0,0,0,0,0,0,0,0,0,0,0,0,0,0,,,0,0,0,0,0,0,0,0,0,0,0,0,,,,0,0,0,0,0,0,0,,0,0,0,0,0,11.72,11.72
00-0039379,J.Thrash,Jamari Thrash,WR,WR,"https://static.www.nfl.com/image/upload/f_auto,q_auto/league/byihyhwwpltzyetas85a",2025,3,REG,CLE,GB,0,0,0,0,0,0,0,0,0,0,0,0,,,0,,0,0,0,0,0,0,,0,2,3,7,0,0,0,30,0,0,-0.6420554824871942,0,0.23333333333333334,0.09090909090909091,0.11811023622047244,0.21904080171796705,0,0,0,0,0,0,0,0.0,0.0,0,0,0,0,0,0,0,0,0,0,0,0,0,0,0,0,0,0,0,0,0,0,0,,,0,0,0,0,0,0,0,0,0,0,0,0,,,,0,0,0,0,0,0,0,,0,0,0,0,0,0.7000000000000001,2.7
00-0039380,C.Smith-Wade,Chau Smith-Wade,CB,DB,"https://static.www.nfl.com/image/upload/f_auto,q_auto/league/zaw1uynft16o6ltvxjpf",2025,3,REG,CAR,ATL,0,0,0,0,0,0,0,0,0,0,0,0,,,0,,0,0,0,0,0,0,,0,0,0,0,0,0,0,0,0,0,,0,,0.0,0.0,0.0,0,5,0,0,0,0,0,0.0,0.0,0,1,11,1,1,0,0,0,0,0,0,0,0,0,0,0,0,0,0,0,0,0,0,,,0,0,0,0,0,0,0,0,0,0,0,0,,,,0,0,0,0,0,0,0,,0,0,0,0,0,0.0,0.0
00-0039384,T.Tracy,Tyrone Tracy Jr.,RB,RB,"https://static.www.nfl.com/image/upload/f_auto,q_auto/league/b9nje50lohbprf06xoom",2025,3,REG,NYG,KC,0,0,0,0,0,0,0,0,0,0,0,0,,,0,,7,29,0,0,0,3,-0.4772114611696452,0,2,3,7,0,0,0,-8,10,0,-3.4688505529193208,0,-0.875,0.1,-0.028169014084507043,0.1302816901408451,0,0,0,0,0,0,0,0.0,0.0,0,0,0,0,0,0,0,0,0,0,0,0,0,0,0,0,0,0,0,0,0,0,0,,,0,0,0,0,0,0,0,0,0,0,0,0,,,,0,0,0,0,0,0,0,,0,0,0,0,0,3.6,5.6
00-0039388,J.Ford,Jaylan Ford,LB,LB,"https://static.www.nfl.com/image/upload/f_auto,q_auto/league/qns0y4mrxe7icohn5ewg",2025,3,REG,NO,SEA,0,0,0,0,0,0,0,0,0,0,0,0,,,0,,0,0,0,0,0,0,,0,0,0,0,0,0,0,0,0,0,,0,,0.0,0.0,0.0,0,0,0,0,0,0,0,0.0,0.0,0,0,0,0,0,0,0,0,0,0,0,0,0,0,0,0,0,0,0,0,0,0,0,,,0,0,0,0,0,0,0,0,0,0,0,0,,,,0,0,0,0,0,0,0,,0,0,0,0,0,0.0,0.0
00-0039398,J.Milton,Joe Milton III,QB,QB,"https://static.www.nfl.com/image/upload/f_auto,q_auto/league/tsj9lobse1gxzanf39dt",2025,3,REG,DAL,CHI,3,5,41,0,1,0,0,0,0,67,7,2,-0.7261007607448846,4.929508566856384,0,0.6119402985074627,0,0,0,0,0,0,,0,0,0,0,0,0,0,0,0,0,,0,,0.0,0.0,0.0,0,0,0,0,0,0,0,0.0,0.0,0,0,0,0,0,0,0,0,0,0,0,0,0,0,0,0,0,0,0,0,0,0,0,,,0,0,0,0,0,0,0,0,0,0,0,0,,,,0,0,0,0,0,0,0,,0,0,0,0,0,-0.3599999999999999,-0.3599999999999999
00-0039402,J.Crumedy,Jaden Crumedy,DT,DL,"https://static.www.nfl.com/image/upload/f_auto,q_auto/league/xmbnm0swk4oqrrnslrn5",2025,3,REG,CAR,ATL,0,0,0,0,0,0,0,0,0,0,0,0,,,0,,0,0,0,0,0,0,,0,0,0,0,0,0,0,0,0,0,,0,,0.0,0.0,0.0,0,0,0,2,0,0,0,0.0,0.0,0,0,0,0,0,0,0,0,0,0,0,0,0,0,0,0,0,0,0,0,0,0,0,,,0,0,0,0,0,0,0,0,0,0,0,0,,,,0,0,0,0,0,0,0,,0,0,0,0,0,0.0,0.0
00-0039404,W.Reichard,Will Reichard,K,SPEC,"https://static.www.nfl.com/image/upload/f_auto,q_auto/league/r1g0mqxqc23tmqmgdbwm",2025,3,REG,MIN,CIN,0,0,0,0,0,0,0,0,0,0,0,0,,,0,,0,0,0,0,0,0,,0,0,0,0,0,0,0,0,0,0,,0,,0.0,0.0,0.0,0,0,0,0,0,0,0,0.0,0.0,0,0,0,0,0,0,0,0,0,0,0,0,0,0,0,0,0,0,0,2,2,0,0,62.0,1.0,0,0,1,0,0,1,0,0,0,0,0,0,35;62,,,97,0,0,6,6,0,0,1.0,0,0,0,0,0,0.0,0.0
00-0039407,D.Laube,Dylan Laube,RB,RB,"https://static.www.nfl.com/image/upload/f_auto,q_auto/league/lpizdza73bgksstymv5t",2025,3,REG,LV,WAS,0,0,0,0,0,0,0,0,0,0,0,0,,,0,,3,2,0,0,0,0,-4.89483971480513,0,0,1,0,0,0,0,0,0,0,-0.3229790620971471,0,,0.037037037037037035,0.0,0.05555555555555555,0,0,0,0,0,0,0,0.0,0.0,0,0,0,0,0,0,0,0,0,0,0,0,0,0,0,0,0,3,60,0,0,0,0,,,0,0,0,0,0,0,0,0,0,0,0,0,,,,0,0,0,0,0,0,0,,0,0,0,0,0,0.2,0.2
00-0039408,C.Mahogany,Christian Mahogany,G,OL,"https://static.www.nfl.com/image/upload/f_auto,q_auto/league/lsxh6dh5fkomkwvfjlwi",2025,3,REG,DET,BAL,0,0,0,0,0,0,0,0,0,0,0,0,,,0,,0,0,0,0,0,0,,0,0,0,0,0,0,0,0,0,0,,0,,0.0,0.0,0.0,0,0,0,0,0,0,0,0.0,0.0,0,0,0,0,0,0,0,0,0,0,0,0,0,1,15,0,0,0,0,0,0,0,0,,,0,0,0,0,0,0,0,0,0,0,0,0,,,,0,0,0,0,0,0,0,,0,0,0,0,0,0.0,0.0
00-0039409,C.Little,Cam Little,K,SPEC,"https://static.www.nfl.com/image/upload/f_auto,q_auto/league/pfdod5cds77uznkotipk",2025,3,REG,JAX,HOU,0,0,0,0,0,0,0,0,0,0,0,0,,,0,,0,0,0,0,0,0,,0,0,0,0,0,0,0,0,0,0,,0,,0.0,0.0,0.0,0,0,0,0,0,0,0,0.0,0.0,0,0,0,0,0,0,0,0,0,0,0,0,0,0,0,0,0,0,0,1,2,1,0,39.0,0.5,0,0,1,0,0,0,0,0,0,1,0,0,39,47,,39,47,0,2,2,0,0,1.0,0,0,0,0,0,0.0,0.0
00-0039410,R.Flournoy,Ryan Flournoy,WR,WR,"https://static.www.nfl.com/image/upload/f_auto,q_auto/league/tqwq3cgpqu7j9hzoyicx",2025,3,REG,DAL,CHI,0,0,0,0,0,0,0,0,0,0,0,0,,,0,,0,0,0,0,0,0,,0,2,3,21,0,0,0,25,0,1,2.7918331576511264,0,0.84,0.06818181818181818,0.09328358208955224,0.16757123473541383,0,0,0,0,0,0,0,0.0,0.0,0,0,0,0,0,0,0,0,0,0,0,0,0,0,0,0,0,0,0,0,0,0,0,,,0,0,0,0,0,0,0,0,0,0,0,0,,,,0,0,0,0,0,0,0,,0,0,0,0,0,2.1,4.1
00-0039411,E.Klein,Elijah Klein,G,OL,"https://static.www.nfl.com/image/upload/f_auto,q_auto/league/icvvhledvoxc3b4exs0f",2025,3,REG,TB,NYJ,0,0,0,0,0,0,0,0,0,0,0,0,,,0,,0,0,0,0,0,0,,0,0,0,0,0,0,0,0,0,0,,0,,0.0,0.0,0.0,0,0,0,0,0,0,0,0.0,0.0,0,0,0,0,0,0,0,0,0,0,0,0,0,2,20,0,0,0,0,0,0,0,0,,,0,0,0,0,0,0,0,0,0,0,0,0,,,,0,0,0,0,0,0,0,,0,0,0,0,0,0.0,0.0
00-0039412,J.Jean-Baptiste,Javontae Jean-Baptiste,DE,DL,"https://static.www.nfl.com/image/upload/f_auto,q_auto/league/cgw1mirojztblwmhsz45",2025,3,REG,WAS,LV,0,0,0,0,0,0,0,0,0,0,0,0,,,0,,0,0,0,0,0,0,,0,0,0,0,0,0,0,0,0,0,,0,,0.0,0.0,0.0,0,1,0,0,1,1,0,1.0,1.0,1,0,0,0,0,0,0,0,0,0,0,0,0,0,0,0,0,0,0,0,0,0,0,,,0,0,0,0,0,0,0,0,0,0,0,0,,,,0,0,0,0,0,0,0,,0,0,0,0,0,0.0,0.0
00-0039417,M.Harden,Myles Harden,CB,DB,"https://static.www.nfl.com/image/upload/f_auto,q_auto/league/r8uhacjplbkmlg2uoeou",2025,3,REG,CLE,GB,0,0,0,0,0,0,0,0,0,0,0,0,,,0,,0,0,0,0,0,0,,0,0,0,0,0,0,0,0,0,0,,0,,0.0,0.0,0.0,0,0,0,2,0,0,0,0.0,0.0,0,0,0,0,0,0,0,0,0,0,0,0,0,1,20,0,0,0,0,0,0,0,0,,,0,0,0,0,0,0,0,0,0,0,0,0,,,,0,0,0,0,0,0,0,,0,0,0,0,0,0.0,0.0
00-0039419,M.Jurgens,Michael Jurgens,G,OL,"https://static.www.nfl.com/image/upload/f_auto,q_auto/league/f30ska1lnevapmv8vait",2025,3,REG,MIN,CIN,0,0,0,0,0,0,0,0,0,0,0,0,,,0,,0,0,0,0,0,0,,0,0,0,0,0,0,0,0,0,0,,0,,0.0,0.0,0.0,0,0,0,0,0,0,0,0.0,0.0,0,0,0,0,0,0,0,0,0,0,0,0,0,2,15,0,0,0,0,0,0,0,0,,,0,0,0,0,0,0,0,0,0,0,0,0,,,,0,0,0,0,0,0,0,,0,0,0,0,0,0.0,0.0
00-0039421,L.Rodriguez,Levi Drake Rodriguez,DL,DL,"https://static.www.nfl.com/image/upload/f_auto,q_auto/league/omsedg4telmr0fvhhegj",2025,3,REG,MIN,CIN,0,0,0,0,0,0,0,0,0,0,0,0,,,0,,0,0,0,0,0,0,,0,0,0,0,0,0,0,0,0,0,,0,,0.0,0.0,0.0,0,3,0,1,2,5,0,0.0,0.0,0,0,0,0,0,0,0,0,0,0,0,0,0,0,0,0,0,0,0,0,0,0,0,,,0,0,0,0,0,0,0,0,0,0,0,0,,,,0,0,0,0,0,0,0,,0,0,0,0,0,0.0,0.0
00-0039423,J.Laulu,Jonah Laulu,DT,DL,"https://static.www.nfl.com/image/upload/f_auto,q_auto/league/zqjhfs8ufqncqsiuobgh",2025,3,REG,LV,WAS,0,0,0,0,0,0,0,0,0,0,0,0,,,0,,0,0,0,0,0,0,,0,0,0,0,0,0,0,0,0,0,,0,,0.0,0.0,0.0,0,0,1,1,1,1,0,0.0,0.0,0,0,0,0,0,0,0,0,0,0,0,0,0,0,0,0,0,0,0,0,0,0,0,,,0,0,0,0,0,0,0,0,0,0,0,0,,,,0,0,0,0,0,0,0,,0,0,0,0,0,0.0,0.0
00-0039435,T.Bethune,Tatum Bethune,LB,LB,"https://static.www.nfl.com/image/upload/f_auto,q_auto/league/hbmwbevay9amntpkvfbt",2025,3,REG,SF,ARI,0,0,0,0,0,0,0,0,0,0,0,0,,,0,,0,0,0,0,0,0,,0,0,0,0,0,0,0,0,0,0,,0,,0.0,0.0,0.0,0,1,0,0,0,0,0,0.0,0.0,0,0,0,0,0,0,0,0,0,0,0,0,0,0,0,0,0,0,0,0,0,0,0,,,0,0,0,0,0,0,0,0,0,0,0,0,,,,0,0,0,0,0,0,0,,0,0,0,0,0,0.0,0.0
00-0039436,J.Harrell,Jaylen Harrell,LB,LB,"https://static.www.nfl.com/image/upload/f_auto,q_auto/league/bchqpne0r2pz0plq34pv",2025,3,REG,TEN,IND,0,0,0,0,0,0,0,0,0,0,0,0,,,0,,0,0,0,0,0,0,,0,0,0,0,0,0,0,0,0,0,,0,,0.0,0.0,0.0,0,0,0,1,0,0,0,0.0,0.0,0,0,0,0,0,0,0,0,0,0,0,0,0,0,0,0,0,0,0,0,0,0,0,,,0,0,0,0,0,0,0,0,0,0,0,0,,,,0,0,0,0,0,0,0,,0,0,0,0,0,0.0,0.0
00-0039451,I.Williams,Isaiah Williams,WR,WR,"https://static.www.nfl.com/image/upload/f_auto,q_auto/league/gfizlaq4sf0szcwadqhk",2025,3,REG,NYJ,TB,0,0,0,0,0,0,0,0,0,0,0,0,,,0,,0,0,0,0,0,0,,0,0,0,0,0,0,0,0,0,0,,0,,0.0,0.0,0.0,0,0,0,0,0,0,0,0.0,0.0,0,0,0,0,0,0,0,0,0,0,0,0,0,0,0,0,0,0,0,0,0,0,0,,,0,0,0,0,0,0,0,0,0,0,0,0,,,,0,0,0,0,0,0,0,,0,0,0,0,0,0.0,0.0
00-0039460,C.Jones,Carl Jones,LB,LB,"https://static.www.nfl.com/image/upload/f_auto,q_auto/league/a4lmh1641vpgogdu5hfy",2025,3,REG,CHI,DAL,0,0,0,0,0,0,0,0,0,0,0,0,,,0,,0,0,0,0,0,0,,0,0,0,0,0,0,0,0,0,0,,0,,0.0,0.0,0.0,0,1,0,1,0,0,0,0.0,0.0,0,0,0,0,0,0,0,0,0,0,0,0,0,0,0,0,0,0,0,0,0,0,0,,,0,0,0,0,0,0,0,0,0,0,0,0,,,,0,0,0,0,0,0,0,,0,0,0,0,0,0.0,0.0
00-0039465,R.Steward,Reddy Steward,DB,DB,"https://static.www.nfl.com/image/upload/f_auto,q_auto/league/augbl90tb3qkkev6e0kq",2025,3,REG,DAL,CHI,0,0,0,0,0,0,0,0,0,0,0,0,,,0,,0,0,0,0,0,0,,0,0,0,0,0,0,0,0,0,0,,0,,0.0,0.0,0.0,0,3,1,2,2,8,0,0.0,0.0,0,0,0,0,0,0,0,0,0,0,0,0,0,0,0,0,0,0,0,0,0,0,0,,,0,0,0,0,0,0,0,0,0,0,0,0,,,,0,0,0,0,0,0,0,,0,0,0,0,0,0.0,0.0
00-0039480,J.Colbert,Jordan Colbert,SAF,DB,"https://static.www.nfl.com/image/upload/f_auto,q_auto/league/vzwrdqknqaz09r8s2wcu",2025,3,REG,MIA,BUF,0,0,0,0,0,0,0,0,0,0,0,0,,,0,,0,0,0,0,0,0,,0,0,0,0,0,0,0,0,0,0,,0,,0.0,0.0,0.0,0,1,0,0,0,0,0,0.0,0.0,0,0,0,0,0,0,0,0,0,0,0,0,0,0,0,0,0,0,0,0,0,0,0,,,0,0,0,0,0,0,0,0,0,0,0,0,,,,0,0,0,0,0,0,0,,0,0,0,0,0,0.0,0.0
00-0039530,B.Spann-Ford,Brevyn Spann-Ford,TE,TE,"https://static.www.nfl.com/image/upload/f_auto,q_auto/league/tsblwzvfsxuvohhfagls",2025,3,REG,DAL,CHI,0,0,0,0,0,0,0,0,0,0,0,0,,,0,,0,0,0,0,0,0,,0,0,0,0,0,0,0,0,0,0,,0,,0.0,0.0,0.0,0,1,0,0,0,0,0,0.0,0.0,0,0,0,0,0,0,0,0,0,0,0,0,0,0,0,0,0,0,0,0,0,0,0,,,0,0,0,0,0,0,0,0,0,0,0,0,,,,0,0,0,0,0,0,0,,0,0,0,0,0,0.0,0.0
00-0039576,S.Shrader,Spencer Shrader,K,SPEC,"https://static.www.nfl.com/image/upload/f_auto,q_auto/league/i63zrj1idnss37cpe1yo",2025,3,REG,IND,TEN,0,0,0,0,0,0,0,0,0,0,0,0,,,0,,0,0,0,0,0,0,,0,0,0,0,0,0,0,0,0,0,,0,,0.0,0.0,0.0,0,0,0,0,0,0,0,0.0,0.0,0,0,0,0,0,0,0,0,0,0,0,0,0,0,0,0,0,0,0,2,3,1,0,36.0,0.6666666666666666,0,1,1,0,0,0,0,0,0,0,1,0,24;36,51,,60,51,0,5,5,0,0,1.0,0,0,0,0,0,0.0,0.0
00-0039589,K.Johnson,Kameron Johnson,WR,WR,"https://static.www.nfl.com/image/upload/f_auto,q_auto/league/ms7auybbkq1nwbd2ev0d",2025,3,REG,TB,NYJ,0,0,0,0,0,0,0,0,0,0,0,0,,,0,,0,0,0,0,0,0,,0,0,0,0,0,0,0,0,0,0,,0,,0.0,0.0,0.0,0,0,0,0,0,0,0,0.0,0.0,0,0,0,0,0,0,0,0,0,0,0,0,0,0,0,2,-1,0,0,0,0,0,0,,,0,0,0,0,0,0,0,0,0,0,0,0,,,,0,0,0,0,0,0,0,,0,0,0,0,0,0.0,0.0
00-0039601,D.Richardson,Demani Richardson,SAF,DB,"https://static.www.nfl.com/image/upload/f_auto,q_auto/league/tpjhwnupzg65sx5zyzbx",2025,3,REG,CAR,ATL,0,0,0,0,0,0,0,0,0,0,0,0,,,0,,0,0,0,0,0,0,,0,0,0,0,0,0,0,0,0,0,,0,,0.0,0.0,0.0,0,1,0,1,0,0,0,0.0,0.0,0,0,0,0,0,0,0,0,0,0,1,1,0,0,0,0,0,0,0,0,0,0,0,,,0,0,0,0,0,0,0,0,0,0,0,0,,,,0,0,0,0,0,0,0,,0,0,0,0,0,0.0,0.0
00-0039622,I.Stalbird,Isaiah Stalbird,LB,LB,"https://static.www.nfl.com/image/upload/f_auto,q_auto/league/seronol9msa4ijg9saj8",2025,3,REG,NO,SEA,0,0,0,0,0,0,0,0,0,0,0,0,,,0,,0,0,0,0,0,0,,0,0,0,0,0,0,0,0,0,0,,0,,0.0,0.0,0.0,0,0,0,0,0,0,0,0.0,0.0,0,0,0,1,0,0,0,0,0,0,0,0,0,0,0,0,0,0,0,0,0,0,0,,,0,0,0,0,0,0,0,0,0,0,0,0,,,,0,0,0,0,0,0,0,,0,0,0,0,0,0.0,0.0
00-0039631,C.Grandy,Cam Grandy,TE,TE,"https://static.www.nfl.com/image/upload/f_auto,q_auto/league/uay5dmniqx1baal3q3uu",2025,3,REG,CIN,MIN,0,0,0,0,0,0,0,0,0,0,0,0,,,0,,0,0,0,0,0,0,,0,1,1,6,0,1,0,-2,8,0,0.1620441589038819,0,0.0,0.038461538461538464,-0.015503875968992248,0.04683959451401312,0,0,0,0,0,0,0,0.0,0.0,0,0,0,0,0,0,0,0,0,0,0,0,0,0,0,0,0,0,0,0,0,0,0,,,0,0,0,0,0,0,0,0,0,0,0,0,,,,0,0,0,0,0,0,0,,0,0,0,0,0,0.6000000000000001,1.6
00-0039632,P.Jules,PJ Jules,SAF,DB,"https://static.www.nfl.com/image/upload/f_auto,q_auto/league/mdsohdnjax1gfb2nq0sv",2025,3,REG,CIN,MIN,0,0,0,0,0,0,0,0,0,0,0,0,,,0,,0,0,0,0,0,0,,0,0,0,0,0,0,0,0,0,0,,0,,0.0,0.0,0.0,0,1,1,1,1,1,0,0.0,0.0,0,0,0,0,0,0,0,0,0,0,0,0,0,1,15,0,0,0,0,0,0,0,0,,,0,0,0,0,0,0,0,0,0,0,0,0,,,,0,0,0,0,0,0,0,,0,0,0,0,0,0.0,0.0
00-0039634,A.McNamara,Austin McNamara,P,SPEC,"https://static.www.nfl.com/image/upload/f_auto,q_auto/league/d1jzdrpscex7eoxlha6o",2025,3,REG,NYJ,TB,0,0,0,0,0,0,0,0,0,0,0,0,,,0,,0,0,0,0,0,0,,0,0,0,0,0,0,0,0,0,0,,0,,0.0,0.0,0.0,0,0,0,0,0,0,0,0.0,0.0,0,0,0,0,0,0,0,0,0,0,0,0,0,0,0,0,0,0,0,0,0,0,0,,,0,0,0,0,0,0,0,0,0,0,0,0,,,,0,0,0,0,0,0,0,,0,0,0,0,0,0.0,0.0
00-0039637,M.Njongmeta,Maema Njongmeta,LB,LB,"https://static.www.nfl.com/image/upload/f_auto,q_auto/league/tmjqotinfienbj2r8gf7",2025,3,REG,CAR,ATL,0,0,0,0,0,0,0,0,0,0,0,0,,,0,,0,0,0,0,0,0,,0,0,0,0,0,0,0,0,0,0,,0,,0.0,0.0,0.0,0,1,0,1,0,0,0,0.0,0.0,0,0,0,0,0,0,0,0,0,0,0,0,0,0,0,0,0,0,0,0,0,0,0,,,0,0,0,0,0,0,0,0,0,0,0,0,,,,0,0,0,0,0,0,0,,0,0,0,0,0,0.0,0.0
00-0039681,T.Owens,Tyler Owens,SAF,DB,"https://static.www.nfl.com/image/upload/f_auto,q_auto/league/gu2idezjli59r53v2wcf",2025,3,REG,WAS,LV,0,0,0,0,0,0,0,0,0,0,0,0,,,0,,0,0,0,0,0,0,,0,0,0,0,0,0,0,0,0,0,,0,,0.0,0.0,0.0,0,1,0,0,0,0,0,0.0,0.0,0,0,0,0,0,0,0,0,0,0,0,0,0,0,0,0,0,0,0,0,0,0,0,,,0,0,0,0,0,0,0,0,0,0,0,0,,,,0,0,0,0,0,0,0,,0,0,0,0,0,0.0,0.0
00-0039686,C.Yankoff,Colson Yankoff,TE,TE,"https://static.www.nfl.com/image/upload/f_auto,q_auto/league/h26w7a1eousqky5ncxlc",2025,3,REG,WAS,LV,0,0,0,0,0,0,0,0,0,0,0,0,,,0,,0,0,0,0,0,0,,0,0,0,0,0,0,0,0,0,0,,0,,0.0,0.0,0.0,0,1,0,0,0,0,0,0.0,0.0,0,0,0,0,0,0,0,0,0,0,0,0,0,0,0,0,0,0,0,0,0,0,0,,,0,0,0,0,0,0,0,0,0,0,0,0,,,,0,0,0,0,0,0,0,,0,0,0,0,0,0.0,0.0
00-0039714,D.McGlothern,Dwight McGlothern,CB,DB,"https://static.www.nfl.com/image/upload/f_auto,q_auto/league/x8pdiatwc5de3xsv2sis",2025,3,REG,MIN,CIN,0,0,0,0,0,0,0,0,0,0,0,0,,,0,,0,0,0,0,0,0,,0,0,0,0,0,0,0,0,0,0,,0,,0.0,0.0,0.0,0,0,0,0,0,0,0,0.0,0.0,0,0,0,0,0,0,0,0,0,0,0,0,0,1,14,0,0,0,0,0,0,0,0,,,0,0,0,0,0,0,0,0,0,0,0,0,,,,0,0,0,0,0,0,0,,0,0,0,0,0,0.0,0.0
00-0039732,B.Nix,Bo Nix,QB,QB,"https://static.www.nfl.com/image/upload/f_auto,q_auto/league/igirshmrr6lqtxcpxsea",2025,3,REG,DEN,LAC,14,25,153,1,0,2,-6,0,0,269,84,5,-1.5255322747893847,-8.01634334999582,0,0.5687732342007435,8,33,0,0,0,0,-1.4973021894693375,0,0,0,0,0,0,0,0,0,0,,0,,0.0,0.0,0.0,0,0,0,0,0,0,0,0.0,0.0,0,0,0,0,0,0,0,0,0,0,0,0,0,0,0,0,0,0,0,0,0,0,0,,,0,0,0,0,0,0,0,0,0,0,0,0,,,,0,0,0,0,0,0,0,,0,0,0,0,0,13.420000000000002,13.420000000000002
00-0039733,R.Orhorhoro,Ruke Orhorhoro,DT,DL,"https://static.www.nfl.com/image/upload/f_auto,q_auto/league/erx6ismqu4gmu2dy6hq2",2025,3,REG,ATL,CAR,0,0,0,0,0,0,0,0,0,0,0,0,,,0,,0,0,0,0,0,0,,0,0,0,0,0,0,0,0,0,0,,0,,0.0,0.0,0.0,0,0,0,1,0,0,0,0.0,0.0,0,0,0,0,0,0,0,0,0,0,0,0,0,0,0,0,0,0,0,0,0,0,0,,,0,0,0,0,0,0,0,0,0,0,0,0,,,,0,0,0,0,0,0,0,,0,0,0,0,0,0.0,0.0
00-0039734,B.Fiske,Braden Fiske,DE,DL,"https://static.www.nfl.com/image/upload/f_auto,q_auto/league/eviqsptyuqhpsxjcann2",2025,3,REG,LA,PHI,0,0,0,0,0,0,0,0,0,0,0,0,,,0,,0,0,0,0,0,0,,0,0,0,0,0,0,0,0,0,0,,0,,0.0,0.0,0.0,0,1,0,1,0,0,0,0.0,0.0,0,0,0,0,0,0,0,0,0,0,0,0,0,0,0,0,0,0,0,0,0,0,0,,,0,0,0,0,0,0,0,0,0,0,0,0,,,,0,0,0,0,0,0,0,,0,0,0,0,0,0.0,0.0
00-0039737,T.Reiman,Tip Reiman,TE,TE,"https://static.www.nfl.com/image/upload/f_auto,q_auto/league/ep1rsbi0visivscxnezd",2025,3,REG,ARI,SF,0,0,0,0,0,0,0,0,0,0,0,0,,,0,,0,0,0,0,0,0,,0,2,3,8,0,0,0,12,2,0,-0.5604511072742753,0,0.6666666666666666,0.08823529411764706,0.06779661016949153,0.17981056829511466,0,0,0,0,0,0,0,0.0,0.0,0,0,0,0,0,0,0,0,0,0,0,0,0,0,0,0,0,0,0,0,0,0,0,,,0,0,0,0,0,0,0,0,0,0,0,0,,,,0,0,0,0,0,0,0,,0,0,0,0,0,0.8,2.8
00-0039738,B.Corum,Blake Corum,RB,RB,"https://static.www.nfl.com/image/upload/f_auto,q_auto/league/gytdgnrjj3jk8rlfxz85",2025,3,REG,LA,PHI,0,0,0,0,0,0,0,0,0,0,0,0,,,0,,8,53,0,0,0,4,2.7791015785187483,0,0,0,0,0,0,0,0,0,0,,0,,0.0,0.0,0.0,0,0,0,0,0,0,0,0.0,0.0,0,0,0,0,0,0,0,0,0,0,0,0,0,0,0,0,0,5,115,0,0,0,0,,,0,0,0,0,0,0,0,0,0,0,0,0,,,,0,0,0,0,0,0,0,,0,0,0,0,0,5.300000000000001,5.300000000000001
00-0039740,J.Hunt,Jalyx Hunt,LB,LB,"https://static.www.nfl.com/image/upload/f_auto,q_auto/league/cg8yroxxd3znnkt894rm",2025,3,REG,PHI,LA,0,0,0,0,0,0,0,0,0,0,0,0,,,0,,0,0,0,0,0,0,,0,0,0,0,0,0,0,0,0,0,,0,,0.0,0.0,0.0,0,0,0,2,0,0,0,0.0,0.0,2,0,0,0,0,0,0,0,0,0,0,0,0,0,0,0,0,0,0,0,0,0,0,,,0,0,0,0,0,0,0,0,0,0,0,0,,,,0,0,0,0,0,0,0,,0,0,0,0,0,0.0,0.0
00-0039741,P.Wilson,Payton Wilson,LB,LB,"https://static.www.nfl.com/image/upload/f_auto,q_auto/league/n9it3axjeciqsxirtize",2025,3,REG,PIT,NE,0,0,0,0,0,0,0,0,0,0,0,0,,,0,,0,0,0,0,0,0,,0,0,0,0,0,0,0,0,0,0,,0,,0.0,0.0,0.0,0,5,0,2,0,0,0,0.0,0.0,0,0,0,0,0,0,0,0,0,0,1,1,0,1,5,0,0,0,0,0,0,0,0,,,0,0,0,0,0,0,0,0,0,0,0,0,,,,0,0,0,0,0,0,0,,0,0,0,0,0,0.0,0.0
00-0039745,T.Taylor,Tory Taylor,P,SPEC,"https://static.www.nfl.com/image/upload/f_auto,q_auto/league/hzzvpzjiab6znxvkp6la",2025,3,REG,CHI,DAL,0,0,0,0,0,0,0,0,0,0,0,0,,,0,,0,0,0,0,0,0,,0,0,0,0,0,0,0,0,0,0,,0,,0.0,0.0,0.0,0,0,0,0,0,0,0,0.0,0.0,0,0,0,0,0,0,0,0,0,0,0,0,0,0,0,0,0,0,0,0,0,0,0,,,0,0,0,0,0,0,0,0,0,0,0,0,,,,0,0,0,0,0,0,0,,0,0,0,0,0,0.0,0.0
00-0039749,T.Davis,Tyler Davis,DE,DL,"https://static.www.nfl.com/image/upload/f_auto,q_auto/league/jbwaqwv5imuhydw4vkzc",2025,3,REG,LA,PHI,0,0,0,0,0,0,0,0,0,0,0,0,,,0,,0,0,0,0,0,0,,0,0,0,0,0,0,0,0,0,0,,0,,0.0,0.0,0.0,0,0,0,2,0,0,0,0.0,0.0,0,0,0,0,0,0,0,0,0,0,0,0,0,0,0,0,0,0,0,0,0,0,0,,,0,0,0,0,0,0,0,0,0,0,0,0,,,,0,0,0,0,0,0,0,,0,0,0,0,0,0.0,0.0
00-0039750,J.Karty,Joshua Karty,K,SPEC,"https://static.www.nfl.com/image/upload/f_auto,q_auto/league/j51z79en8vs3qdgkvnn5",2025,3,REG,LA,PHI,0,1,0,0,0,0,0,0,0,0,0,0,,,0,,0,0,0,0,0,0,,0,0,0,0,0,0,0,0,0,0,,0,,0.0,0.0,0.0,0,0,0,0,0,0,0,0.0,0.0,0,0,0,0,0,0,0,0,0,0,0,0,0,0,0,0,0,0,0,4,6,0,2,51.0,0.6666666666666666,0,1,1,1,1,0,0,0,0,0,0,0,51;28;33;46,,36;44,158,0,80,2,2,0,0,1.0,0,0,0,0,0,0.0,0.0
00-0039751,J.Whittington,Jordan Whittington,WR,WR,"https://static.www.nfl.com/image/upload/f_auto,q_auto/league/w5h5q9jwyaimdjlnracx",2025,3,REG,LA,PHI,0,0,0,0,0,0,0,0,0,0,0,0,,,0,,2,7,0,0,0,0,-0.245392614742741,0,2,3,7,0,0,0,6,0,0,-1.4474647234892473,0,1.1666666666666667,0.09090909090909091,0.03571428571428571,0.16136363636363635,0,0,0,0,0,0,0,0.0,0.0,0,0,0,0,0,0,0,0,0,0,0,0,0,0,0,0,0,0,0,0,0,0,0,,,0,0,0,0,0,0,0,0,0,0,0,0,,,,0,0,0,0,0,0,0,,0,0,0,0,0,1.4000000000000001,3.4000000000000004
00-0039770,C.Woods,Charles Woods,CB,DB,"https://static.www.nfl.com/image/upload/f_auto,q_auto/league/ykruciq8bomy0ez2t7gc",2025,3,REG,NE,PIT,0,0,0,0,0,0,0,0,0,0,0,0,,,0,,0,0,0,0,0,0,,0,0,0,0,0,0,0,0,0,0,,0,,0.0,0.0,0.0,0,1,0,0,0,0,0,0.0,0.0,0,0,0,0,0,0,0,0,0,0,0,0,0,0,0,0,0,0,0,0,0,0,0,,,0,0,0,0,0,0,0,0,0,0,0,0,,,,0,0,0,0,0,0,0,,0,0,0,0,0,0.0,0.0
00-0039774,O.Speights,Omar Speights,LB,LB,"https://static.www.nfl.com/image/upload/f_auto,q_auto/league/amlicxegqeiqvmg9gko0",2025,3,REG,LA,PHI,0,0,0,0,0,0,0,0,0,0,0,0,,,0,,0,0,0,0,0,0,,0,0,0,0,0,0,0,0,0,0,,0,,0.0,0.0,0.0,0,4,0,0,0,0,0,0.0,0.0,0,0,0,0,0,0,0,0,0,0,0,0,0,0,0,0,0,0,0,0,0,0,0,,,0,0,0,0,0,0,0,0,0,0,0,0,,,,0,0,0,0,0,0,0,,0,0,0,0,0,0.0,0.0
00-0039776,J.McCollough,Jaylen McCollough,SAF,DB,"https://static.www.nfl.com/image/upload/f_auto,q_auto/league/ofhqho42cem1dxzez96u",2025,3,REG,LA,PHI,0,0,0,0,0,0,0,0,0,0,0,0,,,0,,0,0,0,0,0,0,,0,0,0,0,0,0,0,0,0,0,,0,,0.0,0.0,0.0,0,2,0,1,1,10,0,1.0,10.0,1,0,0,0,0,0,0,0,0,0,0,0,0,0,0,0,0,0,0,0,0,0,0,,,0,0,0,0,0,0,0,0,0,0,0,0,,,,0,0,0,0,0,0,0,,0,0,0,0,0,0.0,0.0
00-0039783,A.Goodlow,Anthony Goodlow,DE,DL,"https://static.www.nfl.com/image/upload/f_auto,q_auto/league/t0hwhg8j0fqbmwi2i5sd",2025,3,REG,ARI,SF,0,0,0,0,0,0,0,0,0,0,0,0,,,0,,0,0,0,0,0,0,,0,0,0,0,0,0,0,0,0,0,,0,,0.0,0.0,0.0,0,0,0,1,0,0,0,0.0,0.0,0,0,0,0,0,0,0,0,0,0,0,0,0,0,0,0,0,0,0,0,0,0,0,,,0,0,0,0,0,0,0,0,0,0,0,0,,,,0,0,0,0,0,0,0,,0,0,0,0,0,0.0,0.0
00-0039789,Q.Stiggers,Qwan'tez Stiggers,CB,DB,"https://static.www.nfl.com/image/upload/f_auto,q_auto/league/yiiqa5sbaclz4bvnpvul",2025,3,REG,NYJ,TB,0,0,0,0,0,0,0,0,0,0,0,0,,,0,,0,0,0,0,0,0,,0,0,0,0,0,0,0,0,0,0,,0,,0.0,0.0,0.0,0,1,0,0,0,0,0,0.0,0.0,0,0,0,0,0,0,0,0,0,0,0,0,0,0,0,0,0,0,0,0,0,0,0,,,0,0,0,0,0,0,0,0,0,0,0,0,,,,0,0,0,0,0,0,0,,0,0,0,0,0,0.0,0.0
00-0039790,O.Fashanu,Olumuyiwa Fashanu,OT,OL,"https://static.www.nfl.com/image/upload/f_auto,q_auto/league/clf1wkkpzzsrnffv8wew",2025,3,REG,NYJ,TB,0,0,0,0,0,0,0,0,0,0,0,0,,,0,,0,0,0,0,0,0,,0,0,0,0,0,0,0,0,0,0,,0,,0.0,0.0,0.0,0,0,0,0,0,0,0,0.0,0.0,0,0,0,0,0,0,0,0,0,0,0,0,0,2,15,0,0,0,0,0,0,0,0,,,0,0,0,0,0,0,0,0,0,0,0,0,,,,0,0,0,0,0,0,0,,0,0,0,0,0,0.0,0.0
00-0039792,D.Walker,Devontez Walker,WR,WR,"https://static.www.nfl.com/image/upload/f_auto,q_auto/league/d8qrpenynncwink7dqs2",2025,3,REG,BAL,DET,0,0,0,0,0,0,0,0,0,0,0,0,,,0,,0,0,0,0,0,0,,0,1,1,34,0,0,0,32,2,1,2.8129720741999336,0,1.0625,0.03571428571428571,0.11267605633802817,0.13244466800804827,0,0,0,0,0,0,0,0.0,0.0,0,0,0,0,0,0,0,0,0,0,0,0,0,0,0,0,0,0,0,0,0,0,0,,,0,0,0,0,0,0,0,0,0,0,0,0,,,,0,0,0,0,0,0,0,,0,0,0,0,0,3.4000000000000004,4.4
00-0039793,A.Barner,AJ Barner,TE,TE,"https://static.www.nfl.com/image/upload/f_auto,q_auto/league/ul77k5rqbqzd5zzqsaea",2025,3,REG,SEA,NO,0,0,0,0,0,0,0,0,0,0,0,0,,,0,,0,0,0,0,0,0,,0,1,1,23,0,0,0,20,3,1,2.031789250904694,0,1.15,0.05,0.12269938650306748,0.16088957055214725,0,0,0,0,0,0,0,0.0,0.0,0,0,0,0,0,0,0,0,0,0,0,0,0,0,0,0,0,0,0,0,0,0,0,,,0,0,0,0,0,0,0,0,0,0,0,0,,,,0,0,0,0,0,0,0,,0,0,0,0,0,2.3000000000000003,3.3000000000000003
00-0039794,B.Allen,Braelon Allen,RB,RB,"https://static.www.nfl.com/image/upload/f_auto,q_auto/league/pdaa8u0x2qepyklabdr3",2025,3,REG,NYJ,TB,0,0,0,0,0,0,0,0,0,0,0,0,,,0,,6,30,0,0,0,1,-2.266611744533293,0,2,2,17,0,0,0,8,9,1,1.0840646746219136,0,2.125,0.05714285714285714,0.049689440993788817,0.12049689440993788,0,0,0,0,0,0,0,0.0,0.0,0,0,0,0,0,0,0,0,0,0,0,0,0,0,0,0,0,3,76,0,0,0,0,,,0,0,0,0,0,0,0,0,0,0,0,0,,,,0,0,0,0,0,0,0,,0,0,0,0,0,4.7,6.7
00-0039796,R.Ali,Rasheen Ali,RB,RB,"https://static.www.nfl.com/image/upload/f_auto,q_auto/league/zwjrkzu3ia3cfrwgotqt",2025,3,REG,BAL,DET,0,0,0,0,0,0,0,0,0,0,0,0,,,0,,0,0,0,0,0,0,,0,0,0,0,0,0,0,0,0,0,,0,,0.0,0.0,0.0,0,0,0,1,0,0,0,0.0,0.0,0,0,0,0,0,0,0,0,0,0,0,0,0,0,0,0,0,4,105,0,0,0,0,,,0,0,0,0,0,0,0,0,0,0,0,0,,,,0,0,0,0,0,0,0,,0,0,0,0,0,0.0,0.0
00-0039798,I.Davis,Isaiah Davis,RB,RB,"https://static.www.nfl.com/image/upload/f_auto,q_auto/league/hsozhwgsuffsfrc4qdp2",2025,3,REG,NYJ,TB,0,0,0,0,0,0,0,0,0,0,0,0,,,0,,0,0,0,0,0,0,,0,0,0,0,0,0,0,0,0,0,,0,,0.0,0.0,0.0,0,0,0,2,0,0,0,0.0,0.0,0,0,0,0,0,0,0,0,0,0,0,0,0,0,0,0,0,3,81,0,0,0,0,,,0,0,0,0,0,0,0,0,0,0,0,0,,,,0,0,0,0,0,0,0,,0,0,0,0,0,0.0,0.0
00-0039807,M.Melton,Max Melton,CB,DB,"https://static.www.nfl.com/image/upload/f_auto,q_auto/league/inf9atuivxldaqlq8xdi",2025,3,REG,ARI,SF,0,0,0,0,0,0,0,0,0,0,0,0,,,0,,0,0,0,0,0,0,,0,0,0,0,0,0,0,0,0,0,,0,,0.0,0.0,0.0,0,2,0,1,0,0,0,0.0,0.0,0,0,0,0,0,0,0,0,0,0,0,0,0,0,0,0,0,0,0,0,0,0,0,,,0,0,0,0,0,0,0,0,0,0,0,0,,,,0,0,0,0,0,0,0,,0,0,0,0,0,0.0,0.0
00-0039809,J.Elliss,Jonah Elliss,LB,LB,"https://static.www.nfl.com/image/upload/f_auto,q_auto/league/f3dukr2ntse8qnsyhu3b",2025,3,REG,DEN,LAC,0,0,0,0,0,0,0,0,0,0,0,0,,,0,,0,0,0,0,0,0,,0,0,0,0,0,0,0,0,0,0,,0,,0.0,0.0,0.0,0,2,1,1,1,3,1,0.0,0.0,0,0,0,1,0,0,0,0,0,0,0,0,0,0,0,0,0,0,0,0,0,0,0,,,0,0,0,0,0,0,0,0,0,0,0,0,,,,0,0,0,0,0,0,0,,0,0,0,0,0,0.0,0.0
00-0039812,T.Hopper,Ty'Ron Hopper,LB,LB,"https://static.www.nfl.com/image/upload/f_auto,q_auto/league/taqdlsfufqh99ucbl5zm",2025,3,REG,GB,CLE,0,0,0,0,0,0,0,0,0,0,0,0,,,0,,0,0,0,0,0,0,,0,0,0,0,0,0,0,0,0,0,,0,,0.0,0.0,0.0,0,0,0,0,0,0,0,0.0,0.0,0,0,0,0,0,0,0,0,0,0,0,0,0,1,5,0,0,0,0,0,0,0,0,,,0,0,0,0,0,0,0,0,0,0,0,0,,,,0,0,0,0,0,0,0,,0,0,0,0,0,0.0,0.0
00-0039813,E.Williams,Evan Williams,SAF,DB,"https://static.www.nfl.com/image/upload/f_auto,q_auto/league/phwdofvsdjhqecxyx1kb",2025,3,REG,GB,CLE,0,0,0,0,0,0,0,0,0,0,0,0,,,0,,0,0,0,0,0,0,,0,0,0,0,0,0,0,0,0,0,,0,,0.0,0.0,0.0,0,3,1,2,0,0,0,0.0,0.0,0,0,0,0,0,0,0,0,0,0,0,0,0,1,3,0,0,0,0,0,0,0,0,,,0,0,0,0,0,0,0,0,0,0,0,0,,,,0,0,0,0,0,0,0,,0,0,0,0,0,0.0,0.0
00-0039815,T.Knight,Tyrice Knight,LB,LB,"https://static.www.nfl.com/image/upload/f_auto,q_auto/league/eqhzoc3hrxk94vxolfws",2025,3,REG,SEA,NO,0,0,0,0,0,0,0,0,0,0,0,0,,,0,,0,0,0,0,0,0,,0,0,0,0,0,0,0,0,0,0,,0,,0.0,0.0,0.0,0,2,1,2,0,0,0,0.0,0.0,0,0,0,0,0,0,0,0,0,0,0,0,0,0,0,0,0,0,0,0,0,0,0,,,0,0,0,0,0,0,0,0,0,0,0,0,,,,0,0,0,0,0,0,0,,0,0,0,0,0,0.0,0.0
00-0039816,A.Gould,Anthony Gould,WR,WR,"https://static.www.nfl.com/image/upload/f_auto,q_auto/league/kplzuye1iocg1vyec3ru",2025,3,REG,IND,TEN,0,0,0,0,0,0,0,0,0,0,0,0,,,0,,0,0,0,0,0,0,,0,0,0,0,0,0,0,0,0,0,,0,,0.0,0.0,0.0,0,0,0,0,0,0,0,0.0,0.0,0,0,0,0,0,0,0,0,0,0,0,0,0,0,0,0,0,3,104,0,0,0,0,,,0,0,0,0,0,0,0,0,0,0,0,0,,,,0,0,0,0,0,0,0,,0,0,0,0,0,0.0,0.0
00-0039821,A.Phillips,Andru Phillips,CB,DB,"https://static.www.nfl.com/image/upload/f_auto,q_auto/league/kh3iigah1t49ywg0scb9",2025,3,REG,NYG,KC,0,0,0,0,0,0,0,0,0,0,0,0,,,0,,0,0,0,0,0,0,,0,0,0,0,0,0,0,0,0,0,,0,,0.0,0.0,0.0,0,3,1,1,1,2,0,0.0,0.0,0,0,0,2,0,0,0,0,0,0,0,0,0,3,62,0,0,0,0,0,0,0,0,,,0,0,0,0,0,0,0,0,0,0,0,0,,,,0,0,0,0,0,0,0,,0,0,0,0,0,0.0,0.0
00-0039825,J.Hicks,Jaden Hicks,SAF,DB,"https://static.www.nfl.com/image/upload/f_auto,q_auto/league/lvcirt1ekbyj97v6mdzx",2025,3,REG,KC,NYG,0,0,0,0,0,0,0,0,0,0,0,0,,,0,,0,0,0,0,0,0,,0,0,0,0,0,0,0,0,0,0,,0,,0.0,0.0,0.0,0,1,0,0,0,0,0,0.0,0.0,0,0,0,0,0,0,0,0,0,0,0,0,0,0,0,0,0,0,0,0,0,0,0,,,0,0,0,0,0,0,0,0,0,0,0,0,,,,0,0,0,0,0,0,0,,0,0,0,0,0,0.0,0.0
00-0039826,J.Trotter,Jeremiah Trotter Jr.,LB,LB,"https://static.www.nfl.com/image/upload/f_auto,q_auto/league/fbgpf6iqljasd4h1miw2",2025,3,REG,PHI,LA,0,0,0,0,0,0,0,0,0,0,0,0,,,0,,0,0,0,0,0,0,,0,0,0,0,0,0,0,0,0,0,,0,,0.0,0.0,0.0,0,3,0,1,0,0,0,0.0,0.0,0,0,0,0,0,0,0,0,0,0,0,0,0,1,8,0,0,0,0,0,0,0,0,,,0,0,0,0,0,0,0,0,0,0,0,0,,,,0,0,0,0,0,0,0,,0,0,0,0,0,0.0,0.0
00-0039834,K.Kinchens,Kamren Kinchens,SAF,DB,"https://static.www.nfl.com/image/upload/f_auto,q_auto/league/ixanabxmodk5m1xp8u8s",2025,3,REG,LA,PHI,0,0,0,0,0,0,0,0,0,0,0,0,,,0,,0,0,0,0,0,0,,0,0,0,0,0,0,0,0,0,0,,0,,0.0,0.0,0.0,0,4,0,3,0,0,0,0.0,0.0,0,0,0,1,0,0,0,0,0,0,0,0,0,1,15,0,0,0,0,0,0,0,0,,,0,0,0,0,0,0,0,0,0,0,0,0,,,,0,0,0,0,0,0,0,,0,0,0,0,0,0.0,0.0
00-0039835,J.Eboigbe,Justin Eboigbe,DT,DL,"https://static.www.nfl.com/image/upload/f_auto,q_auto/league/gb5maqjfoxpesige0io1",2025,3,REG,LAC,DEN,0,0,0,0,0,0,0,0,0,0,0,0,,,0,,0,0,0,0,0,0,,0,0,0,0,0,0,0,0,0,0,,0,,0.0,0.0,0.0,0,0,0,1,0,0,0,0.0,0.0,1,0,0,0,0,0,0,0,0,0,0,0,0,0,0,0,0,0,0,0,0,0,0,,,0,0,0,0,0,0,0,0,0,0,0,0,,,,0,0,0,0,0,0,0,,0,0,0,0,0,0.0,0.0
00-0039836,B.Jackson,Brennan Jackson,LB,LB,"https://static.www.nfl.com/image/upload/f_auto,q_auto/league/aacqz576jq1ykkanftmc",2025,3,REG,LV,WAS,0,0,0,0,0,0,0,0,0,0,0,0,,,0,,0,0,0,0,0,0,,0,0,0,0,0,0,0,0,0,0,,0,,0.0,0.0,0.0,0,2,0,0,0,0,0,0.0,0.0,0,0,0,0,0,0,0,0,0,0,0,0,0,0,0,0,0,0,0,0,0,0,0,,,0,0,0,0,0,0,0,0,0,0,0,0,,,,0,0,0,0,0,0,0,,0,0,0,0,0,0.0,0.0
00-0039838,C.Bullock,Calen Bullock,SAF,DB,"https://static.www.nfl.com/image/upload/f_auto,q_auto/league/vmntsl9qah1vffuguarz",2025,3,REG,HOU,JAX,0,0,0,0,0,0,0,0,0,0,0,0,,,0,,0,0,0,0,0,0,,0,0,0,0,0,0,0,0,0,0,,0,,0.0,0.0,0.0,0,2,0,1,0,0,0,0.0,0.0,0,0,0,1,0,0,0,0,0,0,0,0,0,0,0,0,0,0,0,0,0,0,0,,,0,0,0,0,0,0,0,0,0,0,0,0,,,,0,0,0,0,0,0,0,,0,0,0,0,0,0.0,0.0
00-0039841,C.DeJean,Cooper DeJean,CB,DB,"https://static.www.nfl.com/image/upload/f_auto,q_auto/league/meqy50bhzwvghrwbtjg5",2025,3,REG,PHI,LA,0,0,0,0,0,0,0,0,0,0,0,0,,,0,,0,0,0,0,0,0,,0,0,0,0,0,0,0,0,0,0,,0,,0.0,0.0,0.0,0,5,0,4,1,2,0,0.0,0.0,0,0,0,0,0,0,0,0,0,0,0,0,0,0,0,0,0,0,0,0,0,0,0,,,0,0,0,0,0,0,0,0,0,0,0,0,,,,0,0,0,0,0,0,0,,0,0,0,0,0,0.0,0.0
00-0039846,T.Smith,Tykee Smith,SAF,DB,"https://static.www.nfl.com/image/upload/f_auto,q_auto/league/mjjhxgflmtw3byqbidfw",2025,3,REG,TB,NYJ,0,0,0,0,0,0,0,0,0,0,0,0,,,0,,0,0,0,0,0,0,,0,0,0,0,0,0,0,0,0,0,,0,,0.0,0.0,0.0,0,4,0,3,0,0,0,0.0,0.0,0,0,0,1,0,0,0,0,0,0,0,0,0,0,0,0,0,0,0,0,0,0,0,,,0,0,0,0,0,0,0,0,0,0,0,0,,,,0,0,0,0,0,0,0,,0,0,0,0,0,0.0,0.0
00-0039847,T.Johnson,Theo Johnson,TE,TE,"https://static.www.nfl.com/image/upload/f_auto,q_auto/league/naoiheinxogchairenzf",2025,3,REG,NYG,KC,0,0,0,0,0,0,0,0,0,0,0,0,,,0,,0,0,0,0,0,0,,0,1,2,10,0,0,0,7,13,1,-2.2952675381093286,0,1.4285714285714286,0.06666666666666667,0.02464788732394366,0.11725352112676057,0,0,0,0,0,0,0,0.0,0.0,0,0,0,0,0,0,0,0,0,0,0,0,0,0,0,0,0,0,0,0,0,0,0,,,0,0,0,0,0,0,0,0,0,0,0,0,,,,0,0,0,0,0,0,0,,0,0,0,0,0,1.0,2.0
00-0039849,M.Harrison,Marvin Harrison Jr.,WR,WR,"https://static.www.nfl.com/image/upload/f_auto,q_auto/league/hwpoo1icpnh8emjvqaii",2025,3,REG,ARI,SF,0,0,0,0,0,0,0,0,0,0,0,0,,,0,,0,0,0,0,0,0,,0,3,6,44,0,0,0,90,7,2,1.894034797907807,0,0.4888888888888889,0.17647058823529413,0.5084745762711864,0.6206380857427716,0,0,0,0,0,0,0,0.0,0.0,0,0,0,0,0,0,0,0,0,0,0,0,0,0,0,0,0,0,0,0,0,0,0,,,0,0,0,0,0,0,0,0,0,0,0,0,,,,0,0,0,0,0,0,0,,0,0,0,0,0,4.4,7.4
00-0039850,E.Cooper,Edgerrin Cooper,LB,LB,"https://static.www.nfl.com/image/upload/f_auto,q_auto/league/huidssokjxzmjjeyb80d",2025,3,REG,GB,CLE,0,0,0,0,0,0,0,0,0,0,0,0,,,0,,0,0,0,0,0,0,,0,0,0,0,0,0,0,0,0,0,,0,,0.0,0.0,0.0,0,2,0,2,0,0,0,0.0,0.0,0,0,0,1,0,0,0,0,0,0,0,0,0,0,0,0,0,0,0,0,0,0,0,,,0,0,0,0,0,0,0,0,0,0,0,0,,,,0,0,0,0,0,0,0,,0,0,0,0,0,0.0,0.0
00-0039851,D.Maye,Drake Maye,QB,QB,"https://static.www.nfl.com/image/upload/f_auto,q_auto/league/oyap81gtzcvnfmripis1",2025,3,REG,NE,PIT,28,37,268,2,1,5,-18,1,1,207,109,13,1.4129189930099528,7.905837976270252,0,1.2946859903381642,7,45,0,0,0,5,2.2358674210263416,0,0,0,0,0,0,0,0,0,0,,0,,0.0,0.0,0.0,0,0,0,0,0,0,0,0.0,0.0,0,0,0,0,0,0,0,0,0,0,0,0,0,0,0,0,0,0,0,0,0,0,0,,,0,0,0,0,0,0,0,0,0,0,0,0,,,,0,0,0,0,0,0,0,,0,0,0,0,0,19.22,19.22
00-0039852,J.Verse,Jared Verse,LB,LB,"https://static.www.nfl.com/image/upload/f_auto,q_auto/league/rapkhulnj8vsblkkgcca",2025,3,REG,LA,PHI,0,0,0,0,0,0,0,0,0,0,0,0,,,0,,0,0,0,0,0,0,,0,0,0,0,0,0,0,0,0,0,,0,,0.0,0.0,0.0,0,3,1,2,2,5,1,1.0,3.0,1,0,0,0,0,0,0,0,0,0,0,0,0,0,0,0,0,0,0,0,0,0,0,,,0,0,0,0,0,0,0,0,0,0,0,0,,,,0,0,0,0,0,0,0,,0,0,0,0,0,0.0,0.0
00-0039854,D.Robinson,Darius Robinson,DL,DL,"https://static.www.nfl.com/image/upload/f_auto,q_auto/league/lfmoncmd0jh5hj67eola",2025,3,REG,ARI,SF,0,0,0,0,0,0,0,0,0,0,0,0,,,0,,0,0,0,0,0,0,,0,0,0,0,0,0,0,0,0,0,,0,,0.0,0.0,0.0,0,1,0,0,0,0,0,0.0,0.0,0,0,0,0,0,0,0,0,0,0,0,0,0,0,0,0,0,0,0,0,0,0,0,,,0,0,0,0,0,0,0,0,0,0,0,0,,,,0,0,0,0,0,0,0,,0,0,0,0,0,0.0,0.0
00-0039858,C.Gray,Cedric Gray,LB,LB,"https://static.www.nfl.com/image/upload/f_auto,q_auto/league/v3hwfmdmrsjinn4f8o2y",2025,3,REG,TEN,IND,0,0,0,0,0,0,0,0,0,0,0,0,,,0,,0,0,0,0,0,0,,0,0,0,0,0,0,0,0,0,0,,0,,0.0,0.0,0.0,0,3,0,3,0,0,0,0.0,0.0,0,0,0,0,0,0,0,0,0,0,0,0,0,0,0,0,0,0,0,0,0,0,0,,,0,0,0,0,0,0,0,0,0,0,0,0,,,,0,0,0,0,0,0,0,,0,0,0,0,0,0.0,0.0
00-0039859,B.Dorlus,Brandon Dorlus,DE,DL,"https://static.www.nfl.com/image/upload/f_auto,q_auto/league/dl97qpbtsjpwrpuhfa9g",2025,3,REG,ATL,CAR,0,0,0,0,0,0,0,0,0,0,0,0,,,0,,0,0,0,0,0,0,,0,0,0,0,0,0,0,0,0,0,,0,,0.0,0.0,0.0,0,1,0,0,0,0,0,0.0,0.0,0,0,0,0,0,0,0,0,0,0,0,0,0,0,0,0,0,0,0,0,0,0,0,,,0,0,0,0,0,0,0,0,0,0,0,0,,,,0,0,0,0,0,0,0,,0,0,0,0,0,0.0,0.0
00-0039860,K.McKinstry,Kool-Aid McKinstry,CB,DB,"https://static.www.nfl.com/image/upload/f_auto,q_auto/league/grkovrh00bnekyi46niz",2025,3,REG,NO,SEA,0,0,0,0,0,0,0,0,0,0,0,0,,,0,,0,0,0,0,0,0,,0,0,0,0,0,0,0,0,0,0,,0,,0.0,0.0,0.0,0,1,0,0,0,0,0,0.0,0.0,0,0,0,0,0,0,0,0,0,0,0,0,0,0,0,0,0,0,0,0,0,0,0,,,0,0,0,0,0,0,0,0,0,0,0,0,,,,0,0,0,0,0,0,0,,0,0,0,0,0,0.0,0.0
00-0039861,T.Nubin,Tyler Nubin,SAF,DB,"https://static.www.nfl.com/image/upload/f_auto,q_auto/league/qsakq172gdexg9js8gs1",2025,3,REG,NYG,KC,0,0,0,0,0,0,0,0,0,0,0,0,,,0,,0,0,0,0,0,0,,0,0,0,0,0,0,0,0,0,0,,0,,0.0,0.0,0.0,0,5,0,0,1,3,0,0.0,0.0,0,0,0,0,0,0,0,0,0,0,0,0,0,0,0,0,0,0,0,0,0,0,0,,,0,0,0,0,0,0,0,0,0,0,0,0,,,,0,0,0,0,0,0,0,,0,0,0,0,0,0.0,0.0
00-0039864,D.Taylor-Demerson,Dadrion Taylor-Demerson,SAF,DB,"https://static.www.nfl.com/image/upload/f_auto,q_auto/league/sowjjszg6dsa2welwenx",2025,3,REG,ARI,SF,0,0,0,0,0,0,0,0,0,0,0,0,,,0,,0,0,0,0,0,0,,0,0,0,0,0,0,0,0,0,0,,0,,0.0,0.0,0.0,0,4,0,0,0,0,0,0.0,0.0,0,1,18,1,0,0,0,0,0,0,0,0,0,0,0,0,0,0,0,0,0,0,0,,,0,0,0,0,0,0,0,0,0,0,0,0,,,,0,0,0,0,0,0,0,,0,0,0,0,0,0.0,0.0
00-0039867,J.Bullard,Javon Bullard,SAF,DB,"https://static.www.nfl.com/image/upload/f_auto,q_auto/league/vag7xsajiqpambybsapn",2025,3,REG,GB,CLE,0,0,0,0,0,0,0,0,0,0,0,0,,,0,,0,0,0,0,0,0,,0,0,0,0,0,0,0,0,0,0,,0,,0.0,0.0,0.0,0,0,1,3,1,4,0,0.0,0.0,0,0,0,0,0,0,0,0,0,0,0,0,0,1,5,0,0,0,0,0,0,0,0,,,0,0,0,0,0,0,0,0,0,0,0,0,,,,0,0,0,0,0,0,0,,0,0,0,0,0,0.0,0.0
00-0039868,T.Franklin,Troy Franklin,WR,WR,"https://static.www.nfl.com/image/upload/f_auto,q_auto/league/belpdlyoda8cmzbvjkqh",2025,3,REG,DEN,LAC,0,0,0,0,0,0,0,0,0,0,0,0,,,0,,0,0,0,0,0,0,,0,2,4,8,0,0,0,12,15,0,-2.4839663737163704,0,0.6666666666666666,0.17391304347826086,0.04460966542750929,0.2920963310166478,0,0,0,0,0,0,0,0.0,0.0,0,0,0,0,0,0,0,0,0,0,0,0,0,1,10,0,0,0,0,0,0,0,0,,,0,0,0,0,0,0,0,0,0,0,0,0,,,,0,0,0,0,0,0,0,,0,0,0,0,0,0.8,2.8
00-0039871,T.Fautanu,Troy Fautanu,OT,OL,"https://static.www.nfl.com/image/upload/f_auto,q_auto/league/a9cndfqf5alglid0muel",2025,3,REG,PIT,NE,0,0,0,0,0,0,0,0,0,0,0,0,,,0,,0,0,0,0,0,0,,0,0,0,0,0,0,0,0,0,0,,0,,0.0,0.0,0.0,0,0,0,0,0,0,0,0.0,0.0,0,0,0,0,0,0,0,0,0,0,0,0,0,1,5,0,0,0,0,0,0,0,0,,,0,0,0,0,0,0,0,0,0,0,0,0,,,,0,0,0,0,0,0,0,,0,0,0,0,0,0.0,0.0
00-0039872,C.Bishop,Cole Bishop,SAF,DB,"https://static.www.nfl.com/image/upload/f_auto,q_auto/league/xvpwenwn8smwotkdso3a",2025,3,REG,BUF,MIA,0,0,0,0,0,0,0,0,0,0,0,0,,,0,,0,0,0,0,0,0,,0,0,0,0,0,0,0,0,0,0,,0,,0.0,0.0,0.0,0,4,0,1,0,0,0,0.0,0.0,0,0,0,0,0,0,0,0,0,0,0,0,0,0,0,0,0,0,0,0,0,0,0,,,0,0,0,0,0,0,0,0,0,0,0,0,,,,0,0,0,0,0,0,0,,0,0,0,0,0,0.0,0.0
00-0039875,R.Davis,Ray Davis,RB,RB,"https://static.www.nfl.com/image/upload/f_auto,q_auto/league/pm9llppbueodtjjj9u8l",2025,3,REG,BUF,MIA,0,0,0,0,0,0,0,0,0,0,0,0,,,0,,0,0,0,0,0,0,,0,0,1,0,0,0,0,7,0,0,-0.41357883089222014,0,0.0,0.037037037037037035,0.06306306306306306,0.09969969969969969,0,0,0,1,0,0,0,0.0,0.0,0,0,0,0,0,0,0,0,0,0,0,0,0,0,0,0,0,0,0,0,0,0,0,,,0,0,0,0,0,0,0,0,0,0,0,0,,,,0,0,0,0,0,0,0,,0,0,0,0,0,0.0,0.0
00-0039880,M.Washington,Malik Washington,WR,WR,"https://static.www.nfl.com/image/upload/f_auto,q_auto/league/kwcgtsbpd0rpwsgq2npe",2025,3,REG,MIA,BUF,0,0,0,0,0,0,0,0,0,0,0,0,,,0,,2,20,0,0,0,2,0.34316899318946525,0,3,5,12,0,0,0,17,12,0,-2.099640070227906,0,0.7058823529411765,0.15151515151515152,0.08333333333333333,0.28560606060606064,0,0,0,0,0,0,0,0.0,0.0,0,0,0,0,0,0,0,0,0,0,0,0,0,0,0,2,22,2,48,0,0,0,0,,,0,0,0,0,0,0,0,0,0,0,0,0,,,,0,0,0,0,0,0,0,,0,0,0,0,0,3.2,6.2
00-0039888,Q.Mitchell,Quinyon Mitchell,CB,DB,"https://static.www.nfl.com/image/upload/f_auto,q_auto/league/kkniksj5urk8jm7pzd1f",2025,3,REG,PHI,LA,0,0,0,0,0,0,0,0,0,0,0,0,,,0,,0,0,0,0,0,0,,0,0,0,0,0,0,0,0,0,0,,0,,0.0,0.0,0.0,0,4,0,1,0,0,0,0.0,0.0,0,0,0,0,0,0,0,0,0,0,0,0,0,1,17,0,0,0,0,0,0,0,0,,,0,0,0,0,0,0,0,0,0,0,0,0,,,,0,0,0,0,0,0,0,,0,0,0,0,0,0.0,0.0
00-0039890,A.Mitchell,Adonai Mitchell,WR,WR,"https://static.www.nfl.com/image/upload/f_auto,q_auto/league/sxrisbkwnsfhfglpohn1",2025,3,REG,IND,TEN,0,0,0,0,0,0,0,0,0,0,0,0,,,0,,0,0,0,0,0,0,,0,0,2,0,0,0,0,-1,0,0,-2.2875374539289623,0,0.0,0.08,-0.005714285714285714,0.11599999999999999,0,0,0,0,0,0,0,0.0,0.0,0,0,0,0,0,0,0,0,0,0,0,0,0,0,0,0,0,0,0,0,0,0,0,,,0,0,0,0,0,0,0,0,0,0,0,0,,,,0,0,0,0,0,0,0,,0,0,0,0,0,0.0,0.0
00-0039893,B.Thomas,Brian Thomas Jr.,WR,WR,"https://static.www.nfl.com/image/upload/f_auto,q_auto/league/plnekkriys4cm11rnxwl",2025,3,REG,JAX,HOU,0,0,0,0,0,0,0,0,0,0,0,0,,,0,,0,0,0,0,0,0,,0,2,6,55,0,0,0,64,32,2,0.363088831392004,0,0.859375,0.15789473684210525,0.20317460317460317,0.3790643274853801,0,0,0,0,0,0,0,0.0,0.0,0,0,0,0,0,0,0,0,0,0,0,0,0,0,0,0,0,0,0,0,0,0,0,,,0,0,0,0,0,0,0,0,0,0,0,0,,,,0,0,0,0,0,0,0,,0,0,0,0,0,5.5,7.5
00-0039896,Z.Frazier,Zach Frazier,C,OL,"https://static.www.nfl.com/image/upload/f_auto,q_auto/league/oxuh5tbhz1n1f1mjysql",2025,3,REG,PIT,NE,0,0,0,0,0,0,0,0,0,0,0,0,,,0,,0,0,0,0,0,0,,0,0,0,0,0,0,0,0,0,0,,0,,0.0,0.0,0.0,0,0,0,0,0,0,0,0.0,0.0,0,0,0,0,0,0,0,0,0,0,0,0,0,1,10,0,0,0,0,0,0,0,0,,,0,0,0,0,0,0,0,0,0,0,0,0,,,,0,0,0,0,0,0,0,,0,0,0,0,0,0.0,0.0
00-0039898,M.Sainristil,Mike Sainristil,CB,DB,"https://static.www.nfl.com/image/upload/f_auto,q_auto/league/udlw8qhbduz4z49jv3jm",2025,3,REG,WAS,LV,0,0,0,0,0,0,0,0,0,0,0,0,,,0,,0,0,0,0,0,0,,0,0,0,0,0,0,0,0,0,0,,0,,0.0,0.0,0.0,0,3,0,2,0,0,0,0.0,0.0,0,0,0,0,0,0,0,0,0,0,0,0,0,0,0,0,0,0,0,0,0,0,0,,,0,0,0,0,0,0,0,0,0,0,0,0,,,,0,0,0,0,0,0,0,,0,0,0,0,0,0.0,0.0
00-0039900,M.Kneeland,Marshawn Kneeland,DE,DL,"https://static.www.nfl.com/image/upload/f_auto,q_auto/league/ghcwtmz5knxwpnddbymm",2025,3,REG,DAL,CHI,0,0,0,0,0,0,0,0,0,0,0,0,,,0,,0,0,0,0,0,0,,0,0,0,0,0,0,0,0,0,0,,0,,0.0,0.0,0.0,0,2,0,1,2,12,0,0.0,0.0,0,0,0,0,0,0,0,0,0,0,0,0,0,0,0,0,0,0,0,0,0,0,0,,,0,0,0,0,0,0,0,0,0,0,0,0,,,,0,0,0,0,0,0,0,,0,0,0,0,0,0.0,0.0
00-0039901,K.Coleman,Keon Coleman,WR,WR,"https://static.www.nfl.com/image/upload/f_auto,q_auto/league/f3cx4kmpdmqftr79ueiv",2025,3,REG,BUF,MIA,0,0,0,0,0,0,0,0,0,0,0,0,,,0,,0,0,0,0,0,0,,0,3,4,20,0,0,0,13,15,1,1.1009011692367494,0,1.5384615384615385,0.14814814814814814,0.11711711711711711,0.3042042042042042,0,0,0,0,0,0,0,0.0,0.0,0,0,0,0,0,0,0,0,0,0,0,0,0,0,0,0,0,0,0,0,0,0,0,,,0,0,0,0,0,0,0,0,0,0,0,0,,,,0,0,0,0,0,0,0,,0,0,0,0,0,2.0,5.0
00-0039902,C.Braswell,Chris Braswell,LB,LB,"https://static.www.nfl.com/image/upload/f_auto,q_auto/league/u5abg52apl8dtgthu80k",2025,3,REG,TB,NYJ,0,0,0,0,0,0,0,0,0,0,0,0,,,0,,0,0,0,0,0,0,,0,0,0,0,0,0,0,0,0,0,,0,,0.0,0.0,0.0,0,2,0,0,0,0,0,0.0,0.0,0,0,0,0,0,0,0,0,0,0,0,0,0,0,0,0,0,0,0,0,0,0,0,,,0,0,0,0,0,0,0,0,0,0,0,0,,,,0,0,0,0,0,0,0,,0,0,0,0,0,0.0,0.0
00-0039903,T.Arnold,Terrion Arnold,CB,DB,"https://static.www.nfl.com/image/upload/f_auto,q_auto/league/h3rbtalyoblh2szat9qc",2025,3,REG,DET,BAL,0,0,0,0,0,0,0,0,0,0,0,0,,,0,,0,0,0,0,0,0,,0,0,0,0,0,0,0,0,0,0,,0,,0.0,0.0,0.0,0,2,0,1,0,0,0,0.0,0.0,0,0,0,0,0,0,0,0,0,0,0,0,0,1,16,0,0,0,0,0,0,0,0,,,0,0,0,0,0,0,0,0,0,0,0,0,,,,0,0,0,0,0,0,0,,0,0,0,0,0,0.0,0.0
00-0039904,J.Morgan,Jordan Morgan,OT,OL,"https://static.www.nfl.com/image/upload/f_auto,q_auto/league/g4afet48rjhc2wdcbu7l",2025,3,REG,GB,CLE,0,0,0,0,0,0,0,0,0,0,0,0,,,0,,0,0,0,0,0,0,,0,0,0,0,0,0,0,0,0,0,,0,,0.0,0.0,0.0,0,0,0,0,0,0,0,0.0,0.0,0,0,0,0,0,0,0,0,0,0,0,0,0,2,10,0,0,0,0,0,0,0,0,,,0,0,0,0,0,0,0,0,0,0,0,0,,,,0,0,0,0,0,0,0,,0,0,0,0,0,0.0,0.0
00-0039905,G.Barton,Graham Barton,C,OL,"https://static.www.nfl.com/image/upload/f_auto,q_auto/league/n5msbiirsuzkgu63vfrf",2025,3,REG,TB,NYJ,0,0,0,0,0,0,0,0,0,0,0,0,,,0,,0,0,0,0,0,0,,0,0,0,0,0,0,0,0,0,0,,0,,0.0,0.0,0.0,0,0,0,0,0,0,0,0.0,0.0,0,0,0,0,0,0,0,0,1,1,0,0,0,1,10,0,0,0,0,0,0,0,0,,,0,0,0,0,0,0,0,0,0,0,0,0,,,,0,0,0,0,0,0,0,,0,0,0,0,0,0.0,0.0
00-0039906,J.Newton,Jer'Zhan Newton,DT,DL,"https://static.www.nfl.com/image/upload/f_auto,q_auto/league/hgrxkwfkaiozsegi9sbp",2025,3,REG,WAS,LV,0,0,0,0,0,0,0,0,0,0,0,0,,,0,,0,0,0,0,0,0,,0,0,0,0,0,0,0,0,0,0,,0,,0.0,0.0,0.0,0,1,0,1,0,0,0,0.0,0.0,0,0,0,0,0,0,0,0,0,0,0,0,0,0,0,0,0,0,0,0,0,0,0,,,0,0,0,0,0,0,0,0,0,0,0,0,,,,0,0,0,0,0,0,0,,0,0,0,0,0,0.0,0.0
00-0039908,K.Jenkins,Kris Jenkins,DT,DL,"https://static.www.nfl.com/image/upload/f_auto,q_auto/league/nuyy0laahr8mf5dojflu",2025,3,REG,CIN,MIN,0,0,0,0,0,0,0,0,0,0,0,0,,,0,,0,0,0,0,0,0,,0,0,0,0,0,0,0,0,0,0,,0,,0.0,0.0,0.0,0,2,0,4,1,4,0,1.5,9.0,2,0,0,0,0,0,0,0,0,0,0,0,0,0,0,0,0,0,0,0,0,0,0,,,0,0,0,0,0,0,0,0,0,0,0,0,,,,0,0,0,0,0,0,0,,0,0,0,0,0,0.0,0.0
00-0039915,L.McConkey,Ladd McConkey,WR,WR,"https://static.www.nfl.com/image/upload/f_auto,q_auto/league/qsvdiebsa34jtkcrjpju",2025,3,REG,LAC,DEN,0,0,0,0,0,0,0,0,0,0,0,0,,,0,,0,0,0,0,0,0,,0,4,7,41,0,0,0,60,20,3,1.127125374856405,0,0.6833333333333333,0.15555555555555556,0.13986013986013987,0.33123543123543125,0,0,0,0,0,0,0,0.0,0.0,0,0,0,0,0,0,0,0,0,0,0,0,0,0,0,1,10,0,0,0,0,0,0,,,0,0,0,0,0,0,0,0,0,0,0,0,,,,0,0,0,0,0,0,0,,0,0,0,0,0,4.1000000000000005,8.100000000000001
00-0039916,R.Pearsall,Ricky Pearsall,WR,WR,"https://static.www.nfl.com/image/upload/f_auto,q_auto/league/ko3lwlcfkxaykcspt4nw",2025,3,REG,SF,ARI,0,0,0,0,0,0,0,0,0,0,0,0,,,0,,0,0,0,0,0,0,,0,8,11,117,0,0,0,163,10,6,4.035322000621818,0,0.7177914110429447,0.2894736842105263,0.5275080906148867,0.8034661897462101,0,0,0,0,0,0,0,0.0,0.0,0,0,0,0,0,0,0,0,0,0,0,0,0,0,0,0,0,0,0,0,0,0,0,,,0,0,0,0,0,0,0,0,0,0,0,0,,,,0,0,0,0,0,0,0,,0,0,0,0,0,11.700000000000001,19.700000000000003
00-0039917,M.Penix,Michael Penix Jr.,QB,QB,"https://static.www.nfl.com/image/upload/f_auto,q_auto/league/azvyjzp2sa8cnljbp3i7",2025,3,REG,ATL,CAR,18,36,172,0,2,0,0,0,0,296,92,10,-18.804658700747623,-12.546850390294018,0,0.581081081081081,2,9,0,0,0,0,-0.6872316775843501,0,0,0,0,0,0,0,0,0,0,,0,,0.0,0.0,0.0,0,0,0,0,0,0,0,0.0,0.0,0,0,0,0,0,0,0,0,0,0,0,0,0,0,0,0,0,0,0,0,0,0,0,,,0,0,0,0,0,0,0,0,0,0,0,0,,,,0,0,0,0,0,0,0,,0,0,0,0,0,3.78,3.78
00-0039918,C.Williams,Caleb Williams,QB,QB,"https://static.www.nfl.com/image/upload/f_auto,q_auto/league/h4qs11kutwiw7whekmyt",2025,3,REG,CHI,DAL,19,28,298,4,0,0,0,0,0,250,156,11,17.979574728623284,3.6546007863112857,0,1.192,5,12,0,0,0,0,-0.1486020561424084,0,0,0,0,0,0,0,0,0,0,,0,,0.0,0.0,0.0,0,0,0,0,0,0,0,0.0,0.0,0,0,0,0,0,0,0,0,0,0,0,0,0,0,0,0,0,0,0,0,0,0,0,,,0,0,0,0,0,0,0,0,0,0,0,0,,,,0,0,0,0,0,0,0,,0,0,0,0,0,29.12,29.12
00-0039919,R.Odunze,Rome Odunze,WR,WR,"https://static.www.nfl.com/image/upload/f_auto,q_auto/league/yqjdhpsno75du0n72u4w",2025,3,REG,CHI,DAL,0,0,0,0,0,0,0,0,0,0,0,0,,,0,,0,0,0,0,0,0,,0,3,7,62,1,0,0,79,23,3,2.571663144085341,0,0.7848101265822784,0.25,0.316,0.5962,0,0,0,0,0,0,0,0.0,0.0,0,0,0,0,0,0,0,0,0,0,0,0,0,0,0,0,0,0,0,0,0,0,0,,,0,0,0,0,0,0,0,0,0,0,0,0,,,,0,0,0,0,0,0,0,,0,0,0,0,0,12.2,15.2
00-0039921,T.Benson,Trey Benson,RB,RB,"https://static.www.nfl.com/image/upload/f_auto,q_auto/league/x2bxb0fd54ffwwdu5scz",2025,3,REG,ARI,SF,0,0,0,0,0,0,0,0,0,0,0,0,,,0,,10,42,0,0,0,2,-0.4994977593596559,0,3,4,9,0,0,0,-12,10,0,-3.138653556167845,0,-0.75,0.11764705882352941,-0.06779661016949153,0.12901296111665003,0,0,0,0,0,0,0,0.0,0.0,0,0,0,0,0,0,0,0,0,0,0,0,0,0,0,0,0,0,0,0,0,0,0,,,0,0,0,0,0,0,0,0,0,0,0,0,,,,0,0,0,0,0,0,0,,0,0,0,0,0,5.1000000000000005,8.100000000000001
00-0039924,D.Turner,Dallas Turner,LB,LB,"https://static.www.nfl.com/image/upload/f_auto,q_auto/league/ytexkn6nluavjbwmknrv",2025,3,REG,MIN,CIN,0,0,0,0,0,0,0,0,0,0,0,0,,,0,,0,0,0,0,0,0,,0,0,0,0,0,0,0,0,0,0,,0,,0.0,0.0,0.0,0,0,0,1,0,0,0,0.0,0.0,1,0,0,0,0,0,0,0,0,0,0,0,0,0,0,0,0,0,0,0,0,0,0,,,0,0,0,0,0,0,0,0,0,0,0,0,,,,0,0,0,0,0,0,0,,0,0,0,0,0,0.0,0.0
00-0039926,J.Sundell,Jalen Sundell,C,OL,"https://static.www.nfl.com/image/upload/f_auto,q_auto/league/ymw1mlr8v9aihxcb7ltm",2025,3,REG,SEA,NO,0,0,0,0,0,0,0,0,0,0,0,0,,,0,,0,0,0,0,0,0,,0,0,0,0,0,0,0,0,0,0,,0,,0.0,0.0,0.0,0,0,0,0,0,0,0,0.0,0.0,0,0,0,0,0,0,0,0,0,0,0,0,0,1,10,0,0,0,0,0,0,0,0,,,0,0,0,0,0,0,0,0,0,0,0,0,,,,0,0,0,0,0,0,0,,0,0,0,0,0,0.0,0.0
00-0040009,S.Williams,Savion Williams,WR,WR,"https://static.www.nfl.com/image/upload/f_auto,q_auto/league/fkhkv59ojmqixfxkzmno",2025,3,REG,GB,CLE,0,0,0,0,0,0,0,0,0,0,0,0,,,0,,2,-1,0,0,0,0,-1.3950486977118999,0,0,0,0,0,0,0,0,0,0,,0,,0.0,0.0,0.0,0,0,0,0,0,0,0,0.0,0.0,0,0,0,0,0,0,0,0,0,0,0,0,0,0,0,0,0,3,78,0,0,0,0,,,0,0,0,0,0,0,0,0,0,0,0,0,,,,0,0,0,0,0,0,0,,0,0,0,0,0,-0.1,-0.1
00-0040067,J.Wright,Jacardia Wright,RB,RB,"https://static.www.nfl.com/image/upload/f_auto,q_auto/league/tvfxv5q8uxf9k2wosp0q",2025,3,REG,SEA,NO,0,0,0,0,0,0,0,0,0,0,0,0,,,0,,5,20,0,0,0,1,0.04458629240980372,0,0,0,0,0,0,0,0,0,0,,0,,0.0,0.0,0.0,0,0,0,0,0,0,0,0.0,0.0,0,0,0,0,0,0,0,0,0,0,0,0,0,0,0,0,0,0,0,0,0,0,0,,,0,0,0,0,0,0,0,0,0,0,0,0,,,,0,0,0,0,0,0,0,,0,0,0,0,0,2.0,2.0
00-0040069,T.Buchanan,Teddye Buchanan,LB,LB,"https://static.www.nfl.com/image/upload/f_auto,q_auto/league/gdrupqieujvpskzimnbb",2025,3,REG,BAL,DET,0,0,0,0,0,0,0,0,0,0,0,0,,,0,,0,0,0,0,0,0,,0,0,0,0,0,0,0,0,0,0,,0,,0.0,0.0,0.0,0,3,1,4,0,0,0,0.0,0.0,0,0,0,0,0,0,0,0,0,0,0,0,0,0,0,0,0,0,0,0,0,0,0,,,0,0,0,0,0,0,0,0,0,0,0,0,,,,0,0,0,0,0,0,0,,0,0,0,0,0,0.0,0.0
00-0040072,J.Bassa,Jeffrey Bassa,LB,LB,"https://static.www.nfl.com/image/upload/f_auto,q_auto/league/bzt58zbyfoxwxe1nhczt",2025,3,REG,KC,NYG,0,0,0,0,0,0,0,0,0,0,0,0,,,0,,0,0,0,0,0,0,,0,0,0,0,0,0,0,0,0,0,,0,,0.0,0.0,0.0,0,1,0,0,0,0,0,0.0,0.0,0,0,0,0,0,0,0,0,0,0,0,0,0,0,0,0,0,0,0,0,0,0,0,,,0,0,0,0,0,0,0,0,0,0,0,0,,,,0,0,0,0,0,0,0,,0,0,0,0,0,0.0,0.0
00-0040074,T.Loop,Tyler Loop,K,SPEC,"https://static.www.nfl.com/image/upload/f_auto,q_auto/league/vp3vows5aq3sgnadgtjf",2025,3,REG,BAL,DET,0,0,0,0,0,0,0,0,0,0,0,0,,,0,,0,0,0,0,0,0,,0,0,0,0,0,0,0,0,0,0,,0,,0.0,0.0,0.0,0,0,0,0,0,0,0,0.0,0.0,0,0,0,0,0,0,0,0,0,0,0,0,0,1,0,0,0,0,0,1,1,0,0,41.0,1.0,0,0,0,1,0,0,0,0,0,0,0,0,41,,,41,0,0,3,3,0,0,1.0,0,0,0,0,0,0.0,0.0
00-0040075,L.Wester,LaJohntay Wester,WR,WR,"https://static.www.nfl.com/image/upload/f_auto,q_auto/league/grf2sg34y8tvysnqiamd",2025,3,REG,BAL,DET,0,0,0,0,0,0,0,0,0,0,0,0,,,0,,0,0,0,0,0,0,,0,0,0,0,0,0,0,0,0,0,,0,,0.0,0.0,0.0,0,0,0,0,0,0,0,0.0,0.0,0,0,0,0,0,0,0,0,0,0,0,0,0,0,0,3,31,0,0,0,0,0,0,,,0,0,0,0,0,0,0,0,0,0,0,0,,,,0,0,0,0,0,0,0,,0,0,0,0,0,0.0,0.0
00-0040076,A.Peebles,Aeneas Peebles,DT,DL,"https://static.www.nfl.com/image/upload/f_auto,q_auto/league/fi3wuv7cm3hx5xotrbaq",2025,3,REG,BAL,DET,0,0,0,0,0,0,0,0,0,0,0,0,,,0,,0,0,0,0,0,0,,0,0,0,0,0,0,0,0,0,0,,0,,0.0,0.0,0.0,0,0,0,1,0,0,0,0.0,0.0,1,0,0,0,0,0,0,0,0,0,0,0,0,0,0,0,0,0,0,0,0,0,0,,,0,0,0,0,0,0,0,0,0,0,0,0,,,,0,0,0,0,0,0,0,,0,0,0,0,0,0.0,0.0
00-0040078,B.Smith,Brashard Smith,RB,RB,"https://static.www.nfl.com/image/upload/f_auto,q_auto/league/u3t4csj7hhcgymvb8ldf",2025,3,REG,KC,NYG,0,0,0,0,0,0,0,0,0,0,0,0,,,0,,2,13,0,0,0,1,0.9616847439901903,0,0,1,0,0,0,0,0,0,0,-0.44117836869554594,0,,0.02857142857142857,0.0,0.04285714285714286,0,0,0,0,0,0,0,0.0,0.0,0,0,0,0,0,0,0,0,0,0,0,0,0,0,0,0,0,1,22,0,0,0,0,,,0,0,0,0,0,0,0,0,0,0,0,0,,,,0,0,0,0,0,0,0,,0,0,0,0,0,1.3,1.3
00-0040089,K.Knowles,Kevin Knowles,DB,DB,"https://static.www.nfl.com/image/upload/f_auto,q_auto/league/xgenulob3njuvpzrruvl",2025,3,REG,KC,NYG,0,0,0,0,0,0,0,0,0,0,0,0,,,0,,0,0,0,0,0,0,,0,0,0,0,0,0,0,0,0,0,,0,,0.0,0.0,0.0,0,2,0,1,0,0,0,0.0,0.0,0,0,0,0,0,0,0,0,0,0,0,0,0,0,0,0,0,0,0,0,0,0,0,,,0,0,0,0,0,0,0,0,0,0,0,0,,,,0,0,0,0,0,0,0,,0,0,0,0,0,0.0,0.0
00-0040100,J.Higgins,Jay Higgins,LB,LB,"https://static.www.nfl.com/image/upload/f_auto,q_auto/league/zsbevehh3h4bsqiyga5q",2025,3,REG,BAL,DET,0,0,0,0,0,0,0,0,0,0,0,0,,,0,,0,0,0,0,0,0,,0,0,0,0,0,0,0,0,0,0,,0,,0.0,0.0,0.0,0,0,0,1,0,0,0,0.0,0.0,0,0,0,0,0,0,0,0,0,0,0,0,0,0,0,0,0,0,0,0,0,0,0,,,0,0,0,0,0,0,0,0,0,0,0,0,,,,0,0,0,0,0,0,0,,0,0,0,0,0,0.0,0.0
00-0040116,J.Simmons,Josh Simmons,OT,OL,"https://static.www.nfl.com/image/upload/f_auto,q_auto/league/q6zopiqcmhy8fpsxvrdf",2025,3,REG,KC,NYG,0,0,0,0,0,0,0,0,0,0,0,0,,,0,,0,0,0,0,0,0,,0,0,0,0,0,0,0,0,0,0,,0,,0.0,0.0,0.0,0,0,0,0,0,0,0,0.0,0.0,0,0,0,0,0,0,0,0,0,0,0,0,0,1,10,0,0,0,0,0,0,0,0,,,0,0,0,0,0,0,0,0,0,0,0,0,,,,0,0,0,0,0,0,0,,0,0,0,0,0,0.0,0.0
00-0040118,C.McDonald,Cooper McDonald,LB,LB,"https://static.www.nfl.com/image/upload/f_auto,q_auto/league/v0oin5wbqdnsmsf5uckx",2025,3,REG,KC,NYG,0,0,0,0,0,0,0,0,0,0,0,0,,,0,,0,0,0,0,0,0,,0,0,0,0,0,0,0,0,0,0,,0,,0.0,0.0,0.0,0,0,0,1,0,0,0,0.0,0.0,0,0,0,0,0,0,0,0,0,0,0,0,0,0,0,0,0,0,0,0,0,0,0,,,0,0,0,0,0,0,0,0,0,0,0,0,,,,0,0,0,0,0,0,0,,0,0,0,0,0,0.0,0.0
00-0040122,A.Jeanty,Ashton Jeanty,RB,RB,"https://static.www.nfl.com/image/upload/f_auto,q_auto/league/syspis1mntov9kgspb7r",2025,3,REG,LV,WAS,0,0,0,0,0,0,0,0,0,0,0,0,,,0,,17,63,0,0,0,3,-5.297071947614197,0,0,0,0,0,0,0,0,0,0,,0,,0.0,0.0,0.0,0,0,0,0,0,0,0,0.0,0.0,0,0,0,0,0,0,0,0,0,0,0,0,0,0,0,0,0,0,0,0,0,0,0,,,0,0,0,0,0,0,0,0,0,0,0,0,,,,0,0,0,0,0,0,0,,0,0,0,0,0,6.300000000000001,6.300000000000001
00-0040124,T.McMillan,Tetairoa McMillan,WR,WR,"https://static.www.nfl.com/image/upload/f_auto,q_auto/league/hokqp6gl5xujtlqwecg8",2025,3,REG,CAR,ATL,0,0,0,0,0,0,0,0,0,0,0,0,,,0,,0,0,0,0,0,0,,0,3,8,48,0,0,0,78,15,3,0.09019754617474973,0,0.6153846153846154,0.3333333333333333,0.5864661654135338,0.9105263157894736,0,0,0,0,0,0,0,0.0,0.0,0,0,0,0,0,0,0,0,0,0,0,0,0,0,0,0,0,0,0,0,0,0,0,,,0,0,0,0,0,0,0,0,0,0,0,0,,,,0,0,0,0,0,0,0,,0,0,0,0,0,4.800000000000001,7.800000000000001
00-0040125,K.Banks,Kelvin Banks Jr.,OT,OL,"https://static.www.nfl.com/image/upload/f_auto,q_auto/league/pwjfoqwm1af7cjkw7pnr",2025,3,REG,NO,SEA,0,0,0,0,0,0,0,0,0,0,0,0,,,0,,0,0,0,0,0,0,,0,0,0,0,0,0,0,0,0,0,,0,,0.0,0.0,0.0,0,0,0,0,0,0,0,0.0,0.0,0,0,0,0,0,0,0,0,0,0,0,0,0,3,20,0,0,0,0,0,0,0,0,,,0,0,0,0,0,0,0,0,0,0,0,0,,,,0,0,0,0,0,0,0,,0,0,0,0,0,0.0,0.0
00-0040126,C.Loveland,Colston Loveland,TE,TE,"https://static.www.nfl.com/image/upload/f_auto,q_auto/league/tyjb6vfug7gaunvcune3",2025,3,REG,CHI,DAL,0,0,0,0,0,0,0,0,0,0,0,0,,,0,,0,0,0,0,0,0,,0,1,3,31,0,0,0,65,14,1,0.616963115055114,0,0.47692307692307695,0.10714285714285714,0.26,0.3427142857142857,0,0,0,0,0,0,0,0.0,0.0,0,0,0,0,0,0,0,0,0,0,0,0,0,0,0,0,0,0,0,0,0,0,0,,,0,0,0,0,0,0,0,0,0,0,0,0,,,,0,0,0,0,0,0,0,,0,0,0,0,0,3.1,4.1
00-0040127,K.Grant,Kenneth Grant,DT,DL,"https://static.www.nfl.com/image/upload/f_auto,q_auto/league/yzexkikgp5p8gt0pvsex",2025,3,REG,MIA,BUF,0,0,0,0,0,0,0,0,0,0,0,0,,,0,,0,0,0,0,0,0,,0,0,0,0,0,0,0,0,0,0,,0,,0.0,0.0,0.0,0,1,0,1,0,0,0,0.0,0.0,0,0,0,0,0,0,0,0,0,0,0,0,0,0,0,0,0,0,0,0,0,0,0,,,0,0,0,0,0,0,0,0,0,0,0,0,,,,0,0,0,0,0,0,0,,0,0,0,0,0,0.0,0.0
00-0040128,T.Warren,Tyler Warren,TE,TE,"https://static.www.nfl.com/image/upload/f_auto,q_auto/league/jt2almbzdk0kbha39otb",2025,3,REG,IND,TEN,0,0,0,0,0,0,0,0,0,0,0,0,,,0,,0,0,0,0,0,0,,0,3,5,38,0,0,0,7,40,2,2.1687726389500313,0,5.428571428571429,0.2,0.04,0.32800000000000007,0,0,0,0,0,0,0,0.0,0.0,0,0,0,0,0,0,0,0,0,0,0,0,0,0,0,0,0,0,0,0,0,0,0,,,0,0,0,0,0,0,0,0,0,0,0,0,,,,0,0,0,0,0,0,0,,0,0,0,0,0,3.8000000000000003,6.800000000000001
00-0040129,E.Egbuka,Emeka Egbuka,WR,WR,"https://static.www.nfl.com/image/upload/f_auto,q_auto/league/qolqqtwamffi0pi4np7h",2025,3,REG,TB,NYJ,0,0,0,0,0,0,0,0,0,0,0,0,,,0,,0,0,0,0,0,0,,0,6,8,85,0,0,0,92,21,4,4.30543331138324,0,0.9239130434782609,0.27586206896551724,0.39655172413793105,0.6913793103448276,0,0,0,0,0,0,0,0.0,0.0,0,0,0,0,0,0,0,0,0,0,0,0,0,0,0,0,0,0,0,0,0,0,0,,,0,0,0,0,0,0,0,0,0,0,0,0,,,,0,0,0,0,0,0,0,,0,0,0,0,0,8.5,14.5
00-0040130,J.Higgins,Jayden Higgins,WR,WR,"https://static.www.nfl.com/image/upload/f_auto,q_auto/league/wrdw1u4onrmfuuluuipk",2025,3,REG,HOU,JAX,0,0,0,0,0,0,0,0,0,0,0,0,,,0,,0,0,0,0,0,0,,0,1,1,5,0,0,0,5,0,1,0.7252379732672125,0,1.0,0.027777777777777776,0.017361111111111112,0.05381944444444444,0,0,0,0,0,0,0,0.0,0.0,0,0,0,0,0,0,0,0,0,0,0,0,0,0,0,0,0,0,0,0,0,0,0,,,0,0,0,0,0,0,0,0,0,0,0,0,,,,0,0,0,0,0,0,0,,0,0,0,0,0,0.5,1.5
00-0040131,K.Williams,Kyle Williams,WR,WR,"https://static.www.nfl.com/image/upload/f_auto,q_auto/league/bu31c2ino065kazsn541",2025,3,REG,NE,PIT,0,0,0,0,0,0,0,0,0,0,0,0,,,0,,0,0,0,0,0,0,,0,1,1,8,0,0,0,7,1,0,0.8721816702745855,0,1.1428571428571428,0.027777777777777776,0.033816425120772944,0.06533816425120773,0,0,0,0,0,0,0,0.0,0.0,0,0,0,0,0,0,0,0,0,0,0,0,0,0,0,0,0,0,0,0,0,0,0,,,0,0,0,0,0,0,0,0,0,0,0,0,,,,0,0,0,0,0,0,0,,0,0,0,0,0,0.8,1.8
00-0040133,A.Thomas,Azareye'h Thomas,CB,DB,"https://static.www.nfl.com/image/upload/f_auto,q_auto/league/yects9qe1kkzkmiunvok",2025,3,REG,NYJ,TB,0,0,0,0,0,0,0,0,0,0,0,0,,,0,,0,0,0,0,0,0,,0,0,0,0,0,0,0,0,0,0,,0,,0.0,0.0,0.0,0,0,0,0,0,0,0,0.0,0.0,0,0,0,1,0,0,0,0,0,0,0,0,0,0,0,0,0,0,0,0,0,0,0,,,0,0,0,0,0,0,0,0,0,0,0,0,,,,0,0,0,0,0,0,0,,0,0,0,0,0,0.0,0.0
00-0040137,J.Burch,Jordan Burch,LB,LB,"https://static.www.nfl.com/image/upload/f_auto,q_auto/league/rli6n2wa6jzapeiffwqj",2025,3,REG,ARI,SF,0,0,0,0,0,0,0,0,0,0,0,0,,,0,,0,0,0,0,0,0,,0,0,0,0,0,0,0,0,0,0,,0,,0.0,0.0,0.0,0,1,0,0,0,0,0,0.0,0.0,0,0,0,0,0,0,0,0,0,0,0,0,0,0,0,0,0,0,0,0,0,0,0,,,0,0,0,0,0,0,0,0,0,0,0,0,,,,0,0,0,0,0,0,0,,0,0,0,0,0,0.0,0.0
00-0040138,J.Noel,Jaylin Noel,WR,WR,"https://static.www.nfl.com/image/upload/f_auto,q_auto/league/dajbyvtsggwqinlijxnf",2025,3,REG,HOU,JAX,0,0,0,0,0,0,0,0,0,0,0,0,,,0,,0,0,0,0,0,0,,0,1,1,4,0,0,0,-4,8,0,-0.2522777244448662,0,0.0,0.027777777777777776,-0.013888888888888888,0.03194444444444444,0,0,0,0,0,0,0,0.0,0.0,0,0,0,0,0,0,0,0,0,0,0,0,0,0,0,2,11,2,53,0,0,0,0,,,0,0,0,0,0,0,0,0,0,0,0,0,,,,0,0,0,0,0,0,0,,0,0,0,0,0,0.4,1.4
00-0040140,D.Fairchild,Dylan Fairchild,G,OL,"https://static.www.nfl.com/image/upload/f_auto,q_auto/league/ujw65oq2betcbfqrw4qz",2025,3,REG,CIN,MIN,0,0,0,0,0,0,0,0,0,0,0,0,,,0,,0,0,0,0,0,0,,0,0,0,0,0,0,0,0,0,0,,0,,0.0,0.0,0.0,0,0,0,0,0,0,0,0.0,0.0,0,0,0,0,0,0,0,0,0,0,0,0,0,1,10,0,0,0,0,0,0,0,0,,,0,0,0,0,0,0,0,0,0,0,0,0,,,,0,0,0,0,0,0,0,,0,0,0,0,0,0.0,0.0
00-0040143,J.Parrish,Jacob Parrish,CB,DB,"https://static.www.nfl.com/image/upload/f_auto,q_auto/league/xspc6ojezhpflx0jorx4",2025,3,REG,TB,NYJ,0,0,0,0,0,0,0,0,0,0,0,0,,,0,,0,0,0,0,0,0,,0,0,0,0,0,0,0,0,0,0,,0,,0.0,0.0,0.0,0,4,0,1,1,10,0,1.0,10.0,2,0,0,0,0,0,0,0,0,0,0,0,0,0,0,0,0,0,0,0,0,0,0,,,0,0,0,0,0,0,0,0,0,0,0,0,,,,0,0,0,0,0,0,0,,0,0,0,0,0,0.0,0.0
00-0040144,J.Caldwell,Jamaree Caldwell,DT,DL,"https://static.www.nfl.com/image/upload/f_auto,q_auto/league/odlxf3hv35v963nnbhyw",2025,3,REG,LAC,DEN,0,0,0,0,0,0,0,0,0,0,0,0,,,0,,0,0,0,0,0,0,,0,0,0,0,0,0,0,0,0,0,,0,,0.0,0.0,0.0,0,1,0,2,0,0,0,0.0,0.0,0,0,0,0,0,0,0,0,0,0,0,0,0,0,0,0,0,0,0,0,0,0,0,,,0,0,0,0,0,0,0,0,0,0,0,0,,,,0,0,0,0,0,0,0,,0,0,0,0,0,0.0,0.0
00-0040148,X.Watts,Xavier Watts,SAF,DB,"https://static.www.nfl.com/image/upload/f_auto,q_auto/league/e0eyuvs0sknx8xytwbcm",2025,3,REG,ATL,CAR,0,0,0,0,0,0,0,0,0,0,0,0,,,0,,0,0,0,0,0,0,,0,0,0,0,0,0,0,0,0,0,,0,,0.0,0.0,0.0,0,7,1,1,0,0,0,0.0,0.0,0,0,0,0,0,0,0,0,0,0,0,0,0,0,0,0,0,0,0,0,0,0,0,,,0,0,0,0,0,0,0,0,0,0,0,0,,,,0,0,0,0,0,0,0,,0,0,0,0,0,0.0,0.0
00-0040152,U.Stout,Upton Stout,CB,DB,"https://static.www.nfl.com/image/upload/f_auto,q_auto/league/igyjtgzayft05v01yhuz",2025,3,REG,SF,ARI,0,0,0,0,0,0,0,0,0,0,0,0,,,0,,0,0,0,0,0,0,,0,0,0,0,0,0,0,0,0,0,,0,,0.0,0.0,0.0,0,3,0,2,0,0,0,0.0,0.0,0,0,0,1,0,0,0,0,0,0,0,0,0,0,0,0,0,0,0,0,0,0,0,,,0,0,0,0,0,0,0,0,0,0,0,0,,,,0,0,0,0,0,0,0,,0,0,0,0,0,0.0,0.0
00-0040154,T.Felton,Tai Felton,WR,WR,"https://static.www.nfl.com/image/upload/f_auto,q_auto/league/j7vkt74xeefchpraibnx",2025,3,REG,MIN,CIN,0,0,0,0,0,0,0,0,0,0,0,0,,,0,,0,0,0,0,0,0,,0,1,1,9,0,0,0,7,2,0,-0.4868191306013614,0,1.2857142857142858,0.041666666666666664,0.03723404255319149,0.08856382978723404,0,1,0,0,0,0,0,0.0,0.0,0,0,0,0,0,0,0,0,0,0,0,0,0,0,0,0,0,1,34,0,0,0,0,,,0,0,0,0,0,0,0,0,0,0,0,0,,,,0,0,0,0,0,0,0,,0,0,0,0,0,0.9,1.9
00-0040155,D.Stutsman,Danny Stutsman,LB,LB,"https://static.www.nfl.com/image/upload/f_auto,q_auto/league/nww5qdmhiifl2rgls4up",2025,3,REG,NO,SEA,0,0,0,0,0,0,0,0,0,0,0,0,,,0,,0,0,0,0,0,0,,0,0,0,0,0,0,0,0,0,0,,0,,0.0,0.0,0.0,0,2,0,0,0,0,0,0.0,0.0,0,0,0,0,0,0,0,0,0,0,0,0,0,0,0,0,0,0,0,0,0,0,0,,,0,0,0,0,0,0,0,0,0,0,0,0,,,,0,0,0,0,0,0,0,,0,0,0,0,0,0.0,0.0
00-0040156,B.Bowman,Billy Bowman Jr.,SAF,DB,"https://static.www.nfl.com/image/upload/f_auto,q_auto/league/dsgmlgxhg7smwfepuscl",2025,3,REG,ATL,CAR,0,0,0,0,0,0,0,0,0,0,0,0,,,0,,0,0,0,0,0,0,,0,0,0,0,0,0,0,0,0,0,,0,,0.0,0.0,0.0,0,3,0,1,0,0,0,0.0,0.0,0,0,0,0,0,0,0,0,0,0,0,0,0,0,0,0,0,0,0,0,0,0,0,,,0,0,0,0,0,0,0,0,0,0,0,0,,,,0,0,0,0,0,0,0,,0,0,0,0,0,0.0,0.0
00-0040157,B.Carter,Barrett Carter,LB,LB,"https://static.www.nfl.com/image/upload/f_auto,q_auto/league/lyoza4nusuj5ocndg663",2025,3,REG,CIN,MIN,0,0,0,0,0,0,0,0,0,0,0,0,,,0,,0,0,0,0,0,0,,0,0,0,0,0,0,0,0,0,0,,0,,0.0,0.0,0.0,0,1,0,3,0,0,0,0.0,0.0,0,0,0,0,0,0,0,0,0,0,0,0,0,0,0,0,0,0,0,0,0,0,0,,,0,0,0,0,0,0,0,0,0,0,0,0,,,,0,0,0,0,0,0,0,,0,0,0,0,0,0.0,0.0
00-0040159,L.Ransom,Lathan Ransom,SAF,DB,"https://static.www.nfl.com/image/upload/f_auto,q_auto/league/nfytveo0hvpm3whml1hv",2025,3,REG,CAR,ATL,0,0,0,0,0,0,0,0,0,0,0,0,,,0,,0,0,0,0,0,0,,0,0,0,0,0,0,0,0,0,0,,0,,0.0,0.0,0.0,0,4,0,1,0,0,1,0.0,0.0,0,0,0,0,0,0,0,0,0,0,0,0,0,0,0,0,0,0,0,0,0,0,0,,,0,0,0,0,0,0,0,0,0,0,0,0,,,,0,0,0,0,0,0,0,,0,0,0,0,0,0.0,0.0
00-0040160,J.Sawyer,Jack Sawyer,LB,LB,"https://static.www.nfl.com/image/upload/f_auto,q_auto/league/pspl1gft3xd6rycuyf15",2025,3,REG,PIT,NE,0,0,0,0,0,0,0,0,0,0,0,0,,,0,,0,0,0,0,0,0,,0,0,0,0,0,0,0,0,0,0,,0,,0.0,0.0,0.0,0,3,0,1,0,0,0,0.0,0.0,0,0,0,0,0,0,0,0,0,0,0,0,0,0,0,0,0,0,0,0,0,0,0,,,0,0,0,0,0,0,0,0,0,0,0,0,,,,0,0,0,0,0,0,0,,0,0,0,0,0,0.0,0.0
00-0040161,K.Kennard,Kyle Kennard,LB,LB,"https://static.www.nfl.com/image/upload/f_auto,q_auto/league/beyc1p4pefkpswtczp4x",2025,3,REG,LAC,DEN,0,0,0,0,0,0,0,0,0,0,0,0,,,0,,0,0,0,0,0,0,,0,0,0,0,0,0,0,0,0,0,,0,,0.0,0.0,0.0,0,0,0,1,0,0,0,0.0,0.0,0,0,0,0,0,0,0,0,0,0,0,0,0,0,0,0,0,0,0,0,0,0,0,,,0,0,0,0,0,0,0,0,0,0,0,0,,,,0,0,0,0,0,0,0,,0,0,0,0,0,0.0,0.0
00-0040162,D.Sampson,Dylan Sampson,RB,RB,"https://static.www.nfl.com/image/upload/f_auto,q_auto/league/den1hzzomdxfcsgk88o5",2025,3,REG,CLE,GB,0,0,0,0,0,0,0,0,0,0,0,0,,,0,,1,2,0,0,0,0,-1.3786404328420758,0,0,0,0,0,0,0,0,0,0,,0,,0.0,0.0,0.0,0,0,0,0,0,0,0,0.0,0.0,0,0,0,0,0,0,0,0,0,0,0,0,0,0,0,0,0,0,0,0,0,0,0,,,0,0,0,0,0,0,0,0,0,0,0,0,,,,0,0,0,0,0,0,0,,0,0,0,0,0,0.2,0.2
00-0040164,J.Lane,Jaylin Lane,WR,WR,"https://static.www.nfl.com/image/upload/f_auto,q_auto/league/ozgin9atyuq92buo2eoa",2025,3,REG,WAS,LV,0,0,0,0,0,0,0,0,0,0,0,0,,,0,,0,0,0,0,0,0,,0,1,2,-2,0,0,0,15,2,0,-2.5092005020032846,0,-0.13333333333333333,0.1111111111111111,0.0949367088607595,0.2331223628691983,1,0,0,0,0,0,0,0.0,0.0,0,0,0,0,0,0,0,0,0,0,0,0,0,0,0,5,127,0,0,0,0,0,0,,,0,0,0,0,0,0,0,0,0,0,0,0,,,,0,0,0,0,0,0,0,,0,0,0,0,0,5.8,6.8
00-0040165,M.Moore,Malachi Moore,SAF,DB,"https://static.www.nfl.com/image/upload/f_auto,q_auto/league/p8qkvfe7fk7yst0mne5m",2025,3,REG,NYJ,TB,0,0,0,0,0,0,0,0,0,0,0,0,,,0,,0,0,0,0,0,0,,0,0,0,0,0,0,0,0,0,0,,0,,0.0,0.0,0.0,0,2,0,2,0,0,0,0.0,0.0,0,0,0,0,0,0,0,0,0,0,0,0,0,0,0,0,0,0,0,0,0,0,0,,,0,0,0,0,0,0,0,0,0,0,0,0,,,,0,0,0,0,0,0,0,,0,0,0,0,0,0.0,0.0
00-0040166,Q.Riley,Quincy Riley,CB,DB,"https://static.www.nfl.com/image/upload/f_auto,q_auto/league/q4qlahpfgvbren4xt0pj",2025,3,REG,NO,SEA,0,0,0,0,0,0,0,0,0,0,0,0,,,0,,0,0,0,0,0,0,,0,0,0,0,0,0,0,0,0,0,,0,,0.0,0.0,0.0,0,1,0,0,0,0,1,0.0,0.0,0,0,0,0,0,0,0,0,0,0,0,0,0,0,0,0,0,0,0,0,0,0,0,,,0,0,0,0,0,0,0,0,0,0,0,0,,,,0,0,0,0,0,0,0,,0,0,0,0,0,0.0,0.0
00-0040170,E.Ayomanor,Elic Ayomanor,WR,WR,"https://static.www.nfl.com/image/upload/f_auto,q_auto/league/aekfvt5nyl69emvxr2yj",2025,3,REG,TEN,IND,0,0,0,0,0,0,0,0,0,0,0,0,,,0,,0,0,0,0,0,0,,0,4,5,38,1,0,0,39,7,3,5.916098660323769,0,0.9743589743589743,0.14705882352941177,0.21081081081081082,0.3681558028616852,0,0,0,0,0,0,0,0.0,0.0,0,0,0,0,0,0,0,0,0,0,0,0,0,0,0,0,0,0,0,0,0,0,0,,,0,0,0,0,0,0,0,0,0,0,0,0,,,,0,0,0,0,0,0,0,,0,0,0,0,0,9.8,13.8
00-0040171,J.Farmer,Joshua Farmer,DT,DL,"https://static.www.nfl.com/image/upload/f_auto,q_auto/league/az6rfypeom5vj5xymqbw",2025,3,REG,NE,PIT,0,0,0,0,0,0,0,0,0,0,0,0,,,0,,0,0,0,0,0,0,,0,0,0,0,0,0,0,0,0,0,,0,,0.0,0.0,0.0,0,0,1,0,1,2,0,0.0,0.0,0,0,0,0,0,0,0,0,0,0,0,0,0,0,0,0,0,0,0,0,0,0,0,,,0,0,0,0,0,0,0,0,0,0,0,0,,,,0,0,0,0,0,0,0,,0,0,0,0,0,0.0,0.0
00-0040173,T.Ingram-Dawkins,Tyrion Ingram-Dawkins,DT,DL,"https://static.www.nfl.com/image/upload/f_auto,q_auto/league/lkpgbo1ftwfrp18wrbxv",2025,3,REG,MIN,CIN,0,0,0,0,0,0,0,0,0,0,0,0,,,0,,0,0,0,0,0,0,,0,0,0,0,0,0,0,0,0,0,,0,,0.0,0.0,0.0,0,1,0,0,0,0,0,0.0,0.0,0,0,0,0,0,0,0,0,0,0,0,0,0,0,0,0,0,0,0,0,0,0,0,,,0,0,0,0,0,0,0,0,0,0,0,0,,,,0,0,0,0,0,0,0,,0,0,0,0,0,0.0,0.0
00-0040174,C.Jackson,Cam Jackson,DT,DL,"https://static.www.nfl.com/image/upload/f_auto,q_auto/league/xxxuppsldwpxstrwfo9u",2025,3,REG,CAR,ATL,0,0,0,0,0,0,0,0,0,0,0,0,,,0,,0,0,0,0,0,0,,0,0,0,0,0,0,0,0,0,0,,0,,0.0,0.0,0.0,0,1,0,1,0,0,0,0.0,0.0,0,0,0,0,0,0,0,0,0,0,0,0,0,0,0,0,0,0,0,0,0,0,0,,,0,0,0,0,0,0,0,0,0,0,0,0,,,,0,0,0,0,0,0,0,,0,0,0,0,0,0.0,0.0
00-0040178,J.Marshall,Jason Marshall Jr.,CB,DB,"https://static.www.nfl.com/image/upload/f_auto,q_auto/league/chf1ow0awwha9hrcoqxc",2025,3,REG,MIA,BUF,0,0,0,0,0,0,0,0,0,0,0,0,,,0,,0,0,0,0,0,0,,0,0,0,0,0,0,0,0,0,0,,0,,0.0,0.0,0.0,0,1,0,0,0,0,0,0.0,0.0,0,0,0,0,0,0,0,0,0,0,0,0,0,0,0,0,0,0,0,0,0,0,0,,,0,0,0,0,0,0,0,0,0,0,0,0,,,,0,0,0,0,0,0,0,,0,0,0,0,0,0.0,0.0
00-0040179,D.Giddens,DJ Giddens,RB,RB,"https://static.www.nfl.com/image/upload/f_auto,q_auto/league/uohb3wkn00ew1chqyjue",2025,3,REG,IND,TEN,0,0,0,0,0,0,0,0,0,0,0,0,,,0,,1,3,0,0,0,0,-0.7433745106682181,0,0,0,0,0,0,0,0,0,0,,0,,0.0,0.0,0.0,0,0,0,0,0,0,0,0.0,0.0,0,0,0,0,0,0,0,0,0,0,0,0,0,0,0,0,0,0,0,0,0,0,0,,,0,0,0,0,0,0,0,0,0,0,0,0,,,,0,0,0,0,0,0,0,,0,0,0,0,0,0.30000000000000004,0.30000000000000004
00-0040182,D.Trader,Dante Trader Jr.,SAF,DB,"https://static.www.nfl.com/image/upload/f_auto,q_auto/league/nffbi3a32ngmczzvxcz0",2025,3,REG,MIA,BUF,0,0,0,0,0,0,0,0,0,0,0,0,,,0,,0,0,0,0,0,0,,0,0,0,0,0,0,0,0,0,0,,0,,0.0,0.0,0.0,0,2,0,1,0,0,0,0.0,0.0,0,0,0,0,0,0,0,0,0,0,0,0,0,0,0,0,0,0,0,0,0,0,0,,,0,0,0,0,0,0,0,0,0,0,0,0,,,,0,0,0,0,0,0,0,,0,0,0,0,0,0.0,0.0
00-0040183,E.Roberts,Elijah Roberts,DE,DL,"https://static.www.nfl.com/image/upload/f_auto,q_auto/league/wbr8dtnyw18fpq6tt7lh",2025,3,REG,TB,NYJ,0,0,0,0,0,0,0,0,0,0,0,0,,,0,,0,0,0,0,0,0,,0,0,0,0,0,0,0,0,0,0,,0,,0.0,0.0,0.0,0,0,0,0,0,0,0,0.0,0.0,1,0,0,1,0,0,0,0,0,0,0,0,0,0,0,0,0,0,0,0,0,0,0,,,0,0,0,0,0,0,0,0,0,0,0,0,,,,0,0,0,0,0,0,0,,0,0,0,0,0,0.0,0.0
00-0040185,M.Sigle,Marques Sigle,SAF,DB,"https://static.www.nfl.com/image/upload/f_auto,q_auto/league/njl59cs0r2vlnob8uz8k",2025,3,REG,SF,ARI,0,0,0,0,0,0,0,0,0,0,0,0,,,0,,0,0,0,0,0,0,,0,0,0,0,0,0,0,0,0,0,,0,,0.0,0.0,0.0,0,2,0,5,0,0,0,0.0,0.0,0,0,0,0,0,0,0,0,0,0,0,0,0,0,0,0,0,0,0,0,0,0,0,,,0,0,0,0,0,0,0,0,0,0,0,0,,,,0,0,0,0,0,0,0,,0,0,0,0,0,0.0,0.0
00-0040186,F.Mauigoa,Francisco Mauigoa,LB,LB,"https://static.www.nfl.com/image/upload/f_auto,q_auto/league/e9v5ipktxb3yepsq0abj",2025,3,REG,NYJ,TB,0,0,0,0,0,0,0,0,0,0,0,0,,,0,,0,0,0,0,0,0,,0,0,0,0,0,0,0,0,0,0,,0,,0.0,0.0,0.0,0,2,0,1,0,0,0,0.0,0.0,0,0,0,0,0,0,0,0,0,0,0,0,0,0,0,0,0,0,0,0,0,0,0,,,0,0,0,0,0,0,0,0,0,0,0,0,,,,0,0,0,0,0,0,0,,0,0,0,0,0,0.0,0.0
00-0040187,M.Evans,Mitchell Evans,TE,TE,"https://static.www.nfl.com/image/upload/f_auto,q_auto/league/gbu3iik4i1mi6vllmwlz",2025,3,REG,CAR,ATL,0,0,0,0,0,0,0,0,0,0,0,0,,,0,,0,0,0,0,0,0,,0,1,1,9,0,0,0,7,2,0,0.8080747004132718,0,1.2857142857142858,0.041666666666666664,0.05263157894736842,0.0993421052631579,0,0,0,0,0,0,0,0.0,0.0,0,0,0,0,0,0,0,0,0,0,0,0,0,0,0,0,0,0,0,0,0,0,0,,,0,0,0,0,0,0,0,0,0,0,0,0,,,,0,0,0,0,0,0,0,,0,0,0,0,0,0.9,1.9
00-0040188,Y.Black,Yahya Black,DE,DL,"https://static.www.nfl.com/image/upload/f_auto,q_auto/league/nhynksyggst8wuiprrfo",2025,3,REG,PIT,NE,0,0,0,0,0,0,0,0,0,0,0,0,,,0,,0,0,0,0,0,0,,0,0,0,0,0,0,0,0,0,0,,0,,0.0,0.0,0.0,0,0,0,2,0,0,0,0.0,0.0,0,0,0,0,0,0,0,0,0,0,0,0,0,0,0,0,0,0,0,0,0,0,0,,,0,0,0,0,0,0,0,0,0,0,0,0,,,,0,0,0,0,0,0,0,,0,0,0,0,0,0.0,0.0
00-0040189,O.Gadsden,Oronde Gadsden II,TE,TE,"https://static.www.nfl.com/image/upload/f_auto,q_auto/league/r8b4oghjwhw8x9nv1wbs",2025,3,REG,LAC,DEN,0,0,0,0,0,0,0,0,0,0,0,0,,,0,,0,0,0,0,0,0,,0,5,7,46,0,0,0,58,6,3,0.4117002264384091,0,0.7931034482758621,0.15555555555555556,0.1351981351981352,0.32797202797202796,0,0,0,0,0,0,0,0.0,0.0,0,0,0,0,0,0,0,0,0,0,0,0,0,0,0,0,0,0,0,0,0,0,0,,,0,0,0,0,0,0,0,0,0,0,0,0,,,,0,0,0,0,0,0,0,,0,0,0,0,0,4.6000000000000005,9.600000000000001
00-0040194,J.Hawes,Jackson Hawes,TE,TE,"https://static.www.nfl.com/image/upload/f_auto,q_auto/league/nmulibermshvvmemgupo",2025,3,REG,BUF,MIA,0,0,0,0,0,0,0,0,0,0,0,0,,,0,,0,0,0,0,0,0,,0,1,1,5,1,0,0,5,0,1,1.2418541174265556,0,1.0,0.037037037037037035,0.04504504504504504,0.08708708708708708,0,0,0,0,0,0,0,0.0,0.0,0,0,0,0,0,0,0,0,0,0,0,0,0,0,0,0,0,0,0,0,0,0,0,,,0,0,0,0,0,0,0,0,0,0,0,0,,,,0,0,0,0,0,0,0,,0,0,0,0,0,6.5,7.5
00-0040195,D.Burke,Denzel Burke,CB,DB,"https://static.www.nfl.com/image/upload/f_auto,q_auto/league/bbw1bwj7tnuiv8vyc48b",2025,3,REG,ARI,SF,0,0,0,0,0,0,0,0,0,0,0,0,,,0,,0,0,0,0,0,0,,0,0,0,0,0,0,0,0,0,0,,0,,0.0,0.0,0.0,0,2,0,0,0,0,0,0.0,0.0,0,0,0,0,0,0,0,0,0,0,0,0,0,1,5,0,0,0,0,0,0,0,0,,,0,0,0,0,0,0,0,0,0,0,0,0,,,,0,0,0,0,0,0,0,,0,0,0,0,0,0.0,0.0
00-0040196,T.Baron,Tyler Baron,DE,DL,"https://static.www.nfl.com/image/upload/f_auto,q_auto/league/v9mbzoaeie7jm6jt4gdx",2025,3,REG,NYJ,TB,0,0,0,0,0,0,0,0,0,0,0,0,,,0,,0,0,0,0,0,0,,0,0,0,0,0,0,0,0,0,0,,0,,0.0,0.0,0.0,0,1,0,2,0,0,0,0.0,0.0,0,0,0,0,0,0,0,0,0,0,0,0,0,0,0,0,0,0,0,0,0,0,0,,,0,0,0,0,0,0,0,0,0,0,0,0,,,,0,0,0,0,0,0,0,,0,0,0,0,0,0.0,0.0
00-0040197,D.Strong,Dorian Strong,CB,DB,"https://static.www.nfl.com/image/upload/f_auto,q_auto/league/alxdcy6excheslkfjcfk",2025,3,REG,BUF,MIA,0,0,0,0,0,0,0,0,0,0,0,0,,,0,,0,0,0,0,0,0,,0,0,0,0,0,0,0,0,0,0,,0,,0.0,0.0,0.0,0,1,0,1,0,0,0,0.0,0.0,0,0,0,0,0,0,0,0,0,0,0,0,0,0,0,0,0,0,0,0,0,0,0,,,0,0,0,0,0,0,0,0,0,0,0,0,,,,0,0,0,0,0,0,0,,0,0,0,0,0,0.0,0.0
00-0040198,O.Gordon,Ollie Gordon II,RB,RB,"https://static.www.nfl.com/image/upload/f_auto,q_auto/league/bv33rgypaauv7sealwkr",2025,3,REG,MIA,BUF,0,0,0,0,0,0,0,0,0,0,0,0,,,0,,9,38,1,0,0,4,2.2565005787764676,0,0,0,0,0,0,0,0,0,0,,0,,0.0,0.0,0.0,0,0,0,0,0,0,0,0.0,0.0,0,0,0,0,0,0,0,0,0,0,0,0,0,0,0,0,0,0,0,0,0,0,0,,,0,0,0,0,0,0,0,0,0,0,0,0,,,,0,0,0,0,0,0,0,,0,0,0,0,0,9.8,9.8
00-0040200,A.Borregales,Andy Borregales,K,SPEC,"https://static.www.nfl.com/image/upload/f_auto,q_auto/league/jgxnjxhysqwqk4fgf1ke",2025,3,REG,NE,PIT,0,0,0,0,0,0,0,0,0,0,0,0,,,0,,0,0,0,0,0,0,,0,0,0,0,0,0,0,0,0,0,,0,,0.0,0.0,0.0,0,0,0,0,0,0,0,0.0,0.0,0,0,0,0,0,0,0,0,0,0,0,0,0,0,0,0,0,0,0,0,0,0,0,,,0,0,0,0,0,0,0,0,0,0,0,0,,,,0,0,0,2,2,0,0,1.0,0,0,0,0,0,0.0,0.0
00-0040208,T.Brooks,Tahj Brooks,RB,RB,"https://static.www.nfl.com/image/upload/f_auto,q_auto/league/wi7smnfts8t04wnd0n3p",2025,3,REG,CIN,MIN,0,0,0,0,0,0,0,0,0,0,0,0,,,0,,5,17,0,0,0,0,-0.9963334002532065,0,0,0,0,0,0,0,0,0,0,,0,,0.0,0.0,0.0,0,2,0,0,0,0,0,0.0,0.0,0,0,0,0,0,0,0,0,0,0,0,0,0,0,0,0,0,0,0,0,0,0,0,,,0,0,0,0,0,0,0,0,0,0,0,0,,,,0,0,0,0,0,0,0,,0,0,0,0,0,1.7000000000000002,1.7000000000000002
00-0040213,R.Lane,Rayuan Lane III,SAF,DB,"https://static.www.nfl.com/image/upload/f_auto,q_auto/league/emzamsuwuuxtpw4natjw",2025,3,REG,JAX,HOU,0,0,0,0,0,0,0,0,0,0,0,0,,,0,,0,0,0,0,0,0,,0,0,0,0,0,0,0,0,0,0,,0,,0.0,0.0,0.0,0,1,0,0,0,0,0,0.0,0.0,0,0,0,0,0,0,0,0,0,0,0,0,0,0,0,0,0,0,0,0,0,0,0,,,0,0,0,0,0,0,0,0,0,0,0,0,,,,0,0,0,0,0,0,0,,0,0,0,0,0,0.0,0.0
00-0040214,K.King,Kobe King,LB,LB,"https://static.www.nfl.com/image/upload/f_auto,q_auto/league/eyinq2ypsxznbraykwtv",2025,3,REG,MIN,CIN,0,0,0,0,0,0,0,0,0,0,0,0,,,0,,0,0,0,0,0,0,,0,0,0,0,0,0,0,0,0,0,,0,,0.0,0.0,0.0,0,0,0,1,0,0,0,0.0,0.0,0,0,0,0,0,0,0,0,0,0,0,0,0,0,0,0,0,0,0,0,0,0,0,,,0,0,0,0,0,0,0,0,0,0,0,0,,,,0,0,0,0,0,0,0,,0,0,0,0,0,0.0,0.0
00-0040221,R.Mickens,R.J. Mickens,SAF,DB,"https://static.www.nfl.com/image/upload/f_auto,q_auto/league/ukzfqydyiezmemut0zoe",2025,3,REG,LAC,DEN,0,0,0,0,0,0,0,0,0,0,0,0,,,0,,0,0,0,0,0,0,,0,0,0,0,0,0,0,0,0,0,,0,,0.0,0.0,0.0,0,1,0,0,0,0,0,0.0,0.0,0,0,0,0,0,0,0,0,0,0,0,0,0,0,0,0,0,0,0,0,0,0,0,,,0,0,0,0,0,0,0,0,0,0,0,0,,,,0,0,0,0,0,0,0,,0,0,0,0,0,0.0,0.0
00-0040223,J.Crawshaw,Jeremy Crawshaw,P,SPEC,"https://static.www.nfl.com/image/upload/f_auto,q_auto/league/nqnll8kqdpeuajt2lkyx",2025,3,REG,DEN,LAC,0,0,0,0,0,0,0,0,0,0,0,0,,,0,,0,0,0,0,0,0,,0,0,0,0,0,0,0,0,0,0,,0,,0.0,0.0,0.0,0,0,0,1,0,0,0,0.0,0.0,0,0,0,0,0,0,0,0,0,0,0,0,0,0,0,0,0,0,0,0,0,0,0,,,0,0,0,0,0,0,0,0,0,0,0,0,,,,0,0,0,0,0,0,0,,0,0,0,0,0,0.0,0.0
00-0040230,K.Crawford,Kitan Crawford,SAF,DB,"https://static.www.nfl.com/image/upload/f_auto,q_auto/league/yitfnwsstvdstxcktfh6",2025,3,REG,ARI,SF,0,0,0,0,0,0,0,0,0,0,0,0,,,0,,0,0,0,0,0,0,,0,0,0,0,0,0,0,0,0,0,,0,,0.0,0.0,0.0,0,1,0,1,0,0,0,0.0,0.0,0,0,0,0,0,0,0,0,0,0,0,0,0,0,0,0,0,0,0,0,0,0,0,,,0,0,0,0,0,0,0,0,0,0,0,0,,,,0,0,0,0,0,0,0,,0,0,0,0,0,0.0,0.0
00-0040236,K.Monangai,Kyle Monangai,RB,RB,"https://static.www.nfl.com/image/upload/f_auto,q_auto/league/cici2wf1walmoluhe95i",2025,3,REG,CHI,DAL,0,0,0,0,0,0,0,0,0,0,0,0,,,0,,6,16,0,0,0,1,-1.848057791707106,0,1,1,4,0,0,0,-2,6,0,-0.4838075211737305,0,-2.0,0.03571428571428571,-0.008,0.04797142857142857,0,0,0,0,0,0,0,0.0,0.0,0,0,0,0,0,0,0,0,0,0,0,0,0,0,0,0,0,0,0,0,0,0,0,,,0,0,0,0,0,0,0,0,0,0,0,0,,,,0,0,0,0,0,0,0,,0,0,0,0,0,2.0,3.0
00-0040237,T.Johnson,Tez Johnson,WR,WR,"https://static.www.nfl.com/image/upload/f_auto,q_auto/league/zjtu1bcayjh9qunkxs9z",2025,3,REG,TB,NYJ,0,0,0,0,0,0,0,0,0,0,0,0,,,0,,0,0,0,0,0,0,,0,0,1,0,0,0,0,41,0,0,-0.24590275308582932,0,0.0,0.034482758620689655,0.17672413793103448,0.1754310344827586,0,0,0,0,0,0,0,0.0,0.0,0,0,0,0,0,0,0,0,0,0,0,0,0,0,0,0,0,0,0,0,0,0,0,,,0,0,0,0,0,0,0,0,0,0,0,0,,,,0,0,0,0,0,0,0,,0,0,0,0,0,0.0,0.0
00-0040238,L.Allen,LeQuint Allen Jr.,RB,RB,"https://static.www.nfl.com/image/upload/f_auto,q_auto/league/i0utigksuuvo2njb9wtk",2025,3,REG,JAX,HOU,0,0,0,0,0,0,0,0,0,0,0,0,,,0,,0,0,0,0,0,0,,0,1,1,9,0,0,0,3,6,0,-0.5053749969229102,0,3.0,0.02631578947368421,0.009523809523809525,0.04614035087719298,0,0,0,0,0,0,0,0.0,0.0,0,0,0,0,0,0,0,0,0,0,0,0,0,0,0,0,0,2,48,0,0,0,0,,,0,0,0,0,0,0,0,0,0,0,0,0,,,,0,0,0,0,0,0,0,,0,0,0,0,0,0.9,1.9
00-0040242,J.Croskey-Merritt,Jacory Croskey-Merritt,RB,RB,"https://static.www.nfl.com/image/upload/f_auto,q_auto/league/tklzj7zzve1t4z2hhr1g",2025,3,REG,WAS,LV,0,0,0,0,0,0,0,0,0,0,0,0,,,0,,8,26,1,0,0,2,0.45527852716622874,0,1,1,5,0,0,0,-6,11,0,-0.241490138345398,0,-0.8333333333333334,0.05555555555555555,-0.0379746835443038,0.05675105485232067,0,0,0,0,0,0,0,0.0,0.0,0,0,0,0,0,0,0,0,0,0,0,0,0,0,0,0,0,0,0,0,0,0,0,,,0,0,0,0,0,0,0,0,0,0,0,0,,,,0,0,0,0,0,0,0,,0,0,0,0,0,9.1,10.1
00-0040245,C.Colby,Connor Colby,G,OL,"https://static.www.nfl.com/image/upload/f_auto,q_auto/league/b0b2krvxbpylwerralyx",2025,3,REG,SF,ARI,0,0,0,0,0,0,0,0,0,0,0,0,,,0,,0,0,0,0,0,0,,0,0,0,0,0,0,0,0,0,0,,0,,0.0,0.0,0.0,0,0,0,0,0,0,0,0.0,0.0,0,0,0,0,0,0,0,0,0,0,0,0,0,1,10,0,0,0,0,0,0,0,0,,,0,0,0,0,0,0,0,0,0,0,0,0,,,,0,0,0,0,0,0,0,,0,0,0,0,0,0.0,0.0
00-0040249,F.Diggs,Fadil Diggs,LB,LB,"https://static.www.nfl.com/image/upload/f_auto,q_auto/league/oyuhjwmnw2mnr75h5udw",2025,3,REG,NO,SEA,0,0,0,0,0,0,0,0,0,0,0,0,,,0,,0,0,0,0,0,0,,0,0,0,0,0,0,0,0,0,0,,0,,0.0,0.0,0.0,0,0,0,0,0,0,0,0.0,0.0,0,0,0,0,0,0,0,0,0,0,0,0,0,1,6,0,0,0,0,0,0,0,0,,,0,0,0,0,0,0,0,0,0,0,0,0,,,,0,0,0,0,0,0,0,,0,0,0,0,0,0.0,0.0
00-0040251,T.Bridges,Trikweze Bridges,CB,DB,"https://static.www.nfl.com/image/upload/f_auto,q_auto/league/gjjfpzprpesl0q2ujavn",2025,3,REG,DAL,CHI,0,0,0,0,0,0,0,0,0,0,0,0,,,0,,0,0,0,0,0,0,,0,0,0,0,0,0,0,0,0,0,,0,,0.0,0.0,0.0,0,3,0,1,0,0,0,0.0,0.0,0,0,0,0,0,0,0,0,0,0,0,0,0,0,0,0,0,0,0,0,0,0,0,,,0,0,0,0,0,0,0,0,0,0,0,0,,,,0,0,0,0,0,0,0,,0,0,0,0,0,0.0,0.0
00-0040255,A.Huntington,Adin Huntington,DE,DL,"https://static.www.nfl.com/image/upload/f_auto,q_auto/league/zqevui8ikmsi20blzgot",2025,3,REG,CLE,GB,0,0,0,0,0,0,0,0,0,0,0,0,,,0,,0,0,0,0,0,0,,0,0,0,0,0,0,0,0,0,0,,0,,0.0,0.0,0.0,0,2,0,2,0,0,0,0.5,4.0,1,0,0,0,0,0,0,0,0,0,0,0,0,0,0,0,0,0,0,0,0,0,0,,,0,0,0,0,0,0,0,0,0,0,0,0,,,,0,0,0,0,0,0,0,,0,0,0,0,0,0.0,0.0
00-0040261,E.Mascarenas-Arnold,Easton Mascarenas-Arnold,LB,LB,"https://static.www.nfl.com/image/upload/f_auto,q_auto/league/ms3shd56ki1juzpdzuly",2025,3,REG,CLE,GB,0,0,0,0,0,0,0,0,0,0,0,0,,,0,,0,0,0,0,0,0,,0,0,0,0,0,0,0,0,0,0,,0,,0.0,0.0,0.0,0,1,0,0,0,0,0,0.0,0.0,0,0,0,0,0,0,0,0,0,0,0,0,0,0,0,0,0,0,0,0,0,0,0,,,0,0,0,0,0,0,0,0,0,0,0,0,,,,0,0,0,0,0,0,0,,0,0,0,0,0,0.0,0.0
00-0040263,D.McMillon,Donovan McMillon,SAF,DB,"https://static.www.nfl.com/image/upload/f_auto,q_auto/league/fbnuqvyuya1btewfzslw",2025,3,REG,CLE,GB,0,0,0,0,0,0,0,0,0,0,0,0,,,0,,0,0,0,0,0,0,,0,0,0,0,0,0,0,0,0,0,,0,,0.0,0.0,0.0,0,0,0,1,0,0,0,0.0,0.0,0,0,0,0,0,0,0,0,0,0,0,0,0,1,15,0,0,0,0,0,0,0,0,,,0,0,0,0,0,0,0,0,0,0,0,0,,,,0,0,0,0,0,0,0,,0,0,0,0,0,0.0,0.0
00-0040279,R.Fitzgerald,Ryan Fitzgerald,K,SPEC,"https://static.www.nfl.com/image/upload/f_auto,q_auto/league/abfug5vjak5ixdcqca7x",2025,3,REG,CAR,ATL,0,0,0,0,0,0,0,0,0,0,0,0,,,0,,0,0,0,0,0,0,,0,0,0,0,0,0,0,0,0,0,,0,,0.0,0.0,0.0,0,0,0,0,0,0,0,0.0,0.0,0,0,0,0,0,0,0,0,0,0,0,0,0,0,0,0,0,0,0,3,3,0,0,57.0,1.0,0,0,1,1,1,0,0,0,0,0,0,0,57;35;41,,,133,0,0,3,3,0,0,1.0,0,0,0,0,0,0.0,0.0
00-0040289,B.Martin-Scott,Bam Martin-Scott,LB,LB,,2025,3,REG,CAR,ATL,0,0,0,0,0,0,0,0,0,0,0,0,,,0,,0,0,0,0,0,0,,0,0,0,0,0,0,0,0,0,0,,0,,0.0,0.0,0.0,0,1,0,1,0,0,0,0.0,0.0,0,0,0,0,0,0,0,0,0,0,0,0,0,0,0,0,0,0,0,0,0,0,0,,,0,0,0,0,0,0,0,0,0,0,0,0,,,,0,0,0,0,0,0,0,,0,0,0,0,0,0.0,0.0
00-0040296,C.Thornton,Corey Thornton,CB,DB,"https://static.www.nfl.com/image/upload/f_auto,q_auto/league/tlmmgdiwijyhzguzyjwy",2025,3,REG,CAR,ATL,0,0,0,0,0,0,0,0,0,0,0,0,,,0,,0,0,0,0,0,0,,0,0,0,0,0,0,0,0,0,0,,0,,0.0,0.0,0.0,0,0,0,1,0,0,0,0.0,0.0,0,0,0,0,0,0,0,0,0,0,0,0,0,0,0,0,0,0,0,0,0,0,0,,,0,0,0,0,0,0,0,0,0,0,0,0,,,,0,0,0,0,0,0,0,,0,0,0,0,0,0.0,0.0
00-0040362,K.Jenkins,Keonta Jenkins,LB,LB,"https://static.www.nfl.com/image/upload/f_auto,q_auto/league/dfm3e8943azsxp4zwpr7",2025,3,REG,BUF,MIA,0,0,0,0,0,0,0,0,0,0,0,0,,,0,,0,0,0,0,0,0,,0,0,0,0,0,0,0,0,0,0,,0,,0.0,0.0,0.0,0,1,0,1,0,0,0,0.0,0.0,0,0,0,0,0,0,0,0,0,0,0,0,0,0,0,0,0,0,0,0,0,0,0,,,0,0,0,0,0,0,0,0,0,0,0,0,,,,0,0,0,0,0,0,0,,0,0,0,0,0,0.0,0.0
00-0040369,H.Cross,Howard Cross III,DT,DL,"https://static.www.nfl.com/image/upload/f_auto,q_auto/league/c14y9hq7dq3e6wfuiqi7",2025,3,REG,CIN,MIN,0,0,0,0,0,0,0,0,0,0,0,0,,,0,,0,0,0,0,0,0,,0,0,0,0,0,0,0,0,0,0,,0,,0.0,0.0,0.0,0,1,0,0,0,0,0,0.0,0.0,0,0,0,0,0,0,0,0,0,0,0,0,0,0,0,0,0,0,0,0,0,0,0,,,0,0,0,0,0,0,0,0,0,0,0,0,,,,0,0,0,0,0,0,0,,0,0,0,0,0,0.0,0.0
00-0040379,W.Wagner,William Wagner,LS,SPEC,"https://static.www.nfl.com/image/upload/f_auto,q_auto/league/y7yfjyw559ytucyitpey",2025,3,REG,CIN,MIN,0,0,0,0,0,0,0,0,0,0,0,0,,,0,,0,0,0,0,0,0,,0,0,0,0,0,0,0,0,0,0,,0,,0.0,0.0,0.0,0,0,0,1,0,0,0,0.0,0.0,0,0,0,0,0,0,0,0,0,0,0,0,0,0,0,0,0,0,0,0,0,0,0,,,0,0,0,0,0,0,0,0,0,0,0,0,,,,0,0,0,0,0,0,0,,0,0,0,0,0,0.0,0.0
00-0040396,D.Clark,Dean Clark,SAF,DB,"https://static.www.nfl.com/image/upload/f_auto,q_auto/league/p6jf4tbfaxal0x71dqvy",2025,3,REG,NYJ,TB,0,0,0,0,0,0,0,0,0,0,0,0,,,0,,0,0,0,0,0,0,,0,0,0,0,0,0,0,0,0,0,,0,,0.0,0.0,0.0,0,1,0,1,0,0,0,0.0,0.0,0,0,0,0,0,0,0,0,0,0,0,0,0,0,0,0,0,0,0,0,0,0,0,,,0,0,0,0,0,0,0,0,0,0,0,0,,,,0,0,0,0,0,0,0,,0,0,0,0,0,0.0,0.0
00-0040451,X.Truss,Xavier Truss,G,OL,"https://static.www.nfl.com/image/upload/f_auto,q_auto/league/dimz3zv8mumt0yyyrci4",2025,3,REG,NO,SEA,0,0,0,0,0,0,0,0,0,0,0,0,,,0,,0,0,0,0,0,0,,0,0,0,0,0,0,0,0,0,0,,0,,0.0,0.0,0.0,0,0,0,0,0,0,0,0.0,0.0,0,0,0,0,0,0,0,0,0,0,0,0,0,1,5,0,0,0,0,0,0,0,0,,,0,0,0,0,0,0,0,0,0,0,0,0,,,,0,0,0,0,0,0,0,,0,0,0,0,0,0.0,0.0
00-0040460,M.Wax,Marlowe Wax,LB,LB,"https://static.www.nfl.com/image/upload/f_auto,q_auto/league/fvei7bpdtr2uqk43loi3",2025,3,REG,LAC,DEN,0,0,0,0,0,0,0,0,0,0,0,0,,,0,,0,0,0,0,0,0,,0,0,0,0,0,0,0,0,0,0,,0,,0.0,0.0,0.0,0,0,0,2,0,0,0,0.0,0.0,0,0,0,0,0,0,0,0,0,0,0,0,0,0,0,0,0,0,0,0,0,0,0,,,0,0,0,0,0,0,0,0,0,0,0,0,,,,0,0,0,0,0,0,0,,0,0,0,0,0,0.0,0.0
00-0040494,M.Brosmer,Max Brosmer,QB,QB,"https://static.www.nfl.com/image/upload/f_auto,q_auto/league/sp7hya1uwgvty3grdnjq",2025,3,REG,MIN,CIN,2,4,29,0,0,0,0,0,0,7,28,1,-3.8229817109531723,-29.86959218978882,0,4.142857142857143,0,0,0,0,0,0,,0,0,0,0,0,0,0,0,0,0,,0,,0.0,0.0,0.0,0,0,0,0,0,0,0,0.0,0.0,0,0,0,0,0,0,0,0,0,0,0,0,0,0,0,0,0,0,0,0,0,0,0,,,0,0,0,0,0,0,0,0,0,0,0,0,,,,0,0,0,0,0,0,0,,0,0,0,0,0,1.16,1.16
00-0040496,C.Chambliss,Chaz Chambliss,LB,LB,"https://static.www.nfl.com/image/upload/f_auto,q_auto/league/jrt7ihzpzhaqexxcilah",2025,3,REG,MIN,CIN,0,0,0,0,0,0,0,0,0,0,0,0,,,0,,0,0,0,0,0,0,,0,0,0,0,0,0,0,0,0,0,,0,,0.0,0.0,0.0,0,3,0,1,1,2,0,1.0,2.0,1,0,0,0,0,0,0,0,0,0,0,0,0,0,0,0,0,0,0,0,0,0,0,,,0,0,0,0,0,0,0,0,0,0,0,0,,,,0,0,0,0,0,0,0,,0,0,0,0,0,0.0,0.0
00-0040500,J.Huber,Joe Huber,G,OL,"https://static.www.nfl.com/image/upload/f_auto,q_auto/league/clnwellmhvxparvjkgxi",2025,3,REG,MIN,CIN,0,0,0,0,0,0,0,0,0,0,0,0,,,0,,0,0,0,0,0,0,,0,0,0,0,0,0,0,0,0,0,,0,,0.0,0.0,0.0,0,0,0,0,0,0,0,0.0,0.0,0,0,0,0,0,0,0,0,0,0,0,0,0,1,5,0,0,0,0,0,0,0,0,,,0,0,0,0,0,0,0,0,0,0,0,0,,,,0,0,0,0,0,0,0,,0,0,0,0,0,0.0,0.0
00-0040501,A.Keys,Austin Keys,LB,LB,"https://static.www.nfl.com/image/upload/f_auto,q_auto/league/u4h08rpevr5barwyomuw",2025,3,REG,MIN,CIN,0,0,0,0,0,0,0,0,0,0,0,0,,,0,,0,0,0,0,0,0,,0,0,0,0,0,0,0,0,0,0,,0,,0.0,0.0,0.0,0,1,0,0,1,11,0,1.0,11.0,1,0,0,0,0,0,0,0,0,0,0,0,0,0,0,0,0,0,0,0,0,0,0,,,0,0,0,0,0,0,0,0,0,0,0,0,,,,0,0,0,0,0,0,0,,0,0,0,0,0,0.0,0.0
00-0040503,D.Mausi,Dorian Mausi,LB,LB,"https://static.www.nfl.com/image/upload/f_auto,q_auto/league/ms9jnxwaub6b68urkzna",2025,3,REG,TEN,IND,0,0,0,0,0,0,0,0,0,0,0,0,,,0,,0,0,0,0,0,0,,0,0,0,0,0,0,0,0,0,0,,0,,0.0,0.0,0.0,0,0,0,1,0,0,0,0.0,0.0,0,0,0,0,0,0,0,0,0,0,0,0,0,0,0,0,0,0,0,0,0,0,0,,,0,0,0,0,0,0,0,0,0,0,0,0,,,,0,0,0,0,0,0,0,,0,0,0,0,0,0.0,0.0
00-0040506,M.Price,Myles Price,WR,WR,"https://static.www.nfl.com/image/upload/f_auto,q_auto/league/xd9ciqvi9v0wyvsdh6nc",2025,3,REG,MIN,CIN,0,0,0,0,0,0,0,0,0,0,0,0,,,0,,0,0,0,0,0,0,,0,0,0,0,0,0,0,0,0,0,,0,,0.0,0.0,0.0,0,0,0,0,0,0,0,0.0,0.0,0,0,0,0,0,0,0,0,0,0,0,0,0,0,0,5,68,2,50,0,0,0,0,,,0,0,0,0,0,0,0,0,0,0,0,0,,,,0,0,0,0,0,0,0,,0,0,0,0,0,0.0,0.0
00-0040509,B.Yurosek,Ben Yurosek,TE,TE,"https://static.www.nfl.com/image/upload/f_auto,q_auto/league/umrpo7rhywbzctgdb109",2025,3,REG,MIN,CIN,0,0,0,0,0,0,0,0,0,0,0,0,,,0,,0,0,0,0,0,0,,0,0,0,0,0,0,0,0,0,0,,0,,0.0,0.0,0.0,0,1,0,0,0,0,0,0.0,0.0,0,0,0,0,0,0,0,0,0,0,0,0,0,0,0,0,0,0,0,0,0,0,0,,,0,0,0,0,0,0,0,0,0,0,0,0,,,,0,0,0,0,0,0,0,,0,0,0,0,0,0.0,0.0
00-0040541,T.Simpkins,Torricelli Simpkins III,G,OL,,2025,3,REG,NO,SEA,0,0,0,0,0,0,0,0,0,0,0,0,,,0,,0,0,0,0,0,0,,0,0,0,0,0,0,0,0,0,0,,0,,0.0,0.0,0.0,0,0,0,0,0,0,0,0.0,0.0,0,0,0,0,0,0,0,0,0,0,0,0,0,1,4,0,0,0,0,0,0,0,0,,,0,0,0,0,0,0,0,0,0,0,0,0,,,,0,0,0,0,0,0,0,,0,0,0,0,0,0.0,0.0
00-0040547,N.Carter,Nate Carter,RB,RB,"https://static.www.nfl.com/image/upload/f_auto,q_auto/league/eosjwyv1vlsfkztvgtnd",2025,3,REG,ATL,CAR,0,0,0,0,0,0,0,0,0,0,0,0,,,0,,7,46,0,1,1,2,-0.7324323034845293,0,0,0,0,0,0,0,0,0,0,,0,,0.0,0.0,0.0,0,0,0,0,0,0,0,0.0,0.0,0,0,0,0,0,0,0,0,0,0,0,0,0,0,0,0,0,1,-1,0,0,0,0,,,0,0,0,0,0,0,0,0,0,0,0,0,,,,0,0,0,0,0,0,0,,0,0,0,0,0,2.6000000000000005,2.6000000000000005
00-0040577,J.Walker,Jalon Walker,DE,DL,"https://static.www.nfl.com/image/upload/f_auto,q_auto/league/hfon24jti4vkgmvkbiqd",2025,3,REG,ATL,CAR,0,0,0,0,0,0,0,0,0,0,0,0,,,0,,0,0,0,0,0,0,,0,0,0,0,0,0,0,0,0,0,,0,,0.0,0.0,0.0,0,2,0,1,0,0,0,0.0,0.0,0,0,0,0,0,0,0,0,0,0,0,0,0,1,5,0,0,0,0,0,0,0,0,,,0,0,0,0,0,0,0,0,0,0,0,0,,,,0,0,0,0,0,0,0,,0,0,0,0,0,0.0,0.0
00-0040579,C.Schwesinger,Carson Schwesinger,LB,LB,"https://static.www.nfl.com/image/upload/f_auto,q_auto/league/ga2yg6qhxs12sqo6jvfz",2025,3,REG,CLE,GB,0,0,0,0,0,0,0,0,0,0,0,0,,,0,,0,0,0,0,0,0,,0,0,0,0,0,0,0,0,0,0,,0,,0.0,0.0,0.0,0,4,3,3,1,11,0,1.0,11.0,1,0,0,0,0,0,0,0,0,0,0,0,0,0,0,0,0,0,0,0,0,0,0,,,0,0,0,0,0,0,0,0,0,0,0,0,,,,0,0,0,0,0,0,0,,0,0,0,0,0,0.0,0.0
00-0040581,D.Thornton,Dont'e Thornton Jr.,WR,WR,"https://static.www.nfl.com/image/upload/f_auto,q_auto/league/hlxztd3lpjaxtzojuxwh",2025,3,REG,LV,WAS,0,0,0,0,0,0,0,0,0,0,0,0,,,0,,0,0,0,0,0,0,,0,2,4,29,0,0,0,53,7,1,0.196903231786564,0,0.5471698113207547,0.14814814814814814,0.1737704918032787,0.34386156648451727,0,0,0,0,0,0,0,0.0,0.0,0,0,0,0,0,0,0,0,0,0,0,0,0,0,0,0,0,0,0,0,0,0,0,,,0,0,0,0,0,0,0,0,0,0,0,0,,,,0,0,0,0,0,0,0,,0,0,0,0,0,2.9000000000000004,4.9
00-0040582,A.Smith,Arian Smith,WR,WR,"https://static.www.nfl.com/image/upload/f_auto,q_auto/league/asywvwrn6zhlidxothqn",2025,3,REG,NYJ,TB,0,0,0,0,0,0,0,0,0,0,0,0,,,0,,0,0,0,0,0,0,,0,2,2,2,0,0,0,1,1,1,-0.615443027112633,0,2.0,0.05714285714285714,0.006211180124223602,0.09006211180124224,0,1,0,0,0,0,0,0.0,0.0,0,0,0,0,0,0,0,0,0,0,0,0,0,0,0,0,0,0,0,0,0,0,0,,,0,0,0,0,0,0,0,0,0,0,0,0,,,,0,0,0,0,0,0,0,,0,0,0,0,0,0.2,2.2
00-0040583,W.Marks,Woody Marks,RB,RB,"https://static.www.nfl.com/image/upload/f_auto,q_auto/league/pwvxisrnjitkkghkfcn3",2025,3,REG,HOU,JAX,0,0,0,0,0,0,0,0,0,0,0,0,,,0,,6,27,0,0,0,1,-2.799459923640825,0,1,2,9,0,0,0,-1,7,0,-0.5581928425591727,0,-9.0,0.05555555555555555,-0.003472222222222222,0.08090277777777777,0,0,0,0,0,0,0,0.0,0.0,0,0,0,0,0,0,0,0,0,0,0,0,0,0,0,0,0,0,0,0,0,0,0,,,0,0,0,0,0,0,0,0,0,0,0,0,,,,0,0,0,0,0,0,0,,0,0,0,0,0,3.6,4.6
00-0040584,G.Helm,Gunnar Helm,TE,TE,"https://static.www.nfl.com/image/upload/f_auto,q_auto/league/lcyqbbnrzgtbnirz8knj",2025,3,REG,TEN,IND,0,0,0,0,0,0,0,0,0,0,0,0,,,0,,0,0,0,0,0,0,,0,3,3,27,0,0,0,7,20,2,1.387885975302197,0,3.857142857142857,0.08823529411764706,0.03783783783783784,0.15883942766295708,0,0,0,0,0,0,0,0.0,0.0,0,0,0,0,0,0,0,0,0,0,0,0,0,0,0,0,0,0,0,0,0,0,0,,,0,0,0,0,0,0,0,0,0,0,0,0,,,,0,0,0,0,0,0,0,,0,0,0,0,0,2.7,5.7
00-0040613,S.Dolac,Shaun Dolac,LB,LB,"https://static.www.nfl.com/image/upload/f_auto,q_auto/league/f7nr5g6gntkjbnybt14c",2025,3,REG,LA,PHI,0,0,0,0,0,0,0,0,0,0,0,0,,,0,,0,0,0,0,0,0,,0,0,0,0,0,0,0,0,0,0,,0,,0.0,0.0,0.0,0,0,0,1,0,0,0,0.0,0.0,0,0,0,0,0,0,0,0,0,0,0,0,0,0,0,0,0,0,0,0,0,0,0,,,0,0,0,0,0,0,0,0,0,0,0,0,,,,0,0,0,0,0,0,0,,0,0,0,0,0,0.0,0.0
00-0040629,D.Campbell,Dalevon Campbell,WR,WR,"https://static.www.nfl.com/image/upload/f_auto,q_auto/league/lmdwuz4anz0nhbaeewmm",2025,3,REG,CAR,ATL,0,0,0,0,0,0,0,0,0,0,0,0,,,0,,0,0,0,0,0,0,,0,0,0,0,0,0,0,0,0,0,,0,,0.0,0.0,0.0,0,1,0,0,0,0,0,0.0,0.0,0,0,0,0,0,0,0,0,0,0,0,0,0,0,0,0,0,0,0,0,0,0,0,,,0,0,0,0,0,0,0,0,0,0,0,0,,,,0,0,0,0,0,0,0,,0,0,0,0,0,0.0,0.0
00-0040636,K.Martin,Keyon Martin,CB,DB,"https://static.www.nfl.com/image/upload/f_auto,q_auto/league/drg6ppedf9zg66vgfpdr",2025,3,REG,BAL,DET,0,0,0,0,0,0,0,0,0,0,0,0,,,0,,0,0,0,0,0,0,,0,0,0,0,0,0,0,0,0,0,,0,,0.0,0.0,0.0,0,1,0,0,0,0,0,0.0,0.0,0,0,0,0,0,0,0,0,0,0,0,0,0,0,0,0,0,0,0,0,0,0,0,,,0,0,0,0,0,0,0,0,0,0,0,0,,,,0,0,0,0,0,0,0,,0,0,0,0,0,0.0,0.0
00-0040640,A.Gillotte,Ashton Gillotte,DE,DL,"https://static.www.nfl.com/image/upload/f_auto,q_auto/league/kosxaikscmzp69msssey",2025,3,REG,KC,NYG,0,0,0,0,0,0,0,0,0,0,0,0,,,0,,0,0,0,0,0,0,,0,0,0,0,0,0,0,0,0,0,,0,,0.0,0.0,0.0,0,0,0,0,0,0,0,0.0,0.0,1,0,0,0,0,0,0,0,0,0,0,0,0,0,0,0,0,0,0,0,0,0,0,,,0,0,0,0,0,0,0,0,0,0,0,0,,,,0,0,0,0,0,0,0,,0,0,0,0,0,0.0,0.0
00-0040641,D.Porter,Darien Porter,CB,DB,"https://static.www.nfl.com/image/upload/f_auto,q_auto/league/ypukflc6tvt4usvyouhk",2025,3,REG,LV,WAS,0,0,0,0,0,0,0,0,0,0,0,0,,,0,,0,0,0,0,0,0,,0,0,0,0,0,0,0,0,0,0,,0,,0.0,0.0,0.0,0,4,0,0,0,0,0,0.0,0.0,0,0,0,0,0,0,0,0,0,0,0,0,0,1,8,0,0,0,0,0,0,0,0,,,0,0,0,0,0,0,0,0,0,0,0,0,,,,0,0,0,0,0,0,0,,0,0,0,0,0,0.0,0.0
00-0040643,J.Sanker,Jonas Sanker,SAF,DB,"https://static.www.nfl.com/image/upload/f_auto,q_auto/league/hsimdzcratj6wt0gzra8",2025,3,REG,NO,SEA,0,0,0,0,0,0,0,0,0,0,0,0,,,0,,0,0,0,0,0,0,,0,0,0,0,0,0,0,0,0,0,,0,,0.0,0.0,0.0,0,2,0,1,0,0,0,0.0,0.0,0,0,0,0,0,0,0,0,0,0,0,0,0,0,0,0,0,0,0,0,0,0,0,,,0,0,0,0,0,0,0,0,0,0,0,0,,,,0,0,0,0,0,0,0,,0,0,0,0,0,0.0,0.0
00-0040644,T.Etienne,Trevor Etienne,RB,RB,"https://static.www.nfl.com/image/upload/f_auto,q_auto/league/futkvr4juiazofhntj0p",2025,3,REG,CAR,ATL,0,0,0,0,0,0,0,0,0,0,0,0,,,0,,0,0,0,0,0,0,,0,0,0,0,0,0,0,0,0,0,,0,,0.0,0.0,0.0,0,0,0,0,0,0,0,0.0,0.0,0,0,0,0,0,1,0,0,0,0,0,0,0,0,0,1,0,0,0,0,0,0,0,,,0,0,0,0,0,0,0,0,0,0,0,0,,,,0,0,0,0,0,0,0,,0,0,0,0,0,0.0,0.0
00-0040645,C.Simon,Cody Simon,LB,LB,"https://static.www.nfl.com/image/upload/f_auto,q_auto/league/v9vqu3cfhinzlpsua99j",2025,3,REG,ARI,SF,0,0,0,0,0,0,0,0,0,0,0,0,,,0,,0,0,0,0,0,0,,0,0,0,0,0,0,0,0,0,0,,0,,0.0,0.0,0.0,0,0,0,2,0,0,0,0.0,0.0,0,0,0,0,0,0,0,0,0,0,0,0,0,0,0,0,0,0,0,0,0,0,0,,,0,0,0,0,0,0,0,0,0,0,0,0,,,,0,0,0,0,0,0,0,,0,0,0,0,0,0.0,0.0
00-0040648,T.Horton,Tory Horton,WR,WR,"https://static.www.nfl.com/image/upload/f_auto,q_auto/league/vpgs86vlcp3gejw6tget",2025,3,REG,SEA,NO,0,0,0,0,0,0,0,0,0,0,0,0,,,0,,0,0,0,0,0,0,,0,3,4,32,1,0,0,30,8,1,1.1776378253882487,0,1.0666666666666667,0.2,0.18404907975460122,0.4288343558282209,1,0,0,0,0,0,0,0.0,0.0,0,0,0,0,0,0,0,0,0,0,0,0,0,0,0,3,114,0,0,0,0,0,0,,,0,0,0,0,0,0,0,0,0,0,0,0,,,,0,0,0,0,0,0,0,,0,0,0,0,0,15.2,18.2
00-0040654,K.Kroeger,Kai Kroeger,P,SPEC,,2025,3,REG,NO,SEA,0,0,0,0,0,0,0,0,0,0,0,0,,,0,,0,0,0,0,0,0,,0,0,0,0,0,0,0,0,0,0,,0,,0.0,0.0,0.0,0,0,0,0,0,0,0,0.0,0.0,0,0,0,0,0,0,0,0,0,0,0,0,0,0,0,0,0,0,0,0,0,0,0,,,0,0,0,0,0,0,0,0,0,0,0,0,,,,0,0,0,0,0,0,0,,0,0,0,0,0,0.0,0.0
00-0040660,M.Williams,Mykel Williams,DE,DL,"https://static.www.nfl.com/image/upload/f_auto,q_auto/league/glewua5vtcbfvbm6j8s3",2025,3,REG,SF,ARI,0,0,0,0,0,0,0,0,0,0,0,0,,,0,,0,0,0,0,0,0,,0,0,0,0,0,0,0,0,0,0,,0,,0.0,0.0,0.0,0,1,1,0,1,1,0,0.0,0.0,1,0,0,0,0,0,0,0,0,0,0,0,0,0,0,0,0,0,0,0,0,0,0,,,0,0,0,0,0,0,0,0,0,0,0,0,,,,0,0,0,0,0,0,0,,0,0,0,0,0,0.0,0.0
00-0040661,D.Jackson,Donovan Jackson,G,OL,"https://static.www.nfl.com/image/upload/f_auto,q_auto/league/mkim8wtzxniexhbrobrv",2025,3,REG,MIN,CIN,0,0,0,0,0,0,0,0,0,0,0,0,,,0,,0,0,0,0,0,0,,0,0,0,0,0,0,0,0,0,0,,0,,0.0,0.0,0.0,0,0,0,0,0,0,0,0.0,0.0,0,0,0,0,0,0,0,0,0,0,0,0,0,1,5,0,0,0,0,0,0,0,0,,,0,0,0,0,0,0,0,0,0,0,0,0,,,,0,0,0,0,0,0,0,,0,0,0,0,0,0.0,0.0
00-0040663,H.Fannin,Harold Fannin Jr.,TE,TE,"https://static.www.nfl.com/image/upload/f_auto,q_auto/league/fxublmpnxx9uggsddwik",2025,3,REG,CLE,GB,0,0,0,0,0,0,0,0,0,0,0,0,,,0,,0,0,0,0,0,0,,0,3,4,25,0,0,0,6,22,1,0.26084462366998196,0,4.166666666666667,0.12121212121212122,0.023622047244094488,0.19835361488904796,0,0,0,0,0,0,0,0.0,0.0,0,0,0,0,0,0,0,0,0,0,0,0,0,0,0,0,0,0,0,0,0,0,0,,,0,0,0,0,0,0,0,0,0,0,0,0,,,,0,0,0,0,0,0,0,,0,0,0,0,0,2.5,5.5
00-0040666,O.Hampton,Omarion Hampton,RB,RB,"https://static.www.nfl.com/image/upload/f_auto,q_auto/league/ck7xcbwuka7wu2zwhssk",2025,3,REG,LAC,DEN,0,0,0,0,0,0,0,0,0,0,0,0,,,0,,19,70,1,0,0,4,-1.31982849308406,0,6,7,59,0,1,0,-5,59,3,2.087897068471648,0,-11.8,0.15555555555555556,-0.011655011655011656,0.22517482517482518,0,0,0,0,0,0,0,0.0,0.0,0,0,0,0,0,0,0,0,0,0,0,0,0,0,0,0,0,1,30,0,0,0,0,,,0,0,0,0,0,0,0,0,0,0,0,0,,,,0,0,0,0,0,0,0,,0,0,0,0,0,18.9,24.9
00-0040667,M.Golden,Matthew Golden,WR,WR,"https://static.www.nfl.com/image/upload/f_auto,q_auto/league/gkbhlytvkltv5whjo3ru",2025,3,REG,GB,CLE,0,0,0,0,0,0,0,0,0,0,0,0,,,0,,3,9,0,0,0,0,-0.4468499608337879,0,4,4,52,0,0,0,34,18,1,3.8685957374982536,0,1.5294117647058822,0.16,0.7083333333333334,0.7358333333333333,0,0,0,0,0,0,0,0.0,0.0,0,0,0,0,0,0,0,0,0,0,0,0,0,0,0,2,8,0,0,0,0,0,0,,,0,0,0,0,0,0,0,0,0,0,0,0,,,,0,0,0,0,0,0,0,,0,0,0,0,0,6.1000000000000005,10.100000000000001
00-0040669,I.TeSlaa,Isaac TeSlaa,WR,WR,"https://static.www.nfl.com/image/upload/f_auto,q_auto/league/wa4sruqazyqobmepi6vi",2025,3,REG,DET,BAL,0,0,0,0,0,0,0,0,0,0,0,0,,,0,,0,0,0,0,0,0,,0,0,2,0,0,0,0,31,0,0,-1.185119681242878,0,0.0,0.07692307692307693,0.14691943127962084,0.21822821728034997,0,0,0,0,0,0,0,0.0,0.0,0,0,0,0,0,0,0,0,0,0,0,0,0,0,0,0,0,0,0,0,0,0,0,,,0,0,0,0,0,0,0,0,0,0,0,0,,,,0,0,0,0,0,0,0,,0,0,0,0,0,0.0,0.0
00-0040670,N.Williams,Nohl Williams,CB,DB,"https://static.www.nfl.com/image/upload/f_auto,q_auto/league/wgzpsljodoj0uanznf5e",2025,3,REG,KC,NYG,0,0,0,0,0,0,0,0,0,0,0,0,,,0,,0,0,0,0,0,0,,0,0,0,0,0,0,0,0,0,0,,0,,0.0,0.0,0.0,0,0,0,1,0,0,0,0.0,0.0,0,0,0,0,0,0,0,0,0,0,0,0,0,1,15,0,0,0,0,0,0,0,0,,,0,0,0,0,0,0,0,0,0,0,0,0,,,,0,0,0,0,0,0,0,,0,0,0,0,0,0.0,0.0
00-0040673,J.Milroe,Jalen Milroe,QB,QB,"https://static.www.nfl.com/image/upload/f_auto,q_auto/league/gmucibahkrfu9xowwiio",2025,3,REG,SEA,NO,0,0,0,0,0,0,0,0,0,0,0,0,,,0,,1,3,0,0,0,0,-0.4508731198729947,0,0,0,0,0,0,0,0,0,0,,0,,0.0,0.0,0.0,0,0,0,0,0,0,0,0.0,0.0,0,0,0,0,0,0,0,0,0,0,0,0,0,0,0,0,0,0,0,0,0,0,0,,,0,0,0,0,0,0,0,0,0,0,0,0,,,,0,0,0,0,0,0,0,,0,0,0,0,0,0.30000000000000004,0.30000000000000004
00-0040676,C.Ward,Cam Ward,QB,QB,"https://static.www.nfl.com/image/upload/f_auto,q_auto/league/viadutkbvligsopnd2qn",2025,3,REG,TEN,IND,23,38,219,1,1,4,-23,0,0,185,114,11,-12.524410886228843,-1.3854862135999344,0,1.1837837837837837,3,12,0,0,0,1,1.202066545956768,0,0,0,0,0,0,0,0,0,0,,0,,0.0,0.0,0.0,0,0,0,0,0,0,0,0.0,0.0,0,0,0,0,0,0,0,0,0,0,0,0,0,0,0,0,0,0,0,0,0,0,0,,,0,0,0,0,0,0,0,0,0,0,0,0,,,,0,0,0,0,0,0,0,,0,0,0,0,0,11.96,11.96
00-0040677,A.Carter,Abdul Carter,LB,LB,"https://static.www.nfl.com/image/upload/f_auto,q_auto/league/tfchuu4khsh6jarotqga",2025,3,REG,NYG,KC,0,0,0,0,0,0,0,0,0,0,0,0,,,0,,0,0,0,0,0,0,,0,0,0,0,0,0,0,0,0,0,,0,,0.0,0.0,0.0,0,2,1,1,1,1,0,0.0,0.0,1,0,0,0,0,0,0,0,0,0,0,0,0,0,0,0,0,0,0,0,0,0,0,,,0,0,0,0,0,0,0,0,0,0,0,0,,,,0,0,0,0,0,0,0,,0,0,0,0,0,0.0,0.0
00-0040678,D.Harmon,Derrick Harmon,DT,DL,"https://static.www.nfl.com/image/upload/f_auto,q_auto/league/mi9zx7s8bmnyscpo1jmg",2025,3,REG,PIT,NE,0,0,0,0,0,0,0,0,0,0,0,0,,,0,,0,0,0,0,0,0,,0,0,0,0,0,0,0,0,0,0,,0,,0.0,0.0,0.0,0,2,0,0,1,4,0,1.0,4.0,1,0,0,0,0,0,0,0,0,0,0,0,0,0,0,0,0,0,0,0,0,0,0,,,0,0,0,0,0,0,0,0,0,0,0,0,,,,0,0,0,0,0,0,0,,0,0,0,0,0,0.0,0.0
00-0040685,M.Graham,Mason Graham,DT,DL,"https://static.www.nfl.com/image/upload/f_auto,q_auto/league/fizf7lkmgqhpg9o8vu92",2025,3,REG,CLE,GB,0,0,0,0,0,0,0,0,0,0,0,0,,,0,,0,0,0,0,0,0,,0,0,0,0,0,0,0,0,0,0,,0,,0.0,0.0,0.0,0,0,0,3,0,0,0,0.5,2.5,1,0,0,0,0,0,0,0,0,0,0,0,0,0,0,0,0,0,0,0,0,0,0,,,0,0,0,0,0,0,0,0,0,0,0,0,,,,0,0,0,0,0,0,0,,0,0,0,0,0,0.0,0.0
00-0040686,J.Conerly,Josh Conerly Jr.,OT,OL,"https://static.www.nfl.com/image/upload/f_auto,q_auto/league/q9vrq43u3qh6nw3rcajo",2025,3,REG,WAS,LV,0,0,0,0,0,0,0,0,0,0,0,0,,,0,,0,0,0,0,0,0,,0,0,0,0,0,0,0,0,0,0,,0,,0.0,0.0,0.0,0,0,0,0,0,0,0,0.0,0.0,0,0,0,0,0,0,0,0,0,0,0,0,0,1,10,0,0,0,0,0,0,0,0,,,0,0,0,0,0,0,0,0,0,0,0,0,,,,0,0,0,0,0,0,0,,0,0,0,0,0,0.0,0.0
00-0040688,M.Starks,Malaki Starks,SAF,DB,"https://static.www.nfl.com/image/upload/f_auto,q_auto/league/wfdoofktfspnxsclihrf",2025,3,REG,BAL,DET,0,0,0,0,0,0,0,0,0,0,0,0,,,0,,0,0,0,0,0,0,,0,0,0,0,0,0,0,0,0,0,,0,,0.0,0.0,0.0,0,3,0,5,1,3,0,0.0,0.0,0,0,0,0,0,0,0,0,0,0,0,0,0,0,0,0,0,0,0,0,0,0,0,,,0,0,0,0,0,0,0,0,0,0,0,0,,,,0,0,0,0,0,0,0,,0,0,0,0,0,0.0,0.0
00-0040691,J.Dart,Jaxson Dart,QB,QB,"https://static.www.nfl.com/image/upload/f_auto,q_auto/league/n6uymxssgiicjmxkzxoc",2025,3,REG,NYG,KC,0,0,0,0,0,0,0,0,0,0,0,0,,,0,,1,3,0,0,0,0,-0.3242715129163116,0,0,0,0,0,0,0,0,0,0,,0,,0.0,0.0,0.0,0,0,0,0,0,0,0,0.0,0.0,0,0,0,0,0,0,0,0,0,0,0,0,0,0,0,0,0,0,0,0,0,0,0,,,0,0,0,0,0,0,0,0,0,0,0,0,,,,0,0,0,0,0,0,0,,0,0,0,0,0,0.30000000000000004,0.30000000000000004
00-0040694,D.Alexander,Darius Alexander,DT,DL,"https://static.www.nfl.com/image/upload/f_auto,q_auto/league/pppak1njaiplvvzdwkn7",2025,3,REG,NYG,KC,0,0,0,0,0,0,0,0,0,0,0,0,,,0,,0,0,0,0,0,0,,0,0,0,0,0,0,0,0,0,0,,0,,0.0,0.0,0.0,0,1,0,1,0,0,0,0.0,0.0,0,0,0,0,0,0,0,0,0,0,0,0,0,0,0,0,0,0,0,0,0,0,0,,,0,0,0,0,0,0,0,0,0,0,0,0,,,,0,0,0,0,0,0,0,,0,0,0,0,0,0.0,0.0
00-0040699,W.Campbell,Will Campbell,OT,OL,"https://static.www.nfl.com/image/upload/f_auto,q_auto/league/xyzvfa0r5p4s8u16aqrh",2025,3,REG,NE,PIT,0,0,0,0,0,0,0,0,0,0,0,0,,,0,,0,0,0,0,0,0,,0,0,0,0,0,0,0,0,0,0,,0,,0.0,0.0,0.0,0,1,0,0,0,0,0,0.0,0.0,0,0,0,0,0,0,0,0,0,0,0,0,0,0,0,0,0,0,0,0,0,0,0,,,0,0,0,0,0,0,0,0,0,0,0,0,,,,0,0,0,0,0,0,0,,0,0,0,0,0,0.0,0.0
00-0040705,C.Dike,Chimere Dike,WR,WR,"https://static.www.nfl.com/image/upload/f_auto,q_auto/league/njdduv9jx7c8vlrll8ex",2025,3,REG,TEN,IND,0,0,0,0,0,0,0,0,0,0,0,0,,,0,,2,3,0,0,0,0,-0.6804526033229195,0,3,4,2,0,0,0,-6,8,0,-1.7551726026576944,0,0.0,0.11764705882352941,-0.032432432432432434,0.1537678855325914,0,0,0,0,0,0,0,0.0,0.0,0,0,0,0,0,0,0,0,0,0,0,0,0,0,0,0,0,6,162,0,0,0,0,,,0,0,0,0,0,0,0,0,0,0,0,0,,,,0,0,0,0,0,0,0,,0,0,0,0,0,0.5,3.5
00-0040708,J.Campbell,Jihaad Campbell,LB,LB,"https://static.www.nfl.com/image/upload/f_auto,q_auto/league/vjdpuldnh2hhbqjszrx2",2025,3,REG,PHI,LA,0,0,0,0,0,0,0,0,0,0,0,0,,,0,,0,0,0,0,0,0,,0,0,0,0,0,0,0,0,0,0,,0,,0.0,0.0,0.0,0,5,0,3,0,0,0,0.0,0.0,0,0,0,0,0,0,0,0,0,0,0,0,0,0,0,0,0,0,0,0,0,0,0,,,0,0,0,0,0,0,0,0,0,0,0,0,,,,0,0,0,0,0,0,0,,0,0,0,0,0,0.0,0.0
00-0040710,D.Walker,Deone Walker,DT,DL,"https://static.www.nfl.com/image/upload/f_auto,q_auto/league/okadfq0bsl9zdsmsfemw",2025,3,REG,BUF,MIA,0,0,0,0,0,0,0,0,0,0,0,0,,,0,,0,0,0,0,0,0,,0,0,0,0,0,0,0,0,0,0,,0,,0.0,0.0,0.0,0,2,0,0,0,0,0,0.0,0.0,0,0,0,0,0,0,0,0,0,0,0,0,0,0,0,0,0,0,0,0,0,0,0,,,0,0,0,0,0,0,0,0,0,0,0,0,,,,0,0,0,0,0,0,0,,0,0,0,0,0,0.0,0.0
00-0040711,C.West,CJ West,DT,DL,"https://static.www.nfl.com/image/upload/f_auto,q_auto/league/bhqq8ebh20hehf1em9zz",2025,3,REG,SF,ARI,0,0,0,0,0,0,0,0,0,0,0,0,,,0,,0,0,0,0,0,0,,0,0,0,0,0,0,0,0,0,0,,0,,0.0,0.0,0.0,0,1,0,1,0,0,0,0.0,0.0,0,0,0,0,0,0,0,0,0,0,0,0,0,0,0,0,0,0,0,0,0,0,0,,,0,0,0,0,0,0,0,0,0,0,0,0,,,,0,0,0,0,0,0,0,,0,0,0,0,0,0.0,0.0
00-0040715,C.Skattebo,Cam Skattebo,RB,RB,"https://static.www.nfl.com/image/upload/f_auto,q_auto/league/vnftthkbvw7ucsqtqjpq",2025,3,REG,NYG,KC,0,0,0,0,0,0,0,0,0,0,0,0,,,0,,10,60,1,0,0,4,3.457024908042513,0,6,8,61,0,0,0,5,55,4,1.9361886529950425,0,12.2,0.26666666666666666,0.017605633802816902,0.41232394366197184,0,0,0,0,0,0,0,0.0,0.0,0,0,0,0,0,0,0,0,0,0,0,0,0,0,0,0,0,0,0,0,0,0,0,,,0,0,0,0,0,0,0,0,0,0,0,0,,,,0,0,0,0,0,0,0,,0,0,0,0,0,18.1,24.1
00-0040716,C.Woodson,Craig Woodson,SAF,DB,"https://static.www.nfl.com/image/upload/f_auto,q_auto/league/nsfjxvef5ck9bytvti1u",2025,3,REG,NE,PIT,0,0,0,0,0,0,0,0,0,0,0,0,,,0,,0,0,0,0,0,0,,0,0,0,0,0,0,0,0,0,0,,0,,0.0,0.0,0.0,0,2,0,2,0,0,0,0.0,0.0,0,0,0,0,0,0,0,0,0,0,0,0,0,0,0,0,0,0,0,0,0,0,0,,,0,0,0,0,0,0,0,0,0,0,0,0,,,,0,0,0,0,0,0,0,,0,0,0,0,0,0.0,0.0
00-0040718,T.Hunter,Travis Hunter,WR,WR,"https://static.www.nfl.com/image/upload/f_auto,q_auto/league/apfzii6u8pwj9ntvyfkk",2025,3,REG,JAX,HOU,0,0,0,0,0,0,0,0,0,0,0,0,,,0,,0,0,0,0,0,0,,0,1,2,21,0,0,0,16,18,1,1.3208696078509092,0,1.3125,0.05263157894736842,0.050793650793650794,0.11450292397660819,0,3,1,2,0,0,0,0.0,0.0,0,0,0,0,0,0,0,0,0,0,0,0,0,0,0,0,0,0,0,0,0,0,0,,,0,0,0,0,0,0,0,0,0,0,0,0,,,,0,0,0,0,0,0,0,,0,0,0,0,0,2.1,3.1
00-0040719,B.Tuten,Bhayshul Tuten,RB,RB,"https://static.www.nfl.com/image/upload/f_auto,q_auto/league/uf6bidyfjeemrlgsibiz",2025,3,REG,JAX,HOU,0,0,0,0,0,0,0,0,0,0,0,0,,,0,,6,21,1,0,0,2,-0.9276938750129293,0,0,1,0,0,0,0,3,0,0,-0.7154975464800373,0,0.0,0.02631578947368421,0.009523809523809525,0.04614035087719298,0,0,0,0,0,0,0,0.0,0.0,0,0,0,0,0,0,0,0,0,0,0,0,0,0,0,0,0,0,0,0,0,0,0,,,0,0,0,0,0,0,0,0,0,0,0,0,,,,0,0,0,0,0,0,0,,0,0,0,0,0,8.1,8.1
00-0040720,J.Barron,Jahdae Barron,CB,DB,"https://static.www.nfl.com/image/upload/f_auto,q_auto/league/pftuc6gjil6zstrg4ht2",2025,3,REG,DEN,LAC,0,0,0,0,0,0,0,0,0,0,0,0,,,0,,0,0,0,0,0,0,,0,0,0,0,0,0,0,0,0,0,,0,,0.0,0.0,0.0,0,2,0,2,0,0,0,0.0,0.0,0,0,0,0,0,0,0,0,0,0,0,0,0,0,0,0,0,0,0,0,0,0,0,,,0,0,0,0,0,0,0,0,0,0,0,0,,,,0,0,0,0,0,0,0,,0,0,0,0,0,0.0,0.0
00-0040722,M.Green,Mike Green,LB,LB,"https://static.www.nfl.com/image/upload/f_auto,q_auto/league/u7sictvg6th8tpfineb6",2025,3,REG,BAL,DET,0,0,0,0,0,0,0,0,0,0,0,0,,,0,,0,0,0,0,0,0,,0,0,0,0,0,0,0,0,0,0,,0,,0.0,0.0,0.0,0,2,0,2,0,0,0,0.0,0.0,1,0,0,0,0,0,0,0,0,0,0,0,0,0,0,0,0,0,0,0,0,0,0,,,0,0,0,0,0,0,0,0,0,0,0,0,,,,0,0,0,0,0,0,0,,0,0,0,0,0,0.0,0.0
00-0040725,D.Ezeiruaku,Donovan Ezeiruaku,DE,DL,"https://static.www.nfl.com/image/upload/f_auto,q_auto/league/p01praffl9gjoogdgaq8",2025,3,REG,DAL,CHI,0,0,0,0,0,0,0,0,0,0,0,0,,,0,,0,0,0,0,0,0,,0,0,0,0,0,0,0,0,0,0,,0,,0.0,0.0,0.0,0,1,0,1,0,0,0,0.0,0.0,0,0,0,0,0,0,0,0,0,0,0,0,0,0,0,0,0,0,0,0,0,0,0,,,0,0,0,0,0,0,0,0,0,0,0,0,,,,0,0,0,0,0,0,0,,0,0,0,0,0,0.0,0.0
00-0040727,T.Harris,Tre Harris,WR,WR,"https://static.www.nfl.com/image/upload/f_auto,q_auto/league/vfjekjvrfpbmskmuwoz9",2025,3,REG,LAC,DEN,0,0,0,0,0,0,0,0,0,0,0,0,,,0,,0,0,0,0,0,0,,0,0,1,0,0,0,0,34,0,0,-0.7148124093655497,0,0.0,0.022222222222222223,0.07925407925407925,0.0888111888111888,0,0,0,0,0,0,0,0.0,0.0,0,0,0,0,0,0,0,0,0,0,0,0,0,0,0,0,0,0,0,0,0,0,0,,,0,0,0,0,0,0,0,0,0,0,0,0,,,,0,0,0,0,0,0,0,,0,0,0,0,0,0.0,0.0
00-0040729,J.Bech,Jack Bech,WR,WR,"https://static.www.nfl.com/image/upload/f_auto,q_auto/league/feplgtl0x1svqen9szwv",2025,3,REG,LV,WAS,0,0,0,0,0,0,0,0,0,0,0,0,,,0,,0,0,0,0,0,0,,0,1,1,10,0,0,0,10,0,1,2.04307283135131,0,1.0,0.037037037037037035,0.03278688524590164,0.07850637522768669,0,0,0,0,0,0,0,0.0,0.0,0,0,0,0,0,0,0,0,0,0,0,0,0,0,0,0,0,0,0,0,0,0,0,,,0,0,0,0,0,0,0,0,0,0,0,0,,,,0,0,0,0,0,0,0,,0,0,0,0,0,1.0,2.0
00-0040730,R.Harvey,RJ Harvey,RB,RB,"https://static.www.nfl.com/image/upload/f_auto,q_auto/league/i1qxzydetb2orrynzvzk",2025,3,REG,DEN,LAC,0,0,0,0,0,0,0,0,0,0,0,0,,,0,,2,2,0,0,0,0,-1.2854487369768322,0,3,3,14,0,0,0,-6,20,0,-2.1578286685980856,0,-2.3333333333333335,0.13043478260869565,-0.022304832713754646,0.18003879101341522,0,0,0,0,0,0,0,0.0,0.0,0,0,0,0,0,0,0,0,0,0,0,0,0,0,0,0,0,1,27,0,0,0,0,,,0,0,0,0,0,0,0,0,0,0,0,0,,,,0,0,0,0,0,0,0,,0,0,0,0,0,1.6,4.6
00-0040731,T.Amos,Trey Amos,CB,DB,"https://static.www.nfl.com/image/upload/f_auto,q_auto/league/cxabcu8nz9p6k6sqsw4t",2025,3,REG,WAS,LV,0,0,0,0,0,0,0,0,0,0,0,0,,,0,,0,0,0,0,0,0,,0,0,0,0,0,0,0,0,0,0,,0,,0.0,0.0,0.0,0,0,1,0,1,2,0,0.0,0.0,0,0,0,1,0,0,0,0,0,0,0,0,0,0,0,0,0,0,0,0,0,0,0,,,0,0,0,0,0,0,0,0,0,0,0,0,,,,0,0,0,0,0,0,0,,0,0,0,0,0,0.0,0.0
00-0040734,T.Henderson,TreVeyon Henderson,RB,RB,"https://static.www.nfl.com/image/upload/f_auto,q_auto/league/cfcux3dnfmbmz3qzrnco",2025,3,REG,NE,PIT,0,0,0,0,0,0,0,0,0,0,0,0,,,0,,11,28,0,0,0,2,-0.47453388292342424,0,3,3,19,0,0,0,2,17,0,0.2821031247731298,0,9.5,0.08333333333333333,0.00966183574879227,0.13176328502415457,0,0,0,0,0,0,0,0.0,0.0,0,0,0,0,0,0,0,0,0,0,0,0,0,0,0,0,0,3,68,0,0,0,0,,,0,0,0,0,0,0,0,0,0,0,0,0,,,,0,0,0,0,0,0,0,,0,0,0,0,0,4.7,7.7
00-0040735,L.Burden,Luther Burden III,WR,WR,"https://static.www.nfl.com/image/upload/f_auto,q_auto/league/iyuwdz7pbowdkwzq2tg5",2025,3,REG,CHI,DAL,0,0,0,0,0,0,0,0,0,0,0,0,,,0,,1,7,0,0,0,1,1.31299523281632,0,3,3,101,1,0,0,64,37,2,5.307742307079025,0,1.578125,0.10714285714285714,0.256,0.3399142857142857,0,0,0,0,0,0,0,0.0,0.0,0,0,0,0,0,0,0,0,0,0,0,0,0,0,0,0,0,1,15,0,0,0,0,,,0,0,0,0,0,0,0,0,0,0,0,0,,,,0,0,0,0,0,0,0,,0,0,0,0,0,16.8,19.8
00-0040736,M.Taylor,Mason Taylor,TE,TE,"https://static.www.nfl.com/image/upload/f_auto,q_auto/league/bk7wjtjt7dpc5qsuil4z",2025,3,REG,NYJ,TB,0,0,0,0,0,0,0,0,0,0,0,0,,,0,,0,0,0,0,0,0,,0,4,6,18,0,0,0,17,13,2,-1.6533359238960665,0,1.0588235294117647,0.17142857142857143,0.10559006211180125,0.331055900621118,0,0,0,0,0,0,0,0.0,0.0,0,0,0,0,0,0,0,0,0,0,0,0,0,0,0,0,0,0,0,0,0,0,0,,,0,0,0,0,0,0,0,0,0,0,0,0,,,,0,0,0,0,0,0,0,,0,0,0,0,0,1.8,5.8
00-0040738,D.Knight,Demetrius Knight Jr.,LB,LB,"https://static.www.nfl.com/image/upload/f_auto,q_auto/league/j9eequyosorm1p9zc5gx",2025,3,REG,CIN,MIN,0,0,0,0,0,0,0,0,0,0,0,0,,,0,,0,0,0,0,0,0,,0,0,0,0,0,0,0,0,0,0,,0,,0.0,0.0,0.0,0,3,0,3,0,0,0,0.0,0.0,0,0,0,0,0,0,0,0,0,0,0,0,0,0,0,0,0,0,0,0,0,0,0,,,0,0,0,0,0,0,0,0,0,0,0,0,,,,0,0,0,0,0,0,0,,0,0,0,0,0,0.0,0.0
00-0040739,E.Arroyo,Elijah Arroyo,TE,TE,"https://static.www.nfl.com/image/upload/f_auto,q_auto/league/dwlyrxi2yxowfj4abtoa",2025,3,REG,SEA,NO,0,0,0,0,0,0,0,0,0,0,0,0,,,0,,0,0,0,0,0,0,,0,0,1,0,0,0,0,10,0,0,-0.6725132019491866,0,0.0,0.05,0.06134969325153374,0.11794478527607363,0,0,0,0,0,0,0,0.0,0.0,0,0,0,0,0,0,0,0,0,0,0,0,0,1,5,0,0,0,0,0,0,0,0,,,0,0,0,0,0,0,0,0,0,0,0,0,,,,0,0,0,0,0,0,0,,0,0,0,0,0,0.0,0.0
00-0040742,J.Savaiinaea,Jonah Savaiinaea,OT,OL,"https://static.www.nfl.com/image/upload/f_auto,q_auto/league/kglg4js9nthq1wg9rn5y",2025,3,REG,MIA,BUF,0,0,0,0,0,0,0,0,0,0,0,0,,,0,,0,0,0,0,0,0,,0,0,0,0,0,0,0,0,0,0,,0,,0.0,0.0,0.0,0,0,0,0,0,0,0,0.0,0.0,0,0,0,0,0,0,0,0,0,0,0,0,0,1,5,0,0,0,0,0,0,0,0,,,0,0,0,0,0,0,0,0,0,0,0,0,,,,0,0,0,0,0,0,0,,0,0,0,0,0,0.0,0.0
00-0040743,T.Shough,Tyler Shough,QB,QB,"https://static.www.nfl.com/image/upload/f_auto,q_auto/league/wsrkib8qgwtb2t2ugaru",2025,3,REG,NO,SEA,0,2,0,0,0,0,0,0,0,33,0,0,-1.774221153347753,-52.12000757455826,0,0.0,0,0,0,0,0,0,,0,0,0,0,0,0,0,0,0,0,,0,,0.0,0.0,0.0,0,0,0,0,0,0,0,0.0,0.0,0,0,0,0,0,0,0,0,0,0,0,0,0,0,0,0,0,0,0,0,0,0,0,,,0,0,0,0,0,0,0,0,0,0,0,0,,,,0,0,0,0,0,0,0,,0,0,0,0,0,0.0,0.0
00-0040745,A.Ersery,Aireontae Ersery,OT,OL,"https://static.www.nfl.com/image/upload/f_auto,q_auto/league/nvdycakgyrk5nllug02b",2025,3,REG,HOU,JAX,0,0,0,0,0,0,0,0,0,0,0,0,,,0,,0,0,0,0,0,0,,0,0,0,0,0,0,0,0,0,0,,0,,0.0,0.0,0.0,0,0,0,0,0,0,0,0.0,0.0,0,0,0,0,0,0,0,0,0,0,0,0,0,2,25,0,0,0,0,0,0,0,0,,,0,0,0,0,0,0,0,0,0,0,0,0,,,,0,0,0,0,0,0,0,,0,0,0,0,0,0.0,0.0
00-0040746,N.Scourton,Nic Scourton,LB,LB,"https://static.www.nfl.com/image/upload/f_auto,q_auto/league/iyf5alwnsqxygvayiom5",2025,3,REG,CAR,ATL,0,0,0,0,0,0,0,0,0,0,0,0,,,0,,0,0,0,0,0,0,,0,0,0,0,0,0,0,0,0,0,,0,,0.0,0.0,0.0,0,0,0,1,0,0,0,0.0,0.0,0,0,0,1,0,0,0,0,0,0,0,0,0,0,0,0,0,0,0,0,0,0,0,,,0,0,0,0,0,0,0,0,0,0,0,0,,,,0,0,0,0,0,0,0,,0,0,0,0,0,0.0,0.0
00-0040747,B.Morrison,Benjamin Morrison,CB,DB,"https://static.www.nfl.com/image/upload/f_auto,q_auto/league/beby7ndkduvgasydudha",2025,3,REG,TB,NYJ,0,0,0,0,0,0,0,0,0,0,0,0,,,0,,0,0,0,0,0,0,,0,0,0,0,0,0,0,0,0,0,,0,,0.0,0.0,0.0,0,2,0,0,1,4,0,0.0,0.0,0,0,0,0,0,0,0,0,0,0,0,0,0,0,0,0,0,0,0,0,0,0,0,,,0,0,0,0,0,0,0,0,0,0,0,0,,,,0,0,0,0,0,0,0,,0,0,0,0,0,0.0,0.0
00-0040748,O.Norman-Lott,Omarr Norman-Lott,DT,DL,"https://static.www.nfl.com/image/upload/f_auto,q_auto/league/jp69jatihj5oqc37g9gv",2025,3,REG,KC,NYG,0,0,0,0,0,0,0,0,0,0,0,0,,,0,,0,0,0,0,0,0,,0,0,0,0,0,0,0,0,0,0,,0,,0.0,0.0,0.0,0,2,0,1,0,0,0,0.0,0.0,0,0,0,0,0,0,0,0,0,0,0,0,0,0,0,0,0,0,0,0,0,0,0,,,0,0,0,0,0,0,0,0,0,0,0,0,,,,0,0,0,0,0,0,0,,0,0,0,0,0,0.0,0.0
00-0040749,A.Mukuba,Andrew Mukuba,SAF,DB,"https://static.www.nfl.com/image/upload/f_auto,q_auto/league/uis1nibeesqlsasmw2km",2025,3,REG,PHI,LA,0,0,0,0,0,0,0,0,0,0,0,0,,,0,,0,0,0,0,0,0,,0,0,0,0,0,0,0,0,0,0,,0,,0.0,0.0,0.0,0,0,0,3,0,0,0,0.0,0.0,0,0,0,0,0,0,0,0,0,0,0,0,0,0,0,0,0,0,0,0,0,0,0,,,0,0,0,0,0,0,0,0,0,0,0,0,,,,0,0,0,0,0,0,0,,0,0,0,0,0,0.0,0.0
00-0040752,O.Oladejo,Oluwafemi Oladejo,LB,LB,"https://static.www.nfl.com/image/upload/f_auto,q_auto/league/xux3tjanbookjm0wmalz",2025,3,REG,TEN,IND,0,0,0,0,0,0,0,0,0,0,0,0,,,0,,0,0,0,0,0,0,,0,0,0,0,0,0,0,0,0,0,,0,,0.0,0.0,0.0,0,1,0,1,0,0,0,0.0,0.0,0,0,0,0,0,0,0,0,0,0,0,0,0,0,0,0,0,0,0,0,0,0,0,,,0,0,0,0,0,0,0,0,0,0,0,0,,,,0,0,0,0,0,0,0,,0,0,0,0,0,0.0,0.0
00-0040782,I.Bond,Isaiah Bond,WR,WR,"https://static.www.nfl.com/image/upload/f_auto,q_auto/league/piv889pkizjvgrtpfkxm",2025,3,REG,CLE,GB,0,0,0,0,0,0,0,0,0,0,0,0,,,0,,0,0,0,0,0,0,,0,2,4,16,0,0,0,66,2,0,-2.67956817522645,0,0.24242424242424243,0.12121212121212122,0.25984251968503935,0.36370794559770936,0,0,0,0,0,0,0,0.0,0.0,0,0,0,0,0,0,0,0,0,0,0,0,0,0,0,0,0,0,0,0,0,0,0,,,0,0,0,0,0,0,0,0,0,0,0,0,,,,0,0,0,0,0,0,0,,0,0,0,0,0,1.6,3.6
00-0040784,Q.Judkins,Quinshon Judkins,RB,RB,"https://static.www.nfl.com/image/upload/f_auto,q_auto/league/ojtce2im0wp2ltyel0vc",2025,3,REG,CLE,GB,0,0,0,0,0,0,0,0,0,0,0,0,,,0,,18,94,1,0,0,5,2.0624835095222807,0,1,2,1,0,0,0,7,0,0,-1.0077456524595618,0,0.14285714285714285,0.06060606060606061,0.027559055118110236,0.11020042949176807,0,0,0,0,0,0,0,0.0,0.0,0,0,0,0,0,0,0,0,0,0,0,0,0,0,0,0,0,0,0,0,0,0,0,,,0,0,0,0,0,0,0,0,0,0,0,0,,,,0,0,0,0,0,0,0,,0,0,0,0,0,15.5,16.5
,,,,,,2025,3,REG,MIA,BUF,0,0,0,0,0,0,0,0,0,0,0,0,,,0,,0,0,0,0,0,0,,0,0,0,0,0,0,0,0,0,0,,0,,0.0,0.0,0.0,0,0,0,0,0,0,0,0.0,0.0,0,0,0,0,0,0,1,0,0,0,0,0,0,12,72,0,0,0,0,0,0,0,0,,,0,0,0,0,0,0,0,0,0,0,0,0,,,,0,0,0,0,0,0,0,,0,0,0,0,0,0.0,0.0
